case,kind,gamma0,h_fd,is_paper_h,delta_gamma,rel_remainder
time_alpha0_0.78,time,0.78,0.05,1,0.004,6.140489323843966e-05
time_alpha0_0.78,time,0.78,0.05,1,0.00529,0.00010022243190648795
time_alpha0_0.78,time,0.78,0.05,1,0.006995,0.00016573469984912373
time_alpha0_0.78,time,0.78,0.05,1,0.00925,0.00027715363523130574
time_alpha0_0.78,time,0.78,0.05,1,0.012232,0.0004676770821597806
time_alpha0_0.78,time,0.78,0.05,1,0.016175,0.0007946624958001295
time_alpha0_0.78,time,0.78,0.05,1,0.021389,0.0013574069071689925
time_alpha0_0.78,time,0.78,0.05,1,0.028284,0.002327432265757737
time_alpha0_0.78,time,0.78,0.05,1,0.037402,0.004000289114991265
time_alpha0_0.78,time,0.78,0.05,1,0.04946,0.006883626823326555
time_alpha0_0.78,time,0.78,0.05,1,0.065405,0.011844664986439503
time_alpha0_0.78,time,0.78,0.05,1,0.08649,0.0203555179831618
time_alpha0_0.78,time,0.78,0.05,1,0.114372,0.03489207139859109
time_alpha0_0.78,time,0.78,0.05,1,0.151243,0.05956788790107014
time_alpha0_0.78,time,0.78,0.05,1,0.2,0.10110251949318089
time_alpha0_0.78,time,0.78,0.005,0,0.004,4.50310624300362e-05
time_alpha0_0.78,time,0.78,0.005,0,0.00529,7.863342022123382e-05
time_alpha0_0.78,time,0.78,0.005,0,0.006995,0.00013726307526988897
time_alpha0_0.78,time,0.78,0.005,0,0.00925,0.00023958899239556088
time_alpha0_0.78,time,0.78,0.005,0,0.012232,0.0004180989225498688
time_alpha0_0.78,time,0.78,0.005,0,0.016175,0.0007292121378198455
time_alpha0_0.78,time,0.78,0.005,0,0.021389,0.0012709858652839956
time_alpha0_0.78,time,0.78,0.005,0,0.028284,0.002213306451937333
time_alpha0_0.78,time,0.78,0.005,0,0.037402,0.003849569936407345
time_alpha0_0.78,time,0.78,0.005,0,0.04946,0.006684589396521088
time_alpha0_0.78,time,0.78,0.005,0,0.065405,0.011581861899655814
time_alpha0_0.78,time,0.78,0.005,0,0.08649,0.020008618415868814
time_alpha0_0.78,time,0.78,0.005,0,0.114372,0.03443436142445336
time_alpha0_0.78,time,0.78,0.005,0,0.151243,0.058964341812856536
time_alpha0_0.78,time,0.78,0.005,0,0.2,0.10030736345486262
time_alpha0_0.60,time,0.6,0.05,1,0.004,5.425469639042872e-05
time_alpha0_0.60,time,0.6,0.05,1,0.005445,9.347332025885262e-05
time_alpha0_0.60,time,0.6,0.05,1,0.007412,0.00016357473703479384
time_alpha0_0.60,time,0.6,0.05,1,0.010089,0.00028983183097696947
time_alpha0_0.60,time,0.6,0.05,1,0.013734,0.0005186648874543733
time_alpha0_0.60,time,0.6,0.05,1,0.018695,0.0009349357376141403
time_alpha0_0.60,time,0.6,0.05,1,0.025448,0.0016941333550600875
time_alpha0_0.60,time,0.6,0.05,1,0.034641,0.0030803406149089406
time_alpha0_0.60,time,0.6,0.05,1,0.047155,0.005610566344854613
time_alpha0_0.60,time,0.6,0.05,1,0.064188,0.010220622933947288
time_alpha0_0.60,time,0.6,0.05,1,0.087375,0.01859387718621276
time_alpha0_0.60,time,0.6,0.05,1,0.118938,0.033723602400433914
time_alpha0_0.60,time,0.6,0.05,1,0.161903,0.0608579500775532
time_alpha0_0.60,time,0.6,0.05,1,0.220388,0.1090130415309204
time_alpha0_0.60,time,0.6,0.05,1,0.3,0.19325327628205166
time_alpha0_0.60,time,0.6,0.005,0,0.004,4.0280351234878104e-05
time_alpha0_0.60,time,0.6,0.005,0,0.005445,7.450207992056446e-05
time_alpha0_0.60,time,0.6,0.005,0,0.007412,0.00013780996201565339
time_alpha0_0.60,time,0.6,0.005,0,0.010089,0.00025482955768779464
time_alpha0_0.60,time,0.6,0.005,0,0.013734,0.0004710940105604715
time_alpha0_0.60,time,0.6,0.005,0,0.018695,0.0008702706432340674
time_alpha0_0.60,time,0.6,0.005,0,0.025448,0.001606217371118278
time_alpha0_0.60,time,0.6,0.005,0,0.034641,0.002960802977800944
time_alpha0_0.60,time,0.6,0.005,0,0.047155,0.005448037218802987
time_alpha0_0.60,time,0.6,0.005,0,0.064188,0.009999675146153306
time_alpha0_0.60,time,0.6,0.005,0,0.087375,0.018293585356057417
time_alpha0_0.60,time,0.6,0.005,0,0.118938,0.03331564249822513
time_alpha0_0.60,time,0.6,0.005,0,0.161903,0.06030406074519336
time_alpha0_0.60,time,0.6,0.005,0,0.220388,0.10826169987940651
time_alpha0_0.60,time,0.6,0.005,0,0.3,0.1922353947550638
space_beta0_1.80,space,1.8,0.02,1,0.004,5.4784500099937044e-05
space_beta0_1.80,space,1.8,0.02,1,0.00525,9.28475416881285e-05
space_beta0_1.80,space,1.8,0.02,1,0.00689,0.00015784558945886962
space_beta0_1.80,space,1.8,0.02,1,0.009043,0.0002690583872906231
space_beta0_1.80,space,1.8,0.02,1,0.011869,0.0004594109612823802
space_beta0_1.80,space,1.8,0.02,1,0.015577,0.0007851319432719844
space_beta0_1.80,space,1.8,0.02,1,0.020445,0.0013426488706260345
space_beta0_1.80,space,1.8,0.02,1,0.026833,0.002295709943525849
space_beta0_1.80,space,1.8,0.02,1,0.035217,0.00392299665608855
space_beta0_1.80,space,1.8,0.02,1,0.046221,0.006696021707475756
space_beta0_1.80,space,1.8,0.02,1,0.060663,0.011408143286892724
space_beta0_1.80,space,1.8,0.02,1,0.079618,0.019385519752703417
space_beta0_1.80,space,1.8,0.02,1,0.104496,0.032823261630393605
space_beta0_1.80,space,1.8,0.02,1,0.137147,0.05530953501976458
space_beta0_1.80,space,1.8,0.02,1,0.18,0.0926151517582181
space_beta0_1.80,space,1.8,0.002,0,0.004,5.131792168099872e-05
space_beta0_1.80,space,1.8,0.002,0,0.00525,8.83101828721768e-05
space_beta0_1.80,space,1.8,0.002,0,0.00689,0.00015190452133291373
space_beta0_1.80,space,1.8,0.002,0,0.009043,0.0002612769380232023
space_beta0_1.80,space,1.8,0.002,0,0.011869,0.00044921652857835486
space_beta0_1.80,space,1.8,0.002,0,0.015577,0.0007717766294653975
space_beta0_1.80,space,1.8,0.002,0,0.020445,0.0013251526812295712
space_beta0_1.80,space,1.8,0.002,0,0.026833,0.002272794924840486
space_beta0_1.80,space,1.8,0.002,0,0.035217,0.003892995438738537
space_beta0_1.80,space,1.8,0.002,0,0.046221,0.006656764406246821
space_beta0_1.80,space,1.8,0.002,0,0.060663,0.011356815097252443
space_beta0_1.80,space,1.8,0.002,0,0.079618,0.019318481915035466
space_beta0_1.80,space,1.8,0.002,0,0.104496,0.03273583616399923
space_beta0_1.80,space,1.8,0.002,0,0.137147,0.05519575205315897
space_beta0_1.80,space,1.8,0.002,0,0.18,0.0924674689560306
space_beta0_1.50,space,1.5,0.02,1,0.004,5.581956191146116e-05
space_beta0_1.50,space,1.5,0.02,1,0.005445,0.00010162504236138121
space_beta0_1.50,space,1.5,0.02,1,0.007412,0.00018574614388259232
space_beta0_1.50,space,1.5,0.02,1,0.010089,0.0003403425861332548
space_beta0_1.50,space,1.5,0.02,1,0.013734,0.0006248661142377366
space_beta0_1.50,space,1.5,0.02,1,0.018695,0.0011482357973729954
space_beta0_1.50,space,1.5,0.02,1,0.025448,0.0021102687067860184
space_beta0_1.50,space,1.5,0.02,1,0.034641,0.003876107899845672
space_beta0_1.50,space,1.5,0.02,1,0.047155,0.007109266729031237
space_beta0_1.50,space,1.5,0.02,1,0.064188,0.013007392533767858
space_beta0_1.50,space,1.5,0.02,1,0.087375,0.023714672449204156
space_beta0_1.50,space,1.5,0.02,1,0.118938,0.04301756734616624
space_beta0_1.50,space,1.5,0.02,1,0.161903,0.07749013965025749
space_beta0_1.50,space,1.5,0.02,1,0.220388,0.13827373652453892
space_beta0_1.50,space,1.5,0.02,1,0.3,0.24363886763883952
space_beta0_1.50,space,1.5,0.002,0,0.004,5.236581738434818e-05
space_beta0_1.50,space,1.5,0.002,0,0.005445,9.693442784875945e-05
space_beta0_1.50,space,1.5,0.002,0,0.007412,0.00017937334702125215
space_beta0_1.50,space,1.5,0.002,0,0.010089,0.0003316814026999782
space_beta0_1.50,space,1.5,0.002,0,0.013734,0.0006130935045854773
space_beta0_1.50,space,1.5,0.002,0,0.018695,0.0011322348834181763
space_beta0_1.50,space,1.5,0.002,0,0.025448,0.002088524406893529
space_beta0_1.50,space,1.5,0.002,0,0.034641,0.003846567444514664
space_beta0_1.50,space,1.5,0.002,0,0.047155,0.007069155358292354
space_beta0_1.50,space,1.5,0.002,0,0.064188,0.012952970286216553
space_beta0_1.50,space,1.5,0.002,0,0.087375,0.023640912703215576
space_beta0_1.50,space,1.5,0.002,0,0.118938,0.042917752271296766
space_beta0_1.50,space,1.5,0.002,0,0.161903,0.07735535449483873
space_beta0_1.50,space,1.5,0.002,0,0.220388,0.13809227280183436
space_beta0_1.50,space,1.5,0.002,0,0.3,0.24339556849315933
