n_quad,rel_err_time_Dt,rel_err_space_Dx
3,0.002556714321345555,0.03781346891373115
4,0.0003793456004440904,0.018864484550848326
5,5.2179737355463555e-05,0.006325796827100658
6,9.638697084314357e-06,0.001904274228640876
8,3.1822907450910236e-07,0.00026778750718939716
10,2.0386628014632332e-07,2.9474253781881072e-05
15,1.7800672678559796e-07,2.470151115468397e-07
20,1.591046399214427e-07,1.9234025671639624e-07
30,1.4648433213031646e-07,1.765159011602468e-07
40,1.3590833659353979e-07,1.6478439569447575e-07
