case,kind,gamma0,h_fd,is_paper_h,rel_err_vs_richardson
time_alpha0_0.78,time,0.78,1e-05,0,0.005417577026580182
time_alpha0_0.78,time,0.78,2.308e-05,0,0.002588657574328437
time_alpha0_0.78,time,0.78,5.327e-05,0,0.001158682642557878
time_alpha0_0.78,time,0.78,0.00012295,0,0.0005195431219144842
time_alpha0_0.78,time,0.78,0.00028376,0,0.00023142897214532463
time_alpha0_0.78,time,0.78,0.00065493,0,9.83025301035232e-05
time_alpha0_0.78,time,0.78,0.0015116,0,4.30976396989678e-05
time_alpha0_0.78,time,0.78,0.00348881,0,2.0536437988924834e-05
time_alpha0_0.78,time,0.78,0.00805224,0,4.4168890403600834e-05
time_alpha0_0.78,time,0.78,0.01858472,0,0.0002298275233641602
time_alpha0_0.78,time,0.78,0.04289391,0,0.001223686967406055
time_alpha0_0.78,time,0.78,0.099,0,0.00652212699037985
space_beta0_1.80,space,1.8,1e-05,0,0.006463321678388593
space_beta0_1.80,space,1.8,2.288e-05,0,0.0028856663493420035
space_beta0_1.80,space,1.8,5.235e-05,0,0.0012741260258157855
space_beta0_1.80,space,1.8,0.00011979,0,0.0005761438152888256
space_beta0_1.80,space,1.8,0.0002741,0,0.0002507785646955677
space_beta0_1.80,space,1.8,0.00062717,0,0.0001103095389186051
space_beta0_1.80,space,1.8,0.00143503,0,4.944471728425213e-05
space_beta0_1.80,space,1.8,0.00328349,0,2.5614661439779697e-05
space_beta0_1.80,space,1.8,0.00751299,0,5.753087862659518e-05
space_beta0_1.80,space,1.8,0.01719053,0,0.0002958839456687506
space_beta0_1.80,space,1.8,0.0393338,0,0.0015479158862213899
space_beta0_1.80,space,1.8,0.09,0,0.008108924627899913
