noise,paper_example,variant,status,support_correct,support_reason,equation,support,alpha,beta,coef_hx,coef_dbeta,true_alpha,true_beta,alpha_relative_error,beta_relative_error,coef_hx_relative_error,coef_dbeta_relative_error,refit_mode,physical_refit,order_update_mode,iter_selection_mode,iteration_count,iteration_converged,iteration_stop_reason,iteration_final_index,iteration_best_objective_index,iteration_selected_index,selected_by,mse,objective,sparsity_lamb,d_tol,fit_window_config,max_abs_raw_delta_alpha,max_abs_raw_delta_beta,max_abs_used_delta_alpha,max_abs_used_delta_beta,runtime_seconds,report_path,command,coefficients,first_trace_row,last_trace_row,trace,returncode,stdout_tail,stderr_tail
clean,tsfade_clean,bounded,ok,True,support is exactly Hx plus one spatial fractional term,D_t^0.76974966 H = -1.038*Hx + 0.3578 D_x^1.704621 H,"[""Hx"", ""D_x^1.704621 H""]",0.76974965813713,1.7046206170749698,-1.038091711,0.3578491785,0.78,1.83,0.013141463926756402,0.06851332400274877,0.038091711000000084,0.28430164300000005,none,False,iterative,best_objective,4.0,False,objective_not_decreased,3.0,2.0,2.0,minimum_valid_iterative_augmented_objective,0.00014585286784812125,106.54746180034903,0.001,0.005,"(4.0, 26.0, 3.0, 14.0)",0.459229,0.78344868,0.25,0.15,3.2617586,D:\OneDrive - HHU\ML codes\DL-PDE\Linear_fractional\results\tsfade_fft_tsfade_retrained_alpha078_beta183_clean_gj_hybrid_taylor_result.txt,D:\Miniconda\envs\sr\python.exe main.py --paper-example tsfade_clean --refit-mode none --iter-selection-mode best_objective,"{""D_x^1.704621 H"": 0.3578491785, ""Hx"": -1.038091711}","{""active_count_for_loss"": ""7"", ""active_lamb_sum"": ""0.007"", ""alpha0"": ""0.99"", ""alpha_next"": ""0.79"", ""beta0"": ""2"", ""beta_next"": ""2"", ""complexity_penalty"": ""186.92537"", ""condition"": ""26703.625"", ""delta_alpha"": ""-0.25"", ""delta_alpha_raw"": ""-0.459229"", ""delta_beta"": ""0"", ""delta_beta_raw"": ""0.46647932"", ""delta_beta_used"": ""0"", ""iter"": ""0"", ""mse"": ""0.00024356183"", ""objective"": ""187.60432"", ""physical_refit_condition_penalty"": ""186.92537"", ""raw_mse"": ""0.00024356183"", ""regularized_objective"": ""187.60432"", ""status"": ""estimated"", ""support"": ""Hx+D_x^2 H+Hxxx+H*Hxx+H^2*Hxx"", ""tolerance"": ""0.018636364"", ""validation_residual_norm"": ""0.67895267""}","{""active_count_for_loss"": ""4"", ""active_lamb_sum"": ""0.004"", ""alpha0"": ""0.76974966"", ""alpha_next"": ""0.77666472"", ""beta0"": ""1.7046206"", ""beta_next"": ""1.7974094"", ""complexity_penalty"": ""111.28446"", ""condition"": ""27821.115"", ""delta_alpha"": ""0.0069150631"", ""delta_alpha_raw"": ""0.0069150631"", ""delta_beta"": ""0.092788828"", ""delta_beta_raw"": ""0.092788828"", ""delta_beta_used"": ""0.092788828"", ""iter"": ""3"", ""mse"": ""0.0001461638"", ""objective"": ""111.79926"", ""physical_refit_condition_penalty"": ""111.28446"", ""raw_mse"": ""0.0001461638"", ""regularized_objective"": ""111.79926"", ""status"": ""estimated"", ""support"": ""Hx+D_x^1.797409 H"", ""tolerance"": ""0.025166667"", ""validation_residual_norm"": ""0.51479481""}","[{""active_count_for_loss"": ""7"", ""active_lamb_sum"": ""0.007"", ""alpha0"": ""0.99"", ""alpha_next"": ""0.79"", ""beta0"": ""2"", ""beta_next"": ""2"", ""complexity_penalty"": ""186.92537"", ""condition"": ""26703.625"", ""delta_alpha"": ""-0.25"", ""delta_alpha_raw"": ""-0.459229"", ""delta_beta"": ""0"", ""delta_beta_raw"": ""0.46647932"", ""delta_beta_used"": ""0"", ""iter"": ""0"", ""mse"": ""0.00024356183"", ""objective"": ""187.60432"", ""physical_refit_condition_penalty"": ""186.92537"", ""raw_mse"": ""0.00024356183"", ""regularized_objective"": ""187.60432"", ""status"": ""estimated"", ""support"": ""Hx+D_x^2 H+Hxxx+H*Hxx+H^2*Hxx"", ""tolerance"": ""0.018636364"", ""validation_residual_norm"": ""0.67895267""}, {""active_count_for_loss"": ""4"", ""active_lamb_sum"": ""0.004"", ""alpha0"": ""0.79"", ""alpha_next"": ""0.76644397"", ""beta0"": ""2"", ""beta_next"": ""1.85"", ""complexity_penalty"": ""106.81637"", ""condition"": ""26704.093"", ""delta_alpha"": ""-0.023556035"", ""delta_alpha_raw"": ""-0.023556035"", ""delta_beta"": ""-0.15"", ""delta_beta_raw"": ""-0.78344868"", ""delta_beta_used"": ""-0.15"", ""iter"": ""1"", ""mse"": ""0.00011692536"", ""objective"": ""107.28742"", ""physical_refit_condition_penalty"": ""106.81637"", ""raw_mse"": ""0.00011692536"", ""regularized_objective"": ""107.28742"", ""status"": ""estimated"", ""support"": ""Hx+D_x^1.85 H"", ""tolerance"": ""0.125"", ""validation_residual_norm"": ""0.47104318""}, {""active_count_for_loss"": ""4"", ""active_lamb_sum"": ""0.004"", ""alpha0"": ""0.76644397"", ""alpha_next"": ""0.76974966"", ""beta0"": ""1.85"", ""beta_next"": ""1.7046206"", ""complexity_penalty"": ""106.03306"", ""condition"": ""26508.266"", ""delta_alpha"": ""0.003305693"", ""delta_alpha_raw"": ""0.003305693"", ""delta_beta"": ""-0.14537938"", ""delta_beta_raw"": ""-0.14537938"", ""delta_beta_used"": ""-0.14537938"", ""iter"": ""2"", ""mse"": ""0.00014585287"", ""objective"": ""106.54746"", ""physical_refit_condition_penalty"": ""106.03306"", ""raw_mse"": ""0.00014585287"", ""regularized_objective"": ""106.54746"", ""status"": ""estimated"", ""support"": ""Hx+D_x^1.704621 H"", ""tolerance"": ""0.125"", ""validation_residual_norm"": ""0.51439875""}, {""active_count_for_loss"": ""4"", ""active_lamb_sum"": ""0.004"", ""alpha0"": ""0.76974966"", ""alpha_next"": ""0.77666472"", ""beta0"": ""1.7046206"", ""beta_next"": ""1.7974094"", ""complexity_penalty"": ""111.28446"", ""condition"": ""27821.115"", ""delta_alpha"": ""0.0069150631"", ""delta_alpha_raw"": ""0.0069150631"", ""delta_beta"": ""0.092788828"", ""delta_beta_raw"": ""0.092788828"", ""delta_beta_used"": ""0.092788828"", ""iter"": ""3"", ""mse"": ""0.0001461638"", ""objective"": ""111.79926"", ""physical_refit_condition_penalty"": ""111.28446"", ""raw_mse"": ""0.0001461638"", ""regularized_objective"": ""111.79926"", ""status"": ""estimated"", ""support"": ""Hx+D_x^1.797409 H"", ""tolerance"": ""0.025166667"", ""validation_residual_norm"": ""0.51479481""}]",0,"example: tsfade_retrained_alpha078_beta183_clean
checkpoint: D:\OneDrive - HHU\ML codes\DL-PDE\Linear_fractional\data\models\tsfade_retrained_alpha078_beta183_tanh\draft-2000-0\best.pkl
candidate equation: D_t^0.76974966 H = -1.038*Hx + 0.3578 D_x^1.704621 H
center orders: alpha0 = 0.76644397, beta0 = 1.85
order update: mode=iterative, iterations=4, converged=False, stop=objective_not_decreased, selected=2
alpha = 0.76974966, beta = 1.7046206 (status=estimated)
detailed report: D:\OneDrive - HHU\ML codes\DL-PDE\Linear_fractional\results\tsfade_fft_tsfade_retrained_alpha078_beta183_clean_gj_hybrid_taylor_result.txt",
clean,tsfade_clean,unbounded,ok,True,support is exactly Hx plus one spatial fractional term,D_t^0.77378009 H = -1.019*Hx + 0.4122 D_x^1.784886 H,"[""Hx"", ""D_x^1.784886 H""]",0.7737800917222967,1.7848863340460386,-1.018550996,0.4122261576,0.78,1.83,0.007974241381670969,0.024652276477574585,0.018550996000000097,0.17554768480000005,none,False,iterative,final,8.0,False,max_iterations,7.0,1.0,7.0,final_iterative_update,0.00015046551300076976,109.2166385094503,0.001,0.005,"(4.0, 26.0, 3.0, 14.0)",0.459229,1.8862519,0.459229,0.5,4.9720903,D:\OneDrive - HHU\ML codes\DL-PDE\Linear_fractional\results\tsfade_fft_tsfade_retrained_alpha078_beta183_clean_gj_hybrid_taylor_result.txt,D:\Miniconda\envs\sr\python.exe main.py --paper-example tsfade_clean --refit-mode none --iter-selection-mode final --iter-allow-nondecreasing-objective --iter-delta-alpha-min -10 --iter-delta-alpha-max 10 --iter-delta-beta-min -10 --iter-delta-beta-max 10 --iter-max-step-alpha 10 --iter-max-step-beta 10 --iter-order-tol 0,"{""D_x^1.784886 H"": 0.4122261576, ""Hx"": -1.018550996}","{""active_count_for_loss"": ""7"", ""active_lamb_sum"": ""0.007"", ""alpha0"": ""0.99"", ""alpha_next"": ""0.530771"", ""beta0"": ""2"", ""beta_next"": ""2"", ""complexity_penalty"": ""186.92537"", ""condition"": ""26703.625"", ""delta_alpha"": ""-0.459229"", ""delta_alpha_raw"": ""-0.459229"", ""delta_beta"": ""0"", ""delta_beta_raw"": ""0.46647932"", ""delta_beta_used"": ""0"", ""iter"": ""0"", ""mse"": ""0.00024356183"", ""objective"": ""187.60432"", ""physical_refit_condition_penalty"": ""186.92537"", ""raw_mse"": ""0.00024356183"", ""regularized_objective"": ""187.60432"", ""status"": ""estimated"", ""support"": ""Hx+D_x^2 H+Hxxx+H*Hxx+H^2*Hxx"", ""tolerance"": ""0.018636364"", ""validation_residual_norm"": ""0.67895267""}","{""active_count_for_loss"": ""4"", ""active_lamb_sum"": ""0.004"", ""alpha0"": ""0.7734679"", ""alpha_next"": ""0.77378009"", ""beta0"": ""1.7812589"", ""beta_next"": ""1.7848863"", ""complexity_penalty"": ""108.69547"", ""condition"": ""27173.867"", ""delta_alpha"": ""0.00031219594"", ""delta_alpha_raw"": ""0.00031219594"", ""delta_beta"": ""0.0036273972"", ""delta_beta_raw"": ""0.0036273972"", ""delta_beta_used"": ""0.0036273972"", ""iter"": ""7"", ""mse"": ""0.00015046551"", ""objective"": ""109.21664"", ""physical_refit_condition_penalty"": ""108.69547"", ""raw_mse"": ""0.00015046551"", ""regularized_objective"": ""109.21664"", ""status"": ""estimated"", ""support"": ""Hx+D_x^1.784886 H"", ""tolerance"": ""0.125"", ""validation_residual_norm"": ""0.52117231""}","[{""active_count_for_loss"": ""7"", ""active_lamb_sum"": ""0.007"", ""alpha0"": ""0.99"", ""alpha_next"": ""0.530771"", ""beta0"": ""2"", ""beta_next"": ""2"", ""complexity_penalty"": ""186.92537"", ""condition"": ""26703.625"", ""delta_alpha"": ""-0.459229"", ""delta_alpha_raw"": ""-0.459229"", ""delta_beta"": ""0"", ""delta_beta_raw"": ""0.46647932"", ""delta_beta_used"": ""0"", ""iter"": ""0"", ""mse"": ""0.00024356183"", ""objective"": ""187.60432"", ""physical_refit_condition_penalty"": ""186.92537"", ""raw_mse"": ""0.00024356183"", ""regularized_objective"": ""187.60432"", ""status"": ""estimated"", ""support"": ""Hx+D_x^2 H+Hxxx+H*Hxx+H^2*Hxx"", ""tolerance"": ""0.018636364"", ""validation_residual_norm"": ""0.67895267""}, {""active_count_for_loss"": ""4"", ""active_lamb_sum"": ""0.004"", ""alpha0"": ""0.530771"", ""alpha_next"": ""0.68685454"", ""beta0"": ""2"", ""beta_next"": ""1.5"", ""complexity_penalty"": ""106.82778"", ""condition"": ""26706.946"", ""delta_alpha"": ""0.15608354"", ""delta_alpha_raw"": ""0.15608354"", ""delta_beta"": ""-0.5"", ""delta_beta_raw"": ""-1.8862519"", ""delta_beta_used"": ""-0.5"", ""iter"": ""1"", ""mse"": ""0.00018301102"", ""objective"": ""107.42569"", ""physical_refit_condition_penalty"": ""106.82778"", ""raw_mse"": ""0.00018301102"", ""regularized_objective"": ""107.42569"", ""status"": ""estimated"", ""support"": ""Hx+D_x^1.5 H"", ""tolerance"": ""0.125"", ""validation_residual_norm"": ""0.59790811""}, {""active_count_for_loss"": ""4"", ""active_lamb_sum"": ""0.004"", ""alpha0"": ""0.68685454"", ""alpha_next"": ""0.7591044"", ""beta0"": ""1.5"", ""beta_next"": ""1.686546"", ""complexity_penalty"": ""107.74427"", ""condition"": ""26936.068"", ""delta_alpha"": ""0.072249867"", ""delta_alpha_raw"": ""0.072249867"", ""delta_beta"": ""0.18654603"", ""delta_beta_raw"": ""0.18654603"", ""delta_beta_used"": ""0.18654603"", ""iter"": ""2"", ""mse"": ""0.00014057283"", ""objective"": ""108.25332"", ""physical_refit_condition_penalty"": ""107.74427"", ""raw_mse"": ""0.00014057283"", ""regularized_objective"": ""108.25332"", ""status"": ""estimated"", ""support"": ""Hx+D_x^1.686546 H"", ""tolerance"": ""0.039444444"", ""validation_residual_norm"": ""0.5090495""}, {""active_count_for_loss"": ""4"", ""active_lamb_sum"": ""0.004"", ""alpha0"": ""0.7591044"", ""alpha_next"": ""0.77624506"", ""beta0"": ""1.686546"", ""beta_next"": ""1.7930255"", ""complexity_penalty"": ""111.49067"", ""condition"": ""27872.667"", ""delta_alpha"": ""0.017140658"", ""delta_alpha_raw"": ""0.017140658"", ""delta_beta"": ""0.10647946"", ""delta_beta_raw"": ""0.10647946"", ""delta_beta_used"": ""0.10647946"", ""iter"": ""3"", ""mse"": ""0.00014465923"", ""objective"": ""112.00326"", ""physical_refit_condition_penalty"": ""111.49067"", ""raw_mse"": ""0.00014465923"", ""regularized_objective"": ""112.00326"", ""status"": ""estimated"", ""support"": ""Hx+D_x^1.793025 H"", ""tolerance"": ""0.0275"", ""validation_residual_norm"": ""0.51259558""}, {""active_count_for_loss"": ""4"", ""active_lamb_sum"": ""0.004"", ""alpha0"": ""0.77624506"", ""alpha_next"": ""0.77314609"", ""beta0"": ""1.7930255"", ""beta_next"": ""1.7771784"", ""complexity_penalty"": ""108.17789"", ""condition"": ""27044.473"", ""delta_alpha"": ""-0.0030989761"", ""delta_alpha_raw"": ""-0.0030989761"", ""delta_beta"": ""-0.015847101"", ""delta_beta_raw"": ""-0.015847101"", ""delta_beta_used"": ""-0.015847101"", ""iter"": ""4"", ""mse"": ""0.00015038991"", ""objective"": ""108.69896"", ""physical_refit_condition_penalty"": ""108.17789"", ""raw_mse"": ""0.00015038991"", ""regularized_objective"": ""108.69896"", ""status"": ""estimated"", ""support"": ""Hx+D_x^1.777178 H"", ""tolerance"": ""0.125"", ""validation_residual_norm"": ""0.52107083""}, {""active_count_for_loss"": ""4"", ""active_lamb_sum"": ""0.004"", ""alpha0"": ""0.77314609"", ""alpha_next"": ""0.77399048"", ""beta0"": ""1.7771784"", ""beta_next"": ""1.7871291"", ""complexity_penalty"": ""108.87466"", ""condition"": ""27218.666"", ""delta_alpha"": ""0.00084439573"", ""delta_alpha_raw"": ""0.00084439573"", ""delta_beta"": ""0.0099506996"", ""delta_beta_raw"": ""0.0099506996"", ""delta_beta_used"": ""0.0099506996"", ""iter"": ""5"", ""mse"": ""0.00015043259"", ""objective"": ""109.39579"", ""physical_refit_condition_penalty"": ""108.87466"", ""raw_mse"": ""0.00015043259"", ""regularized_objective"": ""109.39579"", ""status"": ""estimated"", ""support"": ""Hx+D_x^1.787129 H"", ""tolerance"": ""0.125"", ""validation_residual_norm"": ""0.52112158""}, {""active_count_for_loss"": ""4"", ""active_lamb_sum"": ""0.004"", ""alpha0"": ""0.77399048"", ""alpha_next"": ""0.7734679"", ""beta0"": ""1.7871291"", ""beta_next"": ""1.7812589"", ""complexity_penalty"": ""108.43703"", ""condition"": ""27109.259"", ""delta_alpha"": ""-0.00052258634"", ""delta_alpha_raw"": ""-0.00052258634"", ""delta_beta"": ""-0.005870148"", ""delta_beta_raw"": ""-0.005870148"", ""delta_beta_used"": ""-0.005870148"", ""iter"": ""6"", ""mse"": ""0.0001504596"", ""objective"": ""108.9582"", ""physical_refit_condition_penalty"": ""108.43703"", ""raw_mse"": ""0.0001504596"", ""regularized_objective"": ""108.9582"", ""status"": ""estimated"", ""support"": ""Hx+D_x^1.781259 H"", ""tolerance"": ""0.125"", ""validation_residual_norm"": ""0.52116732""}, {""active_count_for_loss"": ""4"", ""active_lamb_sum"": ""0.004"", ""alpha0"": ""0.7734679"", ""alpha_next"": ""0.77378009"", ""beta0"": ""1.7812589"", ""beta_next"": ""1.7848863"", ""complexity_penalty"": ""108.69547"", ""condition"": ""27173.867"", ""delta_alpha"": ""0.00031219594"", ""delta_alpha_raw"": ""0.00031219594"", ""delta_beta"": ""0.0036273972"", ""delta_beta_raw"": ""0.0036273972"", ""delta_beta_used"": ""0.0036273972"", ""iter"": ""7"", ""mse"": ""0.00015046551"", ""objective"": ""109.21664"", ""physical_refit_condition_penalty"": ""108.69547"", ""raw_mse"": ""0.00015046551"", ""regularized_objective"": ""109.21664"", ""status"": ""estimated"", ""support"": ""Hx+D_x^1.784886 H"", ""tolerance"": ""0.125"", ""validation_residual_norm"": ""0.52117231""}]",0,"example: tsfade_retrained_alpha078_beta183_clean
checkpoint: D:\OneDrive - HHU\ML codes\DL-PDE\Linear_fractional\data\models\tsfade_retrained_alpha078_beta183_tanh\draft-2000-0\best.pkl
candidate equation: D_t^0.77378009 H = -1.019*Hx + 0.4122 D_x^1.784886 H
center orders: alpha0 = 0.7734679, beta0 = 1.7812589
order update: mode=iterative, iterations=8, converged=False, stop=max_iterations, selected=7
alpha = 0.77378009, beta = 1.7848863 (status=estimated)
detailed report: D:\OneDrive - HHU\ML codes\DL-PDE\Linear_fractional\results\tsfade_fft_tsfade_retrained_alpha078_beta183_clean_gj_hybrid_taylor_result.txt",
5%,tsfade_noise5,bounded,ok,True,support is exactly Hx plus one spatial fractional term,D_t^0.74 H = -1.237*Hx + 0.1882 D_x^1.85 H,"[""Hx"", ""D_x^1.85 H""]",0.74,1.85,-1.236701638,0.1881955039,0.78,1.83,0.05128205128205133,0.010928961748633888,0.236701638,0.6236089922,none,False,iterative,best_objective,2.0,False,objective_not_decreased,1.0,0.0,0.0,minimum_valid_iterative_augmented_objective,0.0011580656153371753,69.11797539260324,0.001,0.005,"(4.0, 26.0, 3.0, 14.0)",0.37976745,1.2554013,0.25,0.15,2.7286777000000004,D:\OneDrive - HHU\ML codes\DL-PDE\Linear_fractional\results\tsfade_fft_tsfade_retrained_alpha078_beta183_noise5_gj_hybrid_taylor_result.txt,D:\Miniconda\envs\sr\python.exe main.py --paper-example tsfade_noise5 --refit-mode none --iter-selection-mode best_objective,"{""D_x^1.85 H"": 0.1881955039, ""Hx"": -1.236701638}","{""active_count_for_loss"": ""4"", ""active_lamb_sum"": ""0.004"", ""alpha0"": ""0.99"", ""alpha_next"": ""0.79"", ""beta0"": ""2"", ""beta_next"": ""1.85"", ""complexity_penalty"": ""67.6069"", ""condition"": ""16901.725"", ""delta_alpha"": ""-0.25"", ""delta_alpha_raw"": ""-0.37976745"", ""delta_beta"": ""-0.15"", ""delta_beta_raw"": ""-1.2554013"", ""delta_beta_used"": ""-0.15"", ""iter"": ""0"", ""mse"": ""0.0011580656"", ""objective"": ""69.117975"", ""physical_refit_condition_penalty"": ""67.6069"", ""raw_mse"": ""0.0011580656"", ""regularized_objective"": ""69.117975"", ""status"": ""estimated"", ""support"": ""Hx+D_x^1.85 H"", ""tolerance"": ""0.093333333"", ""validation_residual_norm"": ""1.5110753""}","{""active_count_for_loss"": ""4"", ""active_lamb_sum"": ""0.004"", ""alpha0"": ""0.79"", ""alpha_next"": ""0.75932306"", ""beta0"": ""1.85"", ""beta_next"": ""1.7"", ""complexity_penalty"": ""68.729928"", ""condition"": ""17182.482"", ""delta_alpha"": ""-0.030676936"", ""delta_alpha_raw"": ""-0.030676936"", ""delta_beta"": ""-0.15"", ""delta_beta_raw"": ""-0.378729"", ""delta_beta_used"": ""-0.15"", ""iter"": ""1"", ""mse"": ""0.0007746156"", ""objective"": ""69.97144"", ""physical_refit_condition_penalty"": ""68.729928"", ""raw_mse"": ""0.0007746156"", ""regularized_objective"": ""69.97144"", ""status"": ""estimated"", ""support"": ""Hx+D_x^1.7 H"", ""tolerance"": ""0.02093703"", ""validation_residual_norm"": ""1.241512""}","[{""active_count_for_loss"": ""4"", ""active_lamb_sum"": ""0.004"", ""alpha0"": ""0.99"", ""alpha_next"": ""0.79"", ""beta0"": ""2"", ""beta_next"": ""1.85"", ""complexity_penalty"": ""67.6069"", ""condition"": ""16901.725"", ""delta_alpha"": ""-0.25"", ""delta_alpha_raw"": ""-0.37976745"", ""delta_beta"": ""-0.15"", ""delta_beta_raw"": ""-1.2554013"", ""delta_beta_used"": ""-0.15"", ""iter"": ""0"", ""mse"": ""0.0011580656"", ""objective"": ""69.117975"", ""physical_refit_condition_penalty"": ""67.6069"", ""raw_mse"": ""0.0011580656"", ""regularized_objective"": ""69.117975"", ""status"": ""estimated"", ""support"": ""Hx+D_x^1.85 H"", ""tolerance"": ""0.093333333"", ""validation_residual_norm"": ""1.5110753""}, {""active_count_for_loss"": ""4"", ""active_lamb_sum"": ""0.004"", ""alpha0"": ""0.79"", ""alpha_next"": ""0.75932306"", ""beta0"": ""1.85"", ""beta_next"": ""1.7"", ""complexity_penalty"": ""68.729928"", ""condition"": ""17182.482"", ""delta_alpha"": ""-0.030676936"", ""delta_alpha_raw"": ""-0.030676936"", ""delta_beta"": ""-0.15"", ""delta_beta_raw"": ""-0.378729"", ""delta_beta_used"": ""-0.15"", ""iter"": ""1"", ""mse"": ""0.0007746156"", ""objective"": ""69.97144"", ""physical_refit_condition_penalty"": ""68.729928"", ""raw_mse"": ""0.0007746156"", ""regularized_objective"": ""69.97144"", ""status"": ""estimated"", ""support"": ""Hx+D_x^1.7 H"", ""tolerance"": ""0.02093703"", ""validation_residual_norm"": ""1.241512""}]",0,"example: tsfade_retrained_alpha078_beta183_noise5
checkpoint: D:\OneDrive - HHU\ML codes\DL-PDE\Linear_fractional\data\models\tsfade_retrained_alpha078_beta183_tanh\draft-2000-5\best.pkl
candidate equation: D_t^0.74 H = -1.237*Hx + 0.1882 D_x^1.85 H
center orders: alpha0 = 0.99, beta0 = 2
order update: mode=iterative, iterations=2, converged=False, stop=objective_not_decreased, selected=0
alpha = 0.74, beta = 1.85 (status=estimated)
detailed report: D:\OneDrive - HHU\ML codes\DL-PDE\Linear_fractional\results\tsfade_fft_tsfade_retrained_alpha078_beta183_noise5_gj_hybrid_taylor_result.txt",
5%,tsfade_noise5,unbounded,ok,True,support is exactly Hx plus one spatial fractional term,D_t^0.76433897 H = -1.05*Hx + 0.3411 D_x^1.714037 H,"[""Hx"", ""D_x^1.714037 H""]",0.7643389672841259,1.7140372019290884,-1.050104559,0.3411246031,0.78,1.83,0.020078247071633533,0.06336764921907743,0.05010455899999999,0.31775079380000004,none,False,iterative,final,8.0,False,max_iterations,7.0,0.0,7.0,final_iterative_update,0.0008927345807611258,70.31587455225747,0.001,0.005,"(4.0, 26.0, 3.0, 14.0)",0.37976745,1.2554013,0.37976745,0.5,5.1807058,D:\OneDrive - HHU\ML codes\DL-PDE\Linear_fractional\results\tsfade_fft_tsfade_retrained_alpha078_beta183_noise5_gj_hybrid_taylor_result.txt,D:\Miniconda\envs\sr\python.exe main.py --paper-example tsfade_noise5 --refit-mode none --iter-selection-mode final --iter-allow-nondecreasing-objective --iter-delta-alpha-min -10 --iter-delta-alpha-max 10 --iter-delta-beta-min -10 --iter-delta-beta-max 10 --iter-max-step-alpha 10 --iter-max-step-beta 10 --iter-order-tol 0,"{""D_x^1.714037 H"": 0.3411246031, ""Hx"": -1.050104559}","{""active_count_for_loss"": ""4"", ""active_lamb_sum"": ""0.004"", ""alpha0"": ""0.99"", ""alpha_next"": ""0.61023255"", ""beta0"": ""2"", ""beta_next"": ""1.5"", ""complexity_penalty"": ""67.6069"", ""condition"": ""16901.725"", ""delta_alpha"": ""-0.37976745"", ""delta_alpha_raw"": ""-0.37976745"", ""delta_beta"": ""-0.5"", ""delta_beta_raw"": ""-1.2554013"", ""delta_beta_used"": ""-0.5"", ""iter"": ""0"", ""mse"": ""0.0011580656"", ""objective"": ""69.117975"", ""physical_refit_condition_penalty"": ""67.6069"", ""raw_mse"": ""0.0011580656"", ""regularized_objective"": ""69.117975"", ""status"": ""estimated"", ""support"": ""Hx+D_x^1.5 H"", ""tolerance"": ""0.093333333"", ""validation_residual_norm"": ""1.5110753""}","{""active_count_for_loss"": ""4"", ""active_lamb_sum"": ""0.004"", ""alpha0"": ""0.76471961"", ""alpha_next"": ""0.76433897"", ""beta0"": ""1.7206711"", ""beta_next"": ""1.7140372"", ""complexity_penalty"": ""68.979444"", ""condition"": ""17244.861"", ""delta_alpha"": ""-0.00038063918"", ""delta_alpha_raw"": ""-0.00038063918"", ""delta_beta"": ""-0.0066338931"", ""delta_beta_raw"": ""-0.0066338931"", ""delta_beta_used"": ""-0.0066338931"", ""iter"": ""7"", ""mse"": ""0.00089273458"", ""objective"": ""70.315875"", ""physical_refit_condition_penalty"": ""68.979444"", ""raw_mse"": ""0.00089273458"", ""regularized_objective"": ""70.315875"", ""status"": ""estimated"", ""support"": ""Hx+D_x^1.714037 H"", ""tolerance"": ""0.125"", ""validation_residual_norm"": ""1.3364301""}","[{""active_count_for_loss"": ""4"", ""active_lamb_sum"": ""0.004"", ""alpha0"": ""0.99"", ""alpha_next"": ""0.61023255"", ""beta0"": ""2"", ""beta_next"": ""1.5"", ""complexity_penalty"": ""67.6069"", ""condition"": ""16901.725"", ""delta_alpha"": ""-0.37976745"", ""delta_alpha_raw"": ""-0.37976745"", ""delta_beta"": ""-0.5"", ""delta_beta_raw"": ""-1.2554013"", ""delta_beta_used"": ""-0.5"", ""iter"": ""0"", ""mse"": ""0.0011580656"", ""objective"": ""69.117975"", ""physical_refit_condition_penalty"": ""67.6069"", ""raw_mse"": ""0.0011580656"", ""regularized_objective"": ""69.117975"", ""status"": ""estimated"", ""support"": ""Hx+D_x^1.5 H"", ""tolerance"": ""0.093333333"", ""validation_residual_norm"": ""1.5110753""}, {""active_count_for_loss"": ""5"", ""active_lamb_sum"": ""0.005"", ""alpha0"": ""0.61023255"", ""alpha_next"": ""0.72374159"", ""beta0"": ""1.5"", ""beta_next"": ""1.6666765"", ""complexity_penalty"": ""84.268657"", ""condition"": ""16853.731"", ""delta_alpha"": ""0.11350904"", ""delta_alpha_raw"": ""0.11350904"", ""delta_beta"": ""0.16667648"", ""delta_beta_raw"": ""0.16667648"", ""delta_beta_used"": ""0.16667648"", ""iter"": ""1"", ""mse"": ""0.0010061399"", ""objective"": ""85.69124"", ""physical_refit_condition_penalty"": ""84.268657"", ""raw_mse"": ""0.0010061399"", ""regularized_objective"": ""85.69124"", ""status"": ""estimated"", ""support"": ""Hx+D_x^1.666676 H+H*Hxx"", ""tolerance"": ""0.03"", ""validation_residual_norm"": ""1.4225833""}, {""active_count_for_loss"": ""4"", ""active_lamb_sum"": ""0.004"", ""alpha0"": ""0.72374159"", ""alpha_next"": ""0.7608718"", ""beta0"": ""1.6666765"", ""beta_next"": ""1.7334366"", ""complexity_penalty"": ""68.471973"", ""condition"": ""17117.993"", ""delta_alpha"": ""0.037130213"", ""delta_alpha_raw"": ""0.037130213"", ""delta_beta"": ""0.066760125"", ""delta_beta_raw"": ""0.066760125"", ""delta_beta_used"": ""0.066760125"", ""iter"": ""2"", ""mse"": ""0.00089350512"", ""objective"": ""69.809998"", ""physical_refit_condition_penalty"": ""68.471973"", ""raw_mse"": ""0.00089350512"", ""regularized_objective"": ""69.809998"", ""status"": ""estimated"", ""support"": ""Hx+D_x^1.733437 H"", ""tolerance"": ""0.125"", ""validation_residual_norm"": ""1.3380252""}, {""active_count_for_loss"": ""4"", ""active_lamb_sum"": ""0.004"", ""alpha0"": ""0.7608718"", ""alpha_next"": ""0.76354688"", ""beta0"": ""1.7334366"", ""beta_next"": ""1.7030048"", ""complexity_penalty"": ""69.091236"", ""condition"": ""17272.809"", ""delta_alpha"": ""0.0026750792"", ""delta_alpha_raw"": ""0.0026750792"", ""delta_beta"": ""-0.030431798"", ""delta_beta_raw"": ""-0.030431798"", ""delta_beta_used"": ""-0.030431798"", ""iter"": ""3"", ""mse"": ""0.00089130932"", ""objective"": ""70.426382"", ""physical_refit_condition_penalty"": ""69.091236"", ""raw_mse"": ""0.00089130932"", ""regularized_objective"": ""70.426382"", ""status"": ""estimated"", ""support"": ""Hx+D_x^1.703005 H"", ""tolerance"": ""0.125"", ""validation_residual_norm"": ""1.3351465""}, {""active_count_for_loss"": ""4"", ""active_lamb_sum"": ""0.004"", ""alpha0"": ""0.76354688"", ""alpha_next"": ""0.76499216"", ""beta0"": ""1.7030048"", ""beta_next"": ""1.724951"", ""complexity_penalty"": ""68.8141"", ""condition"": ""17203.525"", ""delta_alpha"": ""0.0014452792"", ""delta_alpha_raw"": ""0.0014452792"", ""delta_beta"": ""0.021946205"", ""delta_beta_raw"": ""0.021946205"", ""delta_beta_used"": ""0.021946205"", ""iter"": ""4"", ""mse"": ""0.00089186989"", ""objective"": ""70.150135"", ""physical_refit_condition_penalty"": ""68.8141"", ""raw_mse"": ""0.00089186989"", ""regularized_objective"": ""70.150135"", ""status"": ""estimated"", ""support"": ""Hx+D_x^1.724951 H"", ""tolerance"": ""0.125"", ""validation_residual_norm"": ""1.3360358""}, {""active_count_for_loss"": ""4"", ""active_lamb_sum"": ""0.004"", ""alpha0"": ""0.76499216"", ""alpha_next"": ""0.76417261"", ""beta0"": ""1.724951"", ""beta_next"": ""1.7107588"", ""complexity_penalty"": ""69.017967"", ""condition"": ""17254.492"", ""delta_alpha"": ""-0.00081955114"", ""delta_alpha_raw"": ""-0.00081955114"", ""delta_beta"": ""-0.0141922"", ""delta_beta_raw"": ""-0.0141922"", ""delta_beta_used"": ""-0.0141922"", ""iter"": ""5"", ""mse"": ""0.00089244132"", ""objective"": ""70.354109"", ""physical_refit_condition_penalty"": ""69.017967"", ""raw_mse"": ""0.00089244132"", ""regularized_objective"": ""70.354109"", ""status"": ""estimated"", ""support"": ""Hx+D_x^1.710759 H"", ""tolerance"": ""0.125"", ""validation_residual_norm"": ""1.3361422""}, {""active_count_for_loss"": ""4"", ""active_lamb_sum"": ""0.004"", ""alpha0"": ""0.76417261"", ""alpha_next"": ""0.76471961"", ""beta0"": ""1.7107588"", ""beta_next"": ""1.7206711"", ""complexity_penalty"": ""68.88759"", ""condition"": ""17221.898"", ""delta_alpha"": ""0.00054699599"", ""delta_alpha_raw"": ""0.00054699599"", ""delta_beta"": ""0.0099122787"", ""delta_beta_raw"": ""0.0099122787"", ""delta_beta_used"": ""0.0099122787"", ""iter"": ""6"", ""mse"": ""0.0008926333"", ""objective"": ""70.224092"", ""physical_refit_condition_penalty"": ""68.88759"", ""raw_mse"": ""0.0008926333"", ""regularized_objective"": ""70.224092"", ""status"": ""estimated"", ""support"": ""Hx+D_x^1.720671 H"", ""tolerance"": ""0.125"", ""validation_residual_norm"": ""1.3365018""}, {""active_count_for_loss"": ""4"", ""active_lamb_sum"": ""0.004"", ""alpha0"": ""0.76471961"", ""alpha_next"": ""0.76433897"", ""beta0"": ""1.7206711"", ""beta_next"": ""1.7140372"", ""complexity_penalty"": ""68.979444"", ""condition"": ""17244.861"", ""delta_alpha"": ""-0.00038063918"", ""delta_alpha_raw"": ""-0.00038063918"", ""delta_beta"": ""-0.0066338931"", ""delta_beta_raw"": ""-0.0066338931"", ""delta_beta_used"": ""-0.0066338931"", ""iter"": ""7"", ""mse"": ""0.00089273458"", ""objective"": ""70.315875"", ""physical_refit_condition_penalty"": ""68.979444"", ""raw_mse"": ""0.00089273458"", ""regularized_objective"": ""70.315875"", ""status"": ""estimated"", ""support"": ""Hx+D_x^1.714037 H"", ""tolerance"": ""0.125"", ""validation_residual_norm"": ""1.3364301""}]",0,"example: tsfade_retrained_alpha078_beta183_noise5
checkpoint: D:\OneDrive - HHU\ML codes\DL-PDE\Linear_fractional\data\models\tsfade_retrained_alpha078_beta183_tanh\draft-2000-5\best.pkl
candidate equation: D_t^0.76433897 H = -1.05*Hx + 0.3411 D_x^1.714037 H
center orders: alpha0 = 0.76471961, beta0 = 1.7206711
order update: mode=iterative, iterations=8, converged=False, stop=max_iterations, selected=7
alpha = 0.76433897, beta = 1.7140372 (status=estimated)
detailed report: D:\OneDrive - HHU\ML codes\DL-PDE\Linear_fractional\results\tsfade_fft_tsfade_retrained_alpha078_beta183_noise5_gj_hybrid_taylor_result.txt",
25%,tsfade_noise25,bounded,ok,True,support is exactly Hx plus one spatial fractional term,D_t^0.79745182 H = -0.9437*Hx + 0.2266 D_x^1.66843 H,"[""Hx"", ""D_x^1.66843 H""]",0.7974518165511061,1.668430309655168,-0.9437194131,0.2266427446,0.78,1.83,0.022374123783469306,0.0882894482758645,0.05628058690000004,0.5467145108,none,False,iterative,best_objective,5.0,False,objective_not_decreased,4.0,3.0,3.0,minimum_valid_iterative_augmented_objective,0.003745270385839052,180.85689745026602,0.004,0.006,"(4.0, 28.0, 1.0, 14.0)",0.20923681,1.4677835,0.20923681,0.15,4.0450115,D:\OneDrive - HHU\ML codes\DL-PDE\Linear_fractional\results\tsfade_fft_tsfade_retrained_alpha078_beta183_noise25_gj_hybrid_taylor_result.txt,D:\Miniconda\envs\sr\python.exe main.py --paper-example tsfade_noise25 --refit-mode none --iter-selection-mode best_objective,"{""D_x^1.66843 H"": 0.2266427446, ""Hx"": -0.9437194131}","{""active_count_for_loss"": ""5"", ""active_lamb_sum"": ""0.02"", ""alpha0"": ""0.99"", ""alpha_next"": ""0.79"", ""beta0"": ""2"", ""beta_next"": ""1.85"", ""complexity_penalty"": ""245.83647"", ""condition"": ""12291.823"", ""delta_alpha"": ""-0.20923681"", ""delta_alpha_raw"": ""-0.20923681"", ""delta_beta"": ""-0.15"", ""delta_beta_raw"": ""-1.4677835"", ""delta_beta_used"": ""-0.15"", ""iter"": ""0"", ""mse"": ""0.0041326738"", ""objective"": ""249.04758"", ""physical_refit_condition_penalty"": ""245.83647"", ""raw_mse"": ""0.0041326738"", ""regularized_objective"": ""249.04758"", ""status"": ""estimated"", ""support"": ""Hx+D_x^1.85 H+Hxxx"", ""tolerance"": ""0.041207843"", ""validation_residual_norm"": ""3.2111107""}","{""active_count_for_loss"": ""4"", ""active_lamb_sum"": ""0.016"", ""alpha0"": ""0.79745182"", ""alpha_next"": ""0.79528777"", ""beta0"": ""1.6684303"", ""beta_next"": ""1.6476725"", ""complexity_penalty"": ""178.81947"", ""condition"": ""11176.217"", ""delta_alpha"": ""-0.0021640492"", ""delta_alpha_raw"": ""-0.0021640492"", ""delta_beta"": ""-0.020757819"", ""delta_beta_raw"": ""-0.020757819"", ""delta_beta_used"": ""-0.020757819"", ""iter"": ""4"", ""mse"": ""0.0037620303"", ""objective"": ""181.85618"", ""physical_refit_condition_penalty"": ""178.81947"", ""raw_mse"": ""0.0037620303"", ""regularized_objective"": ""181.85618"", ""status"": ""estimated"", ""support"": ""Hx+D_x^1.647672 H"", ""tolerance"": ""0.15"", ""validation_residual_norm"": ""3.0367115""}","[{""active_count_for_loss"": ""5"", ""active_lamb_sum"": ""0.02"", ""alpha0"": ""0.99"", ""alpha_next"": ""0.79"", ""beta0"": ""2"", ""beta_next"": ""1.85"", ""complexity_penalty"": ""245.83647"", ""condition"": ""12291.823"", ""delta_alpha"": ""-0.20923681"", ""delta_alpha_raw"": ""-0.20923681"", ""delta_beta"": ""-0.15"", ""delta_beta_raw"": ""-1.4677835"", ""delta_beta_used"": ""-0.15"", ""iter"": ""0"", ""mse"": ""0.0041326738"", ""objective"": ""249.04758"", ""physical_refit_condition_penalty"": ""245.83647"", ""raw_mse"": ""0.0041326738"", ""regularized_objective"": ""249.04758"", ""status"": ""estimated"", ""support"": ""Hx+D_x^1.85 H+Hxxx"", ""tolerance"": ""0.041207843"", ""validation_residual_norm"": ""3.2111107""}, {""active_count_for_loss"": ""4"", ""active_lamb_sum"": ""0.016"", ""alpha0"": ""0.79"", ""alpha_next"": ""0.78203564"", ""beta0"": ""1.85"", ""beta_next"": ""1.7"", ""complexity_penalty"": ""188.74078"", ""condition"": ""11796.299"", ""delta_alpha"": ""-0.007964362"", ""delta_alpha_raw"": ""-0.007964362"", ""delta_beta"": ""-0.15"", ""delta_beta_raw"": ""-0.86399874"", ""delta_beta_used"": ""-0.15"", ""iter"": ""1"", ""mse"": ""0.0033537403"", ""objective"": ""191.61278"", ""physical_refit_condition_penalty"": ""188.74078"", ""raw_mse"": ""0.0033537403"", ""regularized_objective"": ""191.61278"", ""status"": ""estimated"", ""support"": ""Hx+D_x^1.7 H"", ""tolerance"": ""0.066"", ""validation_residual_norm"": ""2.8720014""}, {""active_count_for_loss"": ""4"", ""active_lamb_sum"": ""0.016"", ""alpha0"": ""0.78203564"", ""alpha_next"": ""0.79092009"", ""beta0"": ""1.7"", ""beta_next"": ""1.6091557"", ""complexity_penalty"": ""179.54166"", ""condition"": ""11221.354"", ""delta_alpha"": ""0.0088844507"", ""delta_alpha_raw"": ""0.0088844507"", ""delta_beta"": ""-0.090844342"", ""delta_beta_raw"": ""-0.090844342"", ""delta_beta_used"": ""-0.090844342"", ""iter"": ""2"", ""mse"": ""0.0037442327"", ""objective"": ""182.57266"", ""physical_refit_condition_penalty"": ""179.54166"", ""raw_mse"": ""0.0037442327"", ""regularized_objective"": ""182.57266"", ""status"": ""estimated"", ""support"": ""Hx+D_x^1.609156 H"", ""tolerance"": ""0.15"", ""validation_residual_norm"": ""3.0310005""}, {""active_count_for_loss"": ""4"", ""active_lamb_sum"": ""0.016"", ""alpha0"": ""0.79092009"", ""alpha_next"": ""0.79745182"", ""beta0"": ""1.6091557"", ""beta_next"": ""1.6684303"", ""complexity_penalty"": ""177.83031"", ""condition"": ""11114.394"", ""delta_alpha"": ""0.0065317278"", ""delta_alpha_raw"": ""0.0065317278"", ""delta_beta"": ""0.059274652"", ""delta_beta_raw"": ""0.059274652"", ""delta_beta_used"": ""0.059274652"", ""iter"": ""3"", ""mse"": ""0.0037452704"", ""objective"": ""180.8569"", ""physical_refit_condition_penalty"": ""177.83031"", ""raw_mse"": ""0.0037452704"", ""regularized_objective"": ""180.8569"", ""status"": ""estimated"", ""support"": ""Hx+D_x^1.66843 H"", ""tolerance"": ""0.15"", ""validation_residual_norm"": ""3.0265906""}, {""active_count_for_loss"": ""4"", ""active_lamb_sum"": ""0.016"", ""alpha0"": ""0.79745182"", ""alpha_next"": ""0.79528777"", ""beta0"": ""1.6684303"", ""beta_next"": ""1.6476725"", ""complexity_penalty"": ""178.81947"", ""condition"": ""11176.217"", ""delta_alpha"": ""-0.0021640492"", ""delta_alpha_raw"": ""-0.0021640492"", ""delta_beta"": ""-0.020757819"", ""delta_beta_raw"": ""-0.020757819"", ""delta_beta_used"": ""-0.020757819"", ""iter"": ""4"", ""mse"": ""0.0037620303"", ""objective"": ""181.85618"", ""physical_refit_condition_penalty"": ""178.81947"", ""raw_mse"": ""0.0037620303"", ""regularized_objective"": ""181.85618"", ""status"": ""estimated"", ""support"": ""Hx+D_x^1.647672 H"", ""tolerance"": ""0.15"", ""validation_residual_norm"": ""3.0367115""}]",0,"example: tsfade_retrained_alpha078_beta183_noise25
checkpoint: D:\OneDrive - HHU\ML codes\DL-PDE\Linear_fractional\data\models\tsfade_retrained_alpha078_beta183_tanh\draft-2000-25\best.pkl
candidate equation: D_t^0.79745182 H = -0.9437*Hx + 0.2266 D_x^1.66843 H
center orders: alpha0 = 0.79092009, beta0 = 1.6091557
order update: mode=iterative, iterations=5, converged=False, stop=objective_not_decreased, selected=3
alpha = 0.79745182, beta = 1.6684303 (status=estimated)
detailed report: D:\OneDrive - HHU\ML codes\DL-PDE\Linear_fractional\results\tsfade_fft_tsfade_retrained_alpha078_beta183_noise25_gj_hybrid_taylor_result.txt",
25%,tsfade_noise25,unbounded,ok,True,support is exactly Hx plus one spatial fractional term,D_t^0.79582506 H = -0.9497*Hx + 0.2166 D_x^1.655206 H,"[""Hx"", ""D_x^1.655206 H""]",0.7958250555486349,1.655205603487905,-0.9497064054,0.2165527027,0.78,1.83,0.020288532754660117,0.0955160636678115,0.05029359460000005,0.5668945946,none,False,iterative,final,8.0,False,max_iterations,7.0,1.0,7.0,final_iterative_update,0.0037637777052540603,181.61823373078622,0.004,0.006,"(4.0, 28.0, 1.0, 14.0)",0.20923681,1.4677835,0.20923681,0.5,5.4739157,D:\OneDrive - HHU\ML codes\DL-PDE\Linear_fractional\results\tsfade_fft_tsfade_retrained_alpha078_beta183_noise25_gj_hybrid_taylor_result.txt,D:\Miniconda\envs\sr\python.exe main.py --paper-example tsfade_noise25 --refit-mode none --iter-selection-mode final --iter-allow-nondecreasing-objective --iter-delta-alpha-min -10 --iter-delta-alpha-max 10 --iter-delta-beta-min -10 --iter-delta-beta-max 10 --iter-max-step-alpha 10 --iter-max-step-beta 10 --iter-order-tol 0,"{""D_x^1.655206 H"": 0.2165527027, ""Hx"": -0.9497064054}","{""active_count_for_loss"": ""5"", ""active_lamb_sum"": ""0.02"", ""alpha0"": ""0.99"", ""alpha_next"": ""0.78076319"", ""beta0"": ""2"", ""beta_next"": ""1.5"", ""complexity_penalty"": ""245.83647"", ""condition"": ""12291.823"", ""delta_alpha"": ""-0.20923681"", ""delta_alpha_raw"": ""-0.20923681"", ""delta_beta"": ""-0.5"", ""delta_beta_raw"": ""-1.4677835"", ""delta_beta_used"": ""-0.5"", ""iter"": ""0"", ""mse"": ""0.0041326738"", ""objective"": ""249.04758"", ""physical_refit_condition_penalty"": ""245.83647"", ""raw_mse"": ""0.0041326738"", ""regularized_objective"": ""249.04758"", ""status"": ""estimated"", ""support"": ""Hx+D_x^1.5 H+Hxxx"", ""tolerance"": ""0.041207843"", ""validation_residual_norm"": ""3.2111107""}","{""active_count_for_loss"": ""4"", ""active_lamb_sum"": ""0.016"", ""alpha0"": ""0.79592221"", ""alpha_next"": ""0.79582506"", ""beta0"": ""1.6563135"", ""beta_next"": ""1.6552056"", ""complexity_penalty"": ""178.58161"", ""condition"": ""11161.351"", ""delta_alpha"": ""-9.715139e-05"", ""delta_alpha_raw"": ""-9.715139e-05"", ""delta_beta"": ""-0.0011079151"", ""delta_beta_raw"": ""-0.0011079151"", ""delta_beta_used"": ""-0.0011079151"", ""iter"": ""7"", ""mse"": ""0.0037637777"", ""objective"": ""181.61823"", ""physical_refit_condition_penalty"": ""178.58161"", ""raw_mse"": ""0.0037637777"", ""regularized_objective"": ""181.61823"", ""status"": ""estimated"", ""support"": ""Hx+D_x^1.655206 H"", ""tolerance"": ""0.15"", ""validation_residual_norm"": ""3.0366238""}","[{""active_count_for_loss"": ""5"", ""active_lamb_sum"": ""0.02"", ""alpha0"": ""0.99"", ""alpha_next"": ""0.78076319"", ""beta0"": ""2"", ""beta_next"": ""1.5"", ""complexity_penalty"": ""245.83647"", ""condition"": ""12291.823"", ""delta_alpha"": ""-0.20923681"", ""delta_alpha_raw"": ""-0.20923681"", ""delta_beta"": ""-0.5"", ""delta_beta_raw"": ""-1.4677835"", ""delta_beta_used"": ""-0.5"", ""iter"": ""0"", ""mse"": ""0.0041326738"", ""objective"": ""249.04758"", ""physical_refit_condition_penalty"": ""245.83647"", ""raw_mse"": ""0.0041326738"", ""regularized_objective"": ""249.04758"", ""status"": ""estimated"", ""support"": ""Hx+D_x^1.5 H+Hxxx"", ""tolerance"": ""0.041207843"", ""validation_residual_norm"": ""3.2111107""}, {""active_count_for_loss"": ""4"", ""active_lamb_sum"": ""0.016"", ""alpha0"": ""0.78076319"", ""alpha_next"": ""0.79769387"", ""beta0"": ""1.5"", ""beta_next"": ""1.6388296"", ""complexity_penalty"": ""176.85529"", ""condition"": ""11053.456"", ""delta_alpha"": ""0.016930675"", ""delta_alpha_raw"": ""0.016930675"", ""delta_beta"": ""0.13882956"", ""delta_beta_raw"": ""0.13882956"", ""delta_beta_used"": ""0.13882956"", ""iter"": ""1"", ""mse"": ""0.0036441479"", ""objective"": ""179.83898"", ""physical_refit_condition_penalty"": ""176.85529"", ""raw_mse"": ""0.0036441479"", ""regularized_objective"": ""179.83898"", ""status"": ""estimated"", ""support"": ""Hx+D_x^1.63883 H"", ""tolerance"": ""0.15"", ""validation_residual_norm"": ""2.9836861""}, {""active_count_for_loss"": ""4"", ""active_lamb_sum"": ""0.016"", ""alpha0"": ""0.79769387"", ""alpha_next"": ""0.79706165"", ""beta0"": ""1.6388296"", ""beta_next"": ""1.6637155"", ""complexity_penalty"": ""178.27427"", ""condition"": ""11142.142"", ""delta_alpha"": ""-0.00063221796"", ""delta_alpha_raw"": ""-0.00063221796"", ""delta_beta"": ""0.024885979"", ""delta_beta_raw"": ""0.024885979"", ""delta_beta_used"": ""0.024885979"", ""iter"": ""2"", ""mse"": ""0.0037606839"", ""objective"": ""181.3087"", ""physical_refit_condition_penalty"": ""178.27427"", ""raw_mse"": ""0.0037606839"", ""regularized_objective"": ""181.3087"", ""status"": ""estimated"", ""support"": ""Hx+D_x^1.663716 H"", ""tolerance"": ""0.15"", ""validation_residual_norm"": ""3.0344225""}, {""active_count_for_loss"": ""4"", ""active_lamb_sum"": ""0.016"", ""alpha0"": ""0.79706165"", ""alpha_next"": ""0.79553227"", ""beta0"": ""1.6637155"", ""beta_next"": ""1.6509053"", ""complexity_penalty"": ""178.72451"", ""condition"": ""11170.282"", ""delta_alpha"": ""-0.0015293833"", ""delta_alpha_raw"": ""-0.0015293833"", ""delta_beta"": ""-0.012810201"", ""delta_beta_raw"": ""-0.012810201"", ""delta_beta_used"": ""-0.012810201"", ""iter"": ""3"", ""mse"": ""0.0037630773"", ""objective"": ""181.76134"", ""physical_refit_condition_penalty"": ""178.72451"", ""raw_mse"": ""0.0037630773"", ""regularized_objective"": ""181.76134"", ""status"": ""estimated"", ""support"": ""Hx+D_x^1.650905 H"", ""tolerance"": ""0.15"", ""validation_residual_norm"": ""3.036827""}, {""active_count_for_loss"": ""4"", ""active_lamb_sum"": ""0.016"", ""alpha0"": ""0.79553227"", ""alpha_next"": ""0.79608666"", ""beta0"": ""1.6509053"", ""beta_next"": ""1.6580159"", ""complexity_penalty"": ""178.48208"", ""condition"": ""11155.13"", ""delta_alpha"": ""0.00055439025"", ""delta_alpha_raw"": ""0.00055439025"", ""delta_beta"": ""0.0071106029"", ""delta_beta_raw"": ""0.0071106029"", ""delta_beta_used"": ""0.0071106029"", ""iter"": ""4"", ""mse"": ""0.0037635672"", ""objective"": ""181.51829"", ""physical_refit_condition_penalty"": ""178.48208"", ""raw_mse"": ""0.0037635672"", ""regularized_objective"": ""181.51829"", ""status"": ""estimated"", ""support"": ""Hx+D_x^1.658016 H"", ""tolerance"": ""0.15"", ""validation_residual_norm"": ""3.036207""}, {""active_count_for_loss"": ""4"", ""active_lamb_sum"": ""0.016"", ""alpha0"": ""0.79608666"", ""alpha_next"": ""0.79574619"", ""beta0"": ""1.6580159"", ""beta_next"": ""1.6542535"", ""complexity_penalty"": ""178.61374"", ""condition"": ""11163.359"", ""delta_alpha"": ""-0.00034046392"", ""delta_alpha_raw"": ""-0.00034046392"", ""delta_beta"": ""-0.0037624285"", ""delta_beta_raw"": ""-0.0037624285"", ""delta_beta_used"": ""-0.0037624285"", ""iter"": ""5"", ""mse"": ""0.003763716"", ""objective"": ""181.65045"", ""physical_refit_condition_penalty"": ""178.61374"", ""raw_mse"": ""0.003763716"", ""regularized_objective"": ""181.65045"", ""status"": ""estimated"", ""support"": ""Hx+D_x^1.654254 H"", ""tolerance"": ""0.15"", ""validation_residual_norm"": ""3.0367062""}, {""active_count_for_loss"": ""4"", ""active_lamb_sum"": ""0.016"", ""alpha0"": ""0.79574619"", ""alpha_next"": ""0.79592221"", ""beta0"": ""1.6542535"", ""beta_next"": ""1.6563135"", ""complexity_penalty"": ""178.54323"", ""condition"": ""11158.952"", ""delta_alpha"": ""0.00017601288"", ""delta_alpha_raw"": ""0.00017601288"", ""delta_beta"": ""0.0020600077"", ""delta_beta_raw"": ""0.0020600077"", ""delta_beta_used"": ""0.0020600077"", ""iter"": ""6"", ""mse"": ""0.0037637698"", ""objective"": ""181.57972"", ""physical_refit_condition_penalty"": ""178.54323"", ""raw_mse"": ""0.0037637698"", ""regularized_objective"": ""181.57972"", ""status"": ""estimated"", ""support"": ""Hx+D_x^1.656314 H"", ""tolerance"": ""0.15"", ""validation_residual_norm"": ""3.036492""}, {""active_count_for_loss"": ""4"", ""active_lamb_sum"": ""0.016"", ""alpha0"": ""0.79592221"", ""alpha_next"": ""0.79582506"", ""beta0"": ""1.6563135"", ""beta_next"": ""1.6552056"", ""complexity_penalty"": ""178.58161"", ""condition"": ""11161.351"", ""delta_alpha"": ""-9.715139e-05"", ""delta_alpha_raw"": ""-9.715139e-05"", ""delta_beta"": ""-0.0011079151"", ""delta_beta_raw"": ""-0.0011079151"", ""delta_beta_used"": ""-0.0011079151"", ""iter"": ""7"", ""mse"": ""0.0037637777"", ""objective"": ""181.61823"", ""physical_refit_condition_penalty"": ""178.58161"", ""raw_mse"": ""0.0037637777"", ""regularized_objective"": ""181.61823"", ""status"": ""estimated"", ""support"": ""Hx+D_x^1.655206 H"", ""tolerance"": ""0.15"", ""validation_residual_norm"": ""3.0366238""}]",0,"example: tsfade_retrained_alpha078_beta183_noise25
checkpoint: D:\OneDrive - HHU\ML codes\DL-PDE\Linear_fractional\data\models\tsfade_retrained_alpha078_beta183_tanh\draft-2000-25\best.pkl
candidate equation: D_t^0.79582506 H = -0.9497*Hx + 0.2166 D_x^1.655206 H
center orders: alpha0 = 0.79592221, beta0 = 1.6563135
order update: mode=iterative, iterations=8, converged=False, stop=max_iterations, selected=7
alpha = 0.79582506, beta = 1.6552056 (status=estimated)
detailed report: D:\OneDrive - HHU\ML codes\DL-PDE\Linear_fractional\results\tsfade_fft_tsfade_retrained_alpha078_beta183_noise25_gj_hybrid_taylor_result.txt",
