paper_example,case_kind,method,diagnostic_only,status,support_correct,pass_fail_reason,equation,support,alpha,beta,coef_hx,coef_dbeta,true_alpha,true_beta,alpha_relative_error,beta_relative_error,refit_mode,physical_refit,order_update_mode,iteration_count,iteration_converged,iteration_stop_reason,iteration_best_objective_index,iteration_selected_index,mse,objective,physical_refit_selection_objective,sparsity_lamb,d_tol,fit_window_config,runtime_seconds,report_path,command,coefficients,trace_summary,returncode,stdout_tail,stderr_tail
tsfade_clean_iterative_no_refit,tsfade,gj_iterative_no_refit,False,ok,True,tsfade support is exactly Hx plus one spatial fractional term,D_t^0.76974966 H = -1.038*Hx + 0.3578 D_x^1.704621 H,Hx + D_x^1.704621 H,0.76974965813713,1.7046206170749698,-1.038091711,0.3578491785,0.78,1.83,0.0131415,0.0685133,none,False,iterative,4.0,False,objective_not_decreased,2.0,2.0,0.00014585286784812125,106.54746180034903,106.54746180034903,0.001,0.005,"(4.0, 26.0, 3.0, 14.0)",3.9328491,D:\OneDrive - HHU\ML codes\DL-PDE\Linear_fractional\results\tsfade_fft_tsfade_retrained_alpha078_beta183_clean_gj_hybrid_taylor_result.txt,D:\Miniconda\envs\sr\python.exe main.py --paper-example tsfade_clean_iterative_no_refit,"{""D_x^1.704621 H"": 0.3578491785, ""Hx"": -1.038091711}","{""first"": {""active_count_for_loss"": ""7"", ""active_lamb_sum"": ""0.007"", ""alpha0"": ""0.99"", ""alpha_next"": ""0.79"", ""beta0"": ""2"", ""beta_next"": ""2"", ""complexity_penalty"": ""186.92537"", ""condition"": ""26703.625"", ""delta_alpha"": ""-0.25"", ""delta_alpha_raw"": ""-0.459229"", ""delta_beta"": ""0"", ""delta_beta_raw"": ""0.46647932"", ""delta_beta_used"": ""0"", ""iter"": ""0"", ""mse"": ""0.00024356183"", ""objective"": ""187.60432"", ""physical_refit_condition_penalty"": ""186.92537"", ""raw_mse"": ""0.00024356183"", ""regularized_objective"": ""187.60432"", ""status"": ""estimated"", ""support"": ""Hx+D_x^2 H+Hxxx+H*Hxx+H^2*Hxx"", ""tolerance"": ""0.018636364"", ""validation_residual_norm"": ""0.67895267""}, ""last"": {""active_count_for_loss"": ""4"", ""active_lamb_sum"": ""0.004"", ""alpha0"": ""0.76974966"", ""alpha_next"": ""0.77666472"", ""beta0"": ""1.7046206"", ""beta_next"": ""1.7974094"", ""complexity_penalty"": ""111.28446"", ""condition"": ""27821.115"", ""delta_alpha"": ""0.0069150631"", ""delta_alpha_raw"": ""0.0069150631"", ""delta_beta"": ""0.092788828"", ""delta_beta_raw"": ""0.092788828"", ""delta_beta_used"": ""0.092788828"", ""iter"": ""3"", ""mse"": ""0.0001461638"", ""objective"": ""111.79926"", ""physical_refit_condition_penalty"": ""111.28446"", ""raw_mse"": ""0.0001461638"", ""regularized_objective"": ""111.79926"", ""status"": ""estimated"", ""support"": ""Hx+D_x^1.797409 H"", ""tolerance"": ""0.025166667"", ""validation_residual_norm"": ""0.51479481""}, ""rows"": [{""active_count_for_loss"": ""7"", ""active_lamb_sum"": ""0.007"", ""alpha0"": ""0.99"", ""alpha_next"": ""0.79"", ""beta0"": ""2"", ""beta_next"": ""2"", ""complexity_penalty"": ""186.92537"", ""condition"": ""26703.625"", ""delta_alpha"": ""-0.25"", ""delta_alpha_raw"": ""-0.459229"", ""delta_beta"": ""0"", ""delta_beta_raw"": ""0.46647932"", ""delta_beta_used"": ""0"", ""iter"": ""0"", ""mse"": ""0.00024356183"", ""objective"": ""187.60432"", ""physical_refit_condition_penalty"": ""186.92537"", ""raw_mse"": ""0.00024356183"", ""regularized_objective"": ""187.60432"", ""status"": ""estimated"", ""support"": ""Hx+D_x^2 H+Hxxx+H*Hxx+H^2*Hxx"", ""tolerance"": ""0.018636364"", ""validation_residual_norm"": ""0.67895267""}, {""active_count_for_loss"": ""4"", ""active_lamb_sum"": ""0.004"", ""alpha0"": ""0.79"", ""alpha_next"": ""0.76644397"", ""beta0"": ""2"", ""beta_next"": ""1.85"", ""complexity_penalty"": ""106.81637"", ""condition"": ""26704.093"", ""delta_alpha"": ""-0.023556035"", ""delta_alpha_raw"": ""-0.023556035"", ""delta_beta"": ""-0.15"", ""delta_beta_raw"": ""-0.78344868"", ""delta_beta_used"": ""-0.15"", ""iter"": ""1"", ""mse"": ""0.00011692536"", ""objective"": ""107.28742"", ""physical_refit_condition_penalty"": ""106.81637"", ""raw_mse"": ""0.00011692536"", ""regularized_objective"": ""107.28742"", ""status"": ""estimated"", ""support"": ""Hx+D_x^1.85 H"", ""tolerance"": ""0.125"", ""validation_residual_norm"": ""0.47104318""}, {""active_count_for_loss"": ""4"", ""active_lamb_sum"": ""0.004"", ""alpha0"": ""0.76644397"", ""alpha_next"": ""0.76974966"", ""beta0"": ""1.85"", ""beta_next"": ""1.7046206"", ""complexity_penalty"": ""106.03306"", ""condition"": ""26508.266"", ""delta_alpha"": ""0.003305693"", ""delta_alpha_raw"": ""0.003305693"", ""delta_beta"": ""-0.14537938"", ""delta_beta_raw"": ""-0.14537938"", ""delta_beta_used"": ""-0.14537938"", ""iter"": ""2"", ""mse"": ""0.00014585287"", ""objective"": ""106.54746"", ""physical_refit_condition_penalty"": ""106.03306"", ""raw_mse"": ""0.00014585287"", ""regularized_objective"": ""106.54746"", ""status"": ""estimated"", ""support"": ""Hx+D_x^1.704621 H"", ""tolerance"": ""0.125"", ""validation_residual_norm"": ""0.51439875""}, {""active_count_for_loss"": ""4"", ""active_lamb_sum"": ""0.004"", ""alpha0"": ""0.76974966"", ""alpha_next"": ""0.77666472"", ""beta0"": ""1.7046206"", ""beta_next"": ""1.7974094"", ""complexity_penalty"": ""111.28446"", ""condition"": ""27821.115"", ""delta_alpha"": ""0.0069150631"", ""delta_alpha_raw"": ""0.0069150631"", ""delta_beta"": ""0.092788828"", ""delta_beta_raw"": ""0.092788828"", ""delta_beta_used"": ""0.092788828"", ""iter"": ""3"", ""mse"": ""0.0001461638"", ""objective"": ""111.79926"", ""physical_refit_condition_penalty"": ""111.28446"", ""raw_mse"": ""0.0001461638"", ""regularized_objective"": ""111.79926"", ""status"": ""estimated"", ""support"": ""Hx+D_x^1.797409 H"", ""tolerance"": ""0.025166667"", ""validation_residual_norm"": ""0.51479481""}]}",0,"example: tsfade_retrained_alpha078_beta183_clean
checkpoint: D:\OneDrive - HHU\ML codes\DL-PDE\Linear_fractional\data\models\tsfade_retrained_alpha078_beta183_tanh\draft-2000-0\best.pkl
candidate equation: D_t^0.76974966 H = -1.038*Hx + 0.3578 D_x^1.704621 H
center orders: alpha0 = 0.76644397, beta0 = 1.85
order update: mode=iterative, iterations=4, converged=False, stop=objective_not_decreased, selected=2
alpha = 0.76974966, beta = 1.7046206 (status=estimated)
detailed report: D:\OneDrive - HHU\ML codes\DL-PDE\Linear_fractional\results\tsfade_fft_tsfade_retrained_alpha078_beta183_clean_gj_hybrid_taylor_result.txt",
tsfade_noise5_iterative_no_refit,tsfade,gj_iterative_no_refit,False,ok,True,tsfade support is exactly Hx plus one spatial fractional term,D_t^0.74 H = -1.237*Hx + 0.1882 D_x^1.85 H,Hx + D_x^1.85 H,0.74,1.85,-1.236701638,0.1881955039,0.78,1.83,0.0512821,0.010929,none,False,iterative,2.0,False,objective_not_decreased,0.0,0.0,0.0011580656153371753,69.11797539260324,69.11797539260324,0.001,0.005,"(4.0, 26.0, 3.0, 14.0)",3.1597955000000004,D:\OneDrive - HHU\ML codes\DL-PDE\Linear_fractional\results\tsfade_fft_tsfade_retrained_alpha078_beta183_noise5_gj_hybrid_taylor_result.txt,D:\Miniconda\envs\sr\python.exe main.py --paper-example tsfade_noise5_iterative_no_refit,"{""D_x^1.85 H"": 0.1881955039, ""Hx"": -1.236701638}","{""first"": {""active_count_for_loss"": ""4"", ""active_lamb_sum"": ""0.004"", ""alpha0"": ""0.99"", ""alpha_next"": ""0.79"", ""beta0"": ""2"", ""beta_next"": ""1.85"", ""complexity_penalty"": ""67.6069"", ""condition"": ""16901.725"", ""delta_alpha"": ""-0.25"", ""delta_alpha_raw"": ""-0.37976745"", ""delta_beta"": ""-0.15"", ""delta_beta_raw"": ""-1.2554013"", ""delta_beta_used"": ""-0.15"", ""iter"": ""0"", ""mse"": ""0.0011580656"", ""objective"": ""69.117975"", ""physical_refit_condition_penalty"": ""67.6069"", ""raw_mse"": ""0.0011580656"", ""regularized_objective"": ""69.117975"", ""status"": ""estimated"", ""support"": ""Hx+D_x^1.85 H"", ""tolerance"": ""0.093333333"", ""validation_residual_norm"": ""1.5110753""}, ""last"": {""active_count_for_loss"": ""4"", ""active_lamb_sum"": ""0.004"", ""alpha0"": ""0.79"", ""alpha_next"": ""0.75932306"", ""beta0"": ""1.85"", ""beta_next"": ""1.7"", ""complexity_penalty"": ""68.729928"", ""condition"": ""17182.482"", ""delta_alpha"": ""-0.030676936"", ""delta_alpha_raw"": ""-0.030676936"", ""delta_beta"": ""-0.15"", ""delta_beta_raw"": ""-0.378729"", ""delta_beta_used"": ""-0.15"", ""iter"": ""1"", ""mse"": ""0.0007746156"", ""objective"": ""69.97144"", ""physical_refit_condition_penalty"": ""68.729928"", ""raw_mse"": ""0.0007746156"", ""regularized_objective"": ""69.97144"", ""status"": ""estimated"", ""support"": ""Hx+D_x^1.7 H"", ""tolerance"": ""0.02093703"", ""validation_residual_norm"": ""1.241512""}, ""rows"": [{""active_count_for_loss"": ""4"", ""active_lamb_sum"": ""0.004"", ""alpha0"": ""0.99"", ""alpha_next"": ""0.79"", ""beta0"": ""2"", ""beta_next"": ""1.85"", ""complexity_penalty"": ""67.6069"", ""condition"": ""16901.725"", ""delta_alpha"": ""-0.25"", ""delta_alpha_raw"": ""-0.37976745"", ""delta_beta"": ""-0.15"", ""delta_beta_raw"": ""-1.2554013"", ""delta_beta_used"": ""-0.15"", ""iter"": ""0"", ""mse"": ""0.0011580656"", ""objective"": ""69.117975"", ""physical_refit_condition_penalty"": ""67.6069"", ""raw_mse"": ""0.0011580656"", ""regularized_objective"": ""69.117975"", ""status"": ""estimated"", ""support"": ""Hx+D_x^1.85 H"", ""tolerance"": ""0.093333333"", ""validation_residual_norm"": ""1.5110753""}, {""active_count_for_loss"": ""4"", ""active_lamb_sum"": ""0.004"", ""alpha0"": ""0.79"", ""alpha_next"": ""0.75932306"", ""beta0"": ""1.85"", ""beta_next"": ""1.7"", ""complexity_penalty"": ""68.729928"", ""condition"": ""17182.482"", ""delta_alpha"": ""-0.030676936"", ""delta_alpha_raw"": ""-0.030676936"", ""delta_beta"": ""-0.15"", ""delta_beta_raw"": ""-0.378729"", ""delta_beta_used"": ""-0.15"", ""iter"": ""1"", ""mse"": ""0.0007746156"", ""objective"": ""69.97144"", ""physical_refit_condition_penalty"": ""68.729928"", ""raw_mse"": ""0.0007746156"", ""regularized_objective"": ""69.97144"", ""status"": ""estimated"", ""support"": ""Hx+D_x^1.7 H"", ""tolerance"": ""0.02093703"", ""validation_residual_norm"": ""1.241512""}]}",0,"example: tsfade_retrained_alpha078_beta183_noise5
checkpoint: D:\OneDrive - HHU\ML codes\DL-PDE\Linear_fractional\data\models\tsfade_retrained_alpha078_beta183_tanh\draft-2000-5\best.pkl
candidate equation: D_t^0.74 H = -1.237*Hx + 0.1882 D_x^1.85 H
center orders: alpha0 = 0.99, beta0 = 2
order update: mode=iterative, iterations=2, converged=False, stop=objective_not_decreased, selected=0
alpha = 0.74, beta = 1.85 (status=estimated)
detailed report: D:\OneDrive - HHU\ML codes\DL-PDE\Linear_fractional\results\tsfade_fft_tsfade_retrained_alpha078_beta183_noise5_gj_hybrid_taylor_result.txt",
tsfade_noise25_iterative_no_refit,tsfade,gj_iterative_no_refit,False,ok,True,tsfade support is exactly Hx plus one spatial fractional term,D_t^0.79745182 H = -0.9437*Hx + 0.2266 D_x^1.66843 H,Hx + D_x^1.66843 H,0.7974518165511061,1.668430309655168,-0.9437194131,0.2266427446,0.78,1.83,0.0223741,0.0882894,none,False,iterative,5.0,False,objective_not_decreased,3.0,3.0,0.003745270385839052,180.85689745026602,180.85689745026602,0.004,0.006,"(4.0, 28.0, 1.0, 14.0)",4.8224874,D:\OneDrive - HHU\ML codes\DL-PDE\Linear_fractional\results\tsfade_fft_tsfade_retrained_alpha078_beta183_noise25_gj_hybrid_taylor_result.txt,D:\Miniconda\envs\sr\python.exe main.py --paper-example tsfade_noise25_iterative_no_refit,"{""D_x^1.66843 H"": 0.2266427446, ""Hx"": -0.9437194131}","{""first"": {""active_count_for_loss"": ""5"", ""active_lamb_sum"": ""0.02"", ""alpha0"": ""0.99"", ""alpha_next"": ""0.79"", ""beta0"": ""2"", ""beta_next"": ""1.85"", ""complexity_penalty"": ""245.83647"", ""condition"": ""12291.823"", ""delta_alpha"": ""-0.20923681"", ""delta_alpha_raw"": ""-0.20923681"", ""delta_beta"": ""-0.15"", ""delta_beta_raw"": ""-1.4677835"", ""delta_beta_used"": ""-0.15"", ""iter"": ""0"", ""mse"": ""0.0041326738"", ""objective"": ""249.04758"", ""physical_refit_condition_penalty"": ""245.83647"", ""raw_mse"": ""0.0041326738"", ""regularized_objective"": ""249.04758"", ""status"": ""estimated"", ""support"": ""Hx+D_x^1.85 H+Hxxx"", ""tolerance"": ""0.041207843"", ""validation_residual_norm"": ""3.2111107""}, ""last"": {""active_count_for_loss"": ""4"", ""active_lamb_sum"": ""0.016"", ""alpha0"": ""0.79745182"", ""alpha_next"": ""0.79528777"", ""beta0"": ""1.6684303"", ""beta_next"": ""1.6476725"", ""complexity_penalty"": ""178.81947"", ""condition"": ""11176.217"", ""delta_alpha"": ""-0.0021640492"", ""delta_alpha_raw"": ""-0.0021640492"", ""delta_beta"": ""-0.020757819"", ""delta_beta_raw"": ""-0.020757819"", ""delta_beta_used"": ""-0.020757819"", ""iter"": ""4"", ""mse"": ""0.0037620303"", ""objective"": ""181.85618"", ""physical_refit_condition_penalty"": ""178.81947"", ""raw_mse"": ""0.0037620303"", ""regularized_objective"": ""181.85618"", ""status"": ""estimated"", ""support"": ""Hx+D_x^1.647672 H"", ""tolerance"": ""0.15"", ""validation_residual_norm"": ""3.0367115""}, ""rows"": [{""active_count_for_loss"": ""5"", ""active_lamb_sum"": ""0.02"", ""alpha0"": ""0.99"", ""alpha_next"": ""0.79"", ""beta0"": ""2"", ""beta_next"": ""1.85"", ""complexity_penalty"": ""245.83647"", ""condition"": ""12291.823"", ""delta_alpha"": ""-0.20923681"", ""delta_alpha_raw"": ""-0.20923681"", ""delta_beta"": ""-0.15"", ""delta_beta_raw"": ""-1.4677835"", ""delta_beta_used"": ""-0.15"", ""iter"": ""0"", ""mse"": ""0.0041326738"", ""objective"": ""249.04758"", ""physical_refit_condition_penalty"": ""245.83647"", ""raw_mse"": ""0.0041326738"", ""regularized_objective"": ""249.04758"", ""status"": ""estimated"", ""support"": ""Hx+D_x^1.85 H+Hxxx"", ""tolerance"": ""0.041207843"", ""validation_residual_norm"": ""3.2111107""}, {""active_count_for_loss"": ""4"", ""active_lamb_sum"": ""0.016"", ""alpha0"": ""0.79"", ""alpha_next"": ""0.78203564"", ""beta0"": ""1.85"", ""beta_next"": ""1.7"", ""complexity_penalty"": ""188.74078"", ""condition"": ""11796.299"", ""delta_alpha"": ""-0.007964362"", ""delta_alpha_raw"": ""-0.007964362"", ""delta_beta"": ""-0.15"", ""delta_beta_raw"": ""-0.86399874"", ""delta_beta_used"": ""-0.15"", ""iter"": ""1"", ""mse"": ""0.0033537403"", ""objective"": ""191.61278"", ""physical_refit_condition_penalty"": ""188.74078"", ""raw_mse"": ""0.0033537403"", ""regularized_objective"": ""191.61278"", ""status"": ""estimated"", ""support"": ""Hx+D_x^1.7 H"", ""tolerance"": ""0.066"", ""validation_residual_norm"": ""2.8720014""}, {""active_count_for_loss"": ""4"", ""active_lamb_sum"": ""0.016"", ""alpha0"": ""0.78203564"", ""alpha_next"": ""0.79092009"", ""beta0"": ""1.7"", ""beta_next"": ""1.6091557"", ""complexity_penalty"": ""179.54166"", ""condition"": ""11221.354"", ""delta_alpha"": ""0.0088844507"", ""delta_alpha_raw"": ""0.0088844507"", ""delta_beta"": ""-0.090844342"", ""delta_beta_raw"": ""-0.090844342"", ""delta_beta_used"": ""-0.090844342"", ""iter"": ""2"", ""mse"": ""0.0037442327"", ""objective"": ""182.57266"", ""physical_refit_condition_penalty"": ""179.54166"", ""raw_mse"": ""0.0037442327"", ""regularized_objective"": ""182.57266"", ""status"": ""estimated"", ""support"": ""Hx+D_x^1.609156 H"", ""tolerance"": ""0.15"", ""validation_residual_norm"": ""3.0310005""}, {""active_count_for_loss"": ""4"", ""active_lamb_sum"": ""0.016"", ""alpha0"": ""0.79092009"", ""alpha_next"": ""0.79745182"", ""beta0"": ""1.6091557"", ""beta_next"": ""1.6684303"", ""complexity_penalty"": ""177.83031"", ""condition"": ""11114.394"", ""delta_alpha"": ""0.0065317278"", ""delta_alpha_raw"": ""0.0065317278"", ""delta_beta"": ""0.059274652"", ""delta_beta_raw"": ""0.059274652"", ""delta_beta_used"": ""0.059274652"", ""iter"": ""3"", ""mse"": ""0.0037452704"", ""objective"": ""180.8569"", ""physical_refit_condition_penalty"": ""177.83031"", ""raw_mse"": ""0.0037452704"", ""regularized_objective"": ""180.8569"", ""status"": ""estimated"", ""support"": ""Hx+D_x^1.66843 H"", ""tolerance"": ""0.15"", ""validation_residual_norm"": ""3.0265906""}, {""active_count_for_loss"": ""4"", ""active_lamb_sum"": ""0.016"", ""alpha0"": ""0.79745182"", ""alpha_next"": ""0.79528777"", ""beta0"": ""1.6684303"", ""beta_next"": ""1.6476725"", ""complexity_penalty"": ""178.81947"", ""condition"": ""11176.217"", ""delta_alpha"": ""-0.0021640492"", ""delta_alpha_raw"": ""-0.0021640492"", ""delta_beta"": ""-0.020757819"", ""delta_beta_raw"": ""-0.020757819"", ""delta_beta_used"": ""-0.020757819"", ""iter"": ""4"", ""mse"": ""0.0037620303"", ""objective"": ""181.85618"", ""physical_refit_condition_penalty"": ""178.81947"", ""raw_mse"": ""0.0037620303"", ""regularized_objective"": ""181.85618"", ""status"": ""estimated"", ""support"": ""Hx+D_x^1.647672 H"", ""tolerance"": ""0.15"", ""validation_residual_norm"": ""3.0367115""}]}",0,"example: tsfade_retrained_alpha078_beta183_noise25
checkpoint: D:\OneDrive - HHU\ML codes\DL-PDE\Linear_fractional\data\models\tsfade_retrained_alpha078_beta183_tanh\draft-2000-25\best.pkl
candidate equation: D_t^0.79745182 H = -0.9437*Hx + 0.2266 D_x^1.66843 H
center orders: alpha0 = 0.79092009, beta0 = 1.6091557
order update: mode=iterative, iterations=5, converged=False, stop=objective_not_decreased, selected=3
alpha = 0.79745182, beta = 1.6684303 (status=estimated)
detailed report: D:\OneDrive - HHU\ML codes\DL-PDE\Linear_fractional\results\tsfade_fft_tsfade_retrained_alpha078_beta183_noise25_gj_hybrid_taylor_result.txt",
dns_gamma_iterative,dns_gamma,gj_iterative_no_refit,False,ok,True,dns_gamma support is pure convection Hx,D_t^0.8840925 H = -0.5042*Hx,Hx,0.8840924990648721,2.0,-0.5042396078,,,,,,none,False,iterative,3.0,True,correction_below_tolerance,2.0,2.0,1.311225644615844e-05,0.3235636936068134,0.3235636936068134,0.001,0.005,"(0.1365369726816815, 65.53774688720712, 3.0, 101.26582278481013)",3.2148379,D:\OneDrive - HHU\ML codes\DL-PDE\Linear_fractional\results\tsfade_fft_dns_gamma075_lc1_flux_gj_hybrid_taylor_result.txt,D:\Miniconda\envs\sr\python.exe main.py --paper-example dns_gamma_iterative,"{""Hx"": -0.5042396078}","{""first"": {""active_count_for_loss"": ""2"", ""active_lamb_sum"": ""0.002"", ""alpha0"": ""0.99"", ""alpha_next"": ""0.86061012"", ""beta0"": ""2"", ""beta_next"": ""2"", ""complexity_penalty"": ""0.0042465742"", ""condition"": ""2.1232871"", ""delta_alpha"": ""-0.12938988"", ""delta_alpha_raw"": ""-0.12938988"", ""delta_beta"": ""0"", ""delta_beta_raw"": ""0"", ""delta_beta_used"": ""0"", ""iter"": ""0"", ""mse"": ""1.3279268e-05"", ""objective"": ""0.32635042"", ""physical_refit_condition_penalty"": ""0.0042465742"", ""raw_mse"": ""1.3279268e-05"", ""regularized_objective"": ""0.32635042"", ""status"": ""estimated"", ""support"": ""Hx"", ""tolerance"": ""0.019545455"", ""validation_residual_norm"": ""0.32210385""}, ""last"": {""active_count_for_loss"": ""2"", ""active_lamb_sum"": ""0.002"", ""alpha0"": ""0.88378327"", ""alpha_next"": ""0.8840925"", ""beta0"": ""2"", ""beta_next"": ""2"", ""complexity_penalty"": ""0.0035588859"", ""condition"": ""1.779443"", ""delta_alpha"": ""0.00030923329"", ""delta_alpha_raw"": ""0.00030923329"", ""delta_beta"": ""0"", ""delta_beta_raw"": ""0"", ""delta_beta_used"": ""0"", ""iter"": ""2"", ""mse"": ""1.3112256e-05"", ""objective"": ""0.32356369"", ""physical_refit_condition_penalty"": ""0.0035588859"", ""raw_mse"": ""1.3112256e-05"", ""regularized_objective"": ""0.32356369"", ""status"": ""estimated"", ""support"": ""Hx"", ""tolerance"": ""0.005"", ""validation_residual_norm"": ""0.32000481""}, ""rows"": [{""active_count_for_loss"": ""2"", ""active_lamb_sum"": ""0.002"", ""alpha0"": ""0.99"", ""alpha_next"": ""0.86061012"", ""beta0"": ""2"", ""beta_next"": ""2"", ""complexity_penalty"": ""0.0042465742"", ""condition"": ""2.1232871"", ""delta_alpha"": ""-0.12938988"", ""delta_alpha_raw"": ""-0.12938988"", ""delta_beta"": ""0"", ""delta_beta_raw"": ""0"", ""delta_beta_used"": ""0"", ""iter"": ""0"", ""mse"": ""1.3279268e-05"", ""objective"": ""0.32635042"", ""physical_refit_condition_penalty"": ""0.0042465742"", ""raw_mse"": ""1.3279268e-05"", ""regularized_objective"": ""0.32635042"", ""status"": ""estimated"", ""support"": ""Hx"", ""tolerance"": ""0.019545455"", ""validation_residual_norm"": ""0.32210385""}, {""active_count_for_loss"": ""2"", ""active_lamb_sum"": ""0.002"", ""alpha0"": ""0.86061012"", ""alpha_next"": ""0.88378327"", ""beta0"": ""2"", ""beta_next"": ""2"", ""complexity_penalty"": ""0.0036824427"", ""condition"": ""1.8412214"", ""delta_alpha"": ""0.023173149"", ""delta_alpha_raw"": ""0.023173149"", ""delta_beta"": ""0"", ""delta_beta_raw"": ""0"", ""delta_beta_used"": ""0"", ""iter"": ""1"", ""mse"": ""1.3097669e-05"", ""objective"": ""0.32371871"", ""physical_refit_condition_penalty"": ""0.0036824427"", ""raw_mse"": ""1.3097669e-05"", ""regularized_objective"": ""0.32371871"", ""status"": ""estimated"", ""support"": ""Hx"", ""tolerance"": ""0.055"", ""validation_residual_norm"": ""0.32003627""}, {""active_count_for_loss"": ""2"", ""active_lamb_sum"": ""0.002"", ""alpha0"": ""0.88378327"", ""alpha_next"": ""0.8840925"", ""beta0"": ""2"", ""beta_next"": ""2"", ""complexity_penalty"": ""0.0035588859"", ""condition"": ""1.779443"", ""delta_alpha"": ""0.00030923329"", ""delta_alpha_raw"": ""0.00030923329"", ""delta_beta"": ""0"", ""delta_beta_raw"": ""0"", ""delta_beta_used"": ""0"", ""iter"": ""2"", ""mse"": ""1.3112256e-05"", ""objective"": ""0.32356369"", ""physical_refit_condition_penalty"": ""0.0035588859"", ""raw_mse"": ""1.3112256e-05"", ""regularized_objective"": ""0.32356369"", ""status"": ""estimated"", ""support"": ""Hx"", ""tolerance"": ""0.005"", ""validation_residual_norm"": ""0.32000481""}]}",0,"example: dns_gamma075_lc1_flux
checkpoint: D:\OneDrive - HHU\ML codes\DL-PDE\Linear_fractional\data\models\dns_gamma075_lc1_flux_tanh_5x50_clean_4000_gj_rawcoords\best.pkl
candidate equation: D_t^0.8840925 H = -0.5042*Hx
center orders: alpha0 = 0.88378327, beta0 = 2
order update: mode=iterative, iterations=3, converged=True, stop=correction_below_tolerance, selected=2
alpha = 0.8840925, beta = 2 (status=estimated)
detailed report: D:\OneDrive - HHU\ML codes\DL-PDE\Linear_fractional\results\tsfade_fft_dns_gamma075_lc1_flux_gj_hybrid_taylor_result.txt",
