alpha0,beta0,alpha,beta,delta_alpha,delta_beta,mse,objective,status,active_terms
1.0,2.0,1.1531950383933645,1.9031898633554334,0.15319503839336446,0.09681013664456663,1.753150116020179e-07,inf,estimated,"('1', 'H', 'Hx', 'Hxx', 'H^2', 'H*Hx', 'H*Hxx', 'H^2*Hx', 'H^2*Hxx', 'spatial_main_beta0=2.0', 'spatial_correction_beta0=2.0', 'alpha_correction')"
1.0,1.9,1.1531861569124895,1.68238144147627,0.15318615691248938,0.21761855852373,1.7528252828262885e-07,inf,estimated,"('1', 'H', 'Hx', 'Hxx', 'H^2', 'H*Hx', 'H*Hxx', 'H^2*Hx', 'H^2*Hxx', 'spatial_main_beta0=1.9', 'spatial_correction_beta0=1.9', 'alpha_correction')"
1.0,1.8,1.1531824518993985,3.810823333356474,0.15318245189939858,-2.010823333356474,1.7526466604353345e-07,inf,estimated,"('1', 'H', 'Hx', 'Hxx', 'H^2', 'H*Hx', 'H*Hxx', 'H^2*Hx', 'H^2*Hxx', 'spatial_main_beta0=1.8', 'spatial_correction_beta0=1.8', 'alpha_correction')"
0.9,2.0,0.9853039805193652,2.1445407694945704,0.08530398051936515,-0.14454076949457043,2.674473656531195e-08,inf,estimated,"('1', 'H', 'Hx', 'Hxx', 'H^2', 'H*Hx', 'H*Hxx', 'H^2*Hx', 'H^2*Hxx', 'spatial_main_beta0=2.0', 'spatial_correction_beta0=2.0', 'alpha_correction')"
0.9,1.9,0.9853009915468275,1.6822657072657707,0.08530099154682749,0.2177342927342292,2.6742590476671075e-08,19198.733996230556,estimated,"('1', 'H', 'Hx', 'Hxx', 'H^2', 'H*Hx', 'H*Hxx', 'H^2*Hx', 'H^2*Hxx', 'spatial_main_beta0=1.9', 'spatial_correction_beta0=1.9', 'alpha_correction')"
0.9,1.8,0.9852996123197871,3.8126101136848325,0.08529961231978711,-2.0126101136848327,2.674120264764514e-08,inf,estimated,"('1', 'H', 'Hx', 'Hxx', 'H^2', 'H*Hx', 'H*Hxx', 'H^2*Hx', 'H^2*Hxx', 'spatial_main_beta0=1.8', 'spatial_correction_beta0=1.8', 'alpha_correction')"
0.8,2.0,0.7972492380435957,2.023046616481063,-0.0027507619564043455,-0.023046616481062945,8.964708336735145e-09,inf,estimated,"('1', 'H', 'Hx', 'Hxx', 'H^2', 'H*Hx', 'H*Hxx', 'H^2*Hx', 'H^2*Hxx', 'spatial_main_beta0=2.0', 'spatial_correction_beta0=2.0', 'alpha_correction')"
0.8,1.9,0.7972482911984667,1.6819638458967674,-0.0027517088015332845,0.21803615410323243,8.964585207522008e-09,19219.19082174814,estimated,"('1', 'H', 'Hx', 'Hxx', 'H^2', 'H*Hx', 'H*Hxx', 'H^2*Hx', 'H^2*Hxx', 'spatial_main_beta0=1.9', 'spatial_correction_beta0=1.9', 'alpha_correction')"
0.8,1.8,0.7972477379981543,3.8188146593744303,-0.0027522620018457095,-2.01881465937443,8.964470302952882e-09,inf,estimated,"('1', 'H', 'Hx', 'Hxx', 'H^2', 'H*Hx', 'H*Hxx', 'H^2*Hx', 'H^2*Hxx', 'spatial_main_beta0=1.8', 'spatial_correction_beta0=1.8', 'alpha_correction')"
0.7,2.0,0.5802688605699766,2.0052653682194674,-0.11973113943002339,-0.005265368219467509,2.8951873828656537e-08,inf,estimated,"('1', 'H', 'Hx', 'Hxx', 'H^2', 'H*Hx', 'H*Hxx', 'H^2*Hx', 'H^2*Hxx', 'spatial_main_beta0=2.0', 'spatial_correction_beta0=2.0', 'alpha_correction')"
0.7,1.9,0.5802688258356999,,-0.1197311741643,,2.895187268356994e-08,inf,main_inactive,"('1', 'H', 'Hx', 'Hxx', 'H^2', 'H*Hx', 'H*Hxx', 'H^2*Hx', 'H^2*Hxx', 'spatial_correction_beta0=1.9', 'alpha_correction')"
0.7,1.8,0.5802674451895833,3.8343492304524727,-0.11973255481041668,-2.034349230452473,2.895175618648407e-08,inf,estimated,"('1', 'H', 'Hx', 'Hxx', 'H^2', 'H*Hx', 'H*Hxx', 'H^2*Hx', 'H^2*Hxx', 'spatial_main_beta0=1.8', 'spatial_correction_beta0=1.8', 'alpha_correction')"
0.6,2.0,0.3200801202587532,2.0,-0.27991987974124677,0.0,1.8518708645828887e-07,2.893771896046666e+16,correction_inactive,"('1', 'H', 'Hx', 'Hxx', 'H^2', 'H*Hx', 'H*Hxx', 'H^2*Hx', 'H^2*Hxx', 'spatial_main_beta0=2.0', 'alpha_correction')"
0.6,1.9,0.32009069375251203,1.6837048236411878,-0.27990930624748794,0.21629517635881215,1.8518247059572095e-07,19250.262862856987,estimated,"('1', 'H', 'Hx', 'Hxx', 'H^2', 'H*Hx', 'H*Hxx', 'H^2*Hx', 'H^2*Hxx', 'spatial_main_beta0=1.9', 'spatial_correction_beta0=1.9', 'alpha_correction')"
0.6,1.8,0.3200902980502129,3.7971855738063063,-0.2799097019497871,-1.9971855738063065,1.8518380303829047e-07,inf,estimated,"('1', 'H', 'Hx', 'Hxx', 'H^2', 'H*Hx', 'H*Hxx', 'H^2*Hx', 'H^2*Hxx', 'spatial_main_beta0=1.8', 'spatial_correction_beta0=1.8', 'alpha_correction')"
0.5,2.0,-0.007750914167738099,1.9957006558660173,-0.5077509141677381,0.004299344133982603,8.345159371404948e-07,inf,estimated,"('1', 'H', 'Hx', 'Hxx', 'H^2', 'H*Hx', 'H*Hxx', 'H^2*Hx', 'H^2*Hxx', 'spatial_main_beta0=2.0', 'spatial_correction_beta0=2.0', 'alpha_correction')"
0.5,1.9,-0.007673862073670157,1.6831351206827467,-0.5076738620736702,0.21686487931725323,8.343891790518454e-07,inf,estimated,"('1', 'H', 'Hx', 'Hxx', 'H^2', 'H*Hx', 'H*Hxx', 'H^2*Hx', 'H^2*Hxx', 'spatial_main_beta0=1.9', 'spatial_correction_beta0=1.9', 'alpha_correction')"
0.5,1.8,-0.007661341568103941,3.804656652861132,-0.5076613415681039,-2.0046566528611316,8.343845998100893e-07,inf,estimated,"('1', 'H', 'Hx', 'Hxx', 'H^2', 'H*Hx', 'H*Hxx', 'H^2*Hx', 'H^2*Hxx', 'spatial_main_beta0=1.8', 'spatial_correction_beta0=1.8', 'alpha_correction')"
0.4,2.0,-0.44660139921690056,,-0.8466013992169006,,2.919238098724687e-06,inf,main_inactive,"('1', 'H', 'Hx', 'H^2', 'H*Hx', 'H*Hxx', 'H^2*Hx', 'H^2*Hxx', 'spatial_correction_beta0=2.0', 'alpha_correction')"
0.4,1.9,-0.44621640402121865,1.682953293671364,-0.8462164040212187,0.21704670632863599,2.9177123938011377e-06,inf,estimated,"('1', 'H', 'Hx', 'Hxx', 'H^2', 'H*Hx', 'H*Hxx', 'H^2*Hx', 'H^2*Hxx', 'spatial_main_beta0=1.9', 'spatial_correction_beta0=1.9', 'alpha_correction')"
0.4,1.8,-0.4461326026894088,3.8063264196961573,-0.8461326026894088,-2.006326419696157,2.917496500783574e-06,inf,estimated,"('1', 'H', 'Hx', 'Hxx', 'H^2', 'H*Hx', 'H*Hxx', 'H^2*Hx', 'H^2*Hxx', 'spatial_main_beta0=1.8', 'spatial_correction_beta0=1.8', 'alpha_correction')"
