alpha,coef_cx,coef_cxx,v_est,D_est,mse,residual_norm
0.71,-0.19992455195699604,0.19992870414178834,0.19992455195699604,0.19992870414178834,0.00021159877724905504,1.7744266131530881
0.7,-0.20144662559497487,0.2014508093913474,0.20144662559497487,0.2014508093913474,0.0002155234374452203,1.7908067313880853
0.72,-0.1984219466461138,0.19842606762365886,0.1984219466461138,0.19842606762365886,0.00022470304337268737,1.8285462218345994
0.69,-0.2029884132931489,0.2029926291105382,0.2029884132931489,0.2029926291105382,0.0002371038272228823,1.8783250381860133
0.73,-0.19693856729591142,0.19694265746550857,0.19693856729591142,0.19694265746550857,0.00025423168550974836,1.9449852134103889
0.68,-0.20455016419882463,0.20455441245184175,0.20455016419882463,0.20455441245184175,0.0002769897409261053,2.0301742154259683
0.74,-0.1954741748598119,0.1954782346157958,0.1954741748598119,0.1954782346157958,0.0002996016916855209,2.1114149692281123
0.67,-0.20613213092173427,0.20613641203023667,0.20613213092173427,0.20613641203023667,0.0003358547263716024,2.2355129899889743
0.75,-0.1940285335649053,0.19403256329671395,0.1940285335649053,0.19403256329671395,0.00036025089640053876,2.315282561252517
0.66,-0.2077345695829552,0.20773888397211956,0.2077345695829552,0.20773888397211956,0.0004143968722865268,2.483188567069267
0.76,-0.19260141086643914,0.19260541095868064,0.19260141086643914,0.19260541095868064,0.0004356373108283113,2.5460328326879975
0.65,-0.2093577398645406,0.20936208796493708,0.2093577398645406,0.20936208796493708,0.0005133396216034076,2.7637824750617956
0.77,-0.19119257740296244,0.19119654823548163,0.19119257740296244,0.19119654823548163,0.0005252384743763219,2.7956302507162256
0.78,-0.1898018069521109,0.1898057489000541,0.1898018069521109,0.1898057489000541,0.0006285508269410099,3.0582407205585094
0.64,-0.2110019050598767,0.21100628730754348,0.2110019050598767,0.21100628730754348,0.0006334326114478974,3.07009401457752
0.79,-0.1884288763870259,0.18843278982090542,0.1884288763870259,0.18843278982090542,0.0007450891012083661,3.3297035642802335
0.63,-0.21266733212477051,0.21267174896129024,0.21266733212477051,0.21267174896129024,0.0007754525406819191,3.3968711787977703
0.8,-0.187073565633401,0.1870774509191584,0.187073565633401,0.1870774509191584,0.0008743857343719825,3.607056934324034
0.62,-0.2143542917292826,0.21435874360185941,0.2143542917292826,0.21435874360185941,0.0009402040658925945,3.7403524567187256
0.81,-0.18573565762713878,0.1857395151262075,0.18573565762713878,0.1857395151262075,0.001015990298660098,3.888178962453021
0.61,-0.21606305831031744,0.21606754567185513,0.21606305831031744,0.21606754567185513,0.0011285207267460369,4.097851682770013
0.82,-0.18441493827261934,0.18441876834198642,0.18441493827261934,0.18441876834198642,0.001169468950082091,4.171534247398853
0.83,-0.18311119640156245,0.18311499939382908,0.18311119640156245,0.18311499939382908,0.0013344038948234105,4.455999321697923
0.6,-0.21779391012497876,0.21779843343416028,0.21779391012497876,0.21779843343416028,0.0013412659016546328,4.467441842556088
0.84,-0.18182422373248033,0.18182799999592206,0.18182422373248033,0.18182799999592206,0.0015103928727356487,4.740743185019248
0.85,-0.18055381483071106,0.1805575647093367,0.18055381483071106,0.1805575647093367,0.0016970486573858747,5.025145174211569
0.86,-0.17929976706902387,0.17930349090263406,0.17929976706902387,0.17930349090263406,0.0018939985721460443,5.308737962410006
0.87,-0.17806188058878664,0.1780655787130312,0.17806188058878664,0.1780655787130312,0.0021008840218195053,5.591167520712847
0.88,-0.17683995826169155,0.17684363100812597,0.17683995826169155,0.17684363100812597,0.0023173600393173745,5.872164625165282
0.89,-0.1756338056520253,0.17563745334816716,0.1756338056520253,0.17563745334816716,0.002543094846912883,6.151524308824903
0.9,-0.174443230979482,0.17444685394886572,0.174443230979482,0.17444685394886572,0.0027777694316163362,6.429090848825446
0.91,-0.1732680450825037,0.17327164364473502,0.1732680450825037,0.17327164364473502,0.0030210771342278598,6.704746658697148
0.92,-0.172108061382149,0.17211163585295866,0.172108061382149,0.17211163585295866,0.0032727232516388607,6.978403971137402
0.93,-0.17096309584647496,0.17096664653777166,0.17096309584647496,0.17096664653777166,0.0035324246519665287,7.24999853939723
0.94,-0.16983296695542985,0.16983649417535215,0.16983296695542985,0.16983649417535215,0.0037999094021187656,7.519484816363899
0.95,-0.16871749566624666,0.16872099971921484,0.16871749566624666,0.16872099971921484,0.004074916407399563,7.786832227684471
0.96,-0.16761650537932996,0.1676199865660965,0.16761650537932996,0.1676199865660965,0.004357195062776897,8.05202226363789
0.97,-0.16652982190463197,0.16653328052233152,0.16652982190463197,0.16653328052233152,0.004646504915447331,8.315046190001368
0.98,-0.16545727342850597,0.16546070977070504,0.16545727342850597,0.16546070977070504,0.004942615338342621,8.575903231411733
0.99,-0.1643986904810364,0.16440210483778153,0.1643986904810364,0.16440210483778153,0.005245305214235051,8.834599118682045
1.0,-0.1633539059038305,0.16335729856169676,0.1633539059038305,0.16335729856169676,0.005554362630108752,9.091144918876733
