case,solve_index,alpha0,beta0,corr_ref_vs_lin,corr_ref_vs_Hx,corr_ref_vs_alpha_corr,max_abs_corr_ref_vs_other_physical,pair_ref_vs_other_physical,max_abs_corr_spatial_corr_vs_physical,pair_spatial_corr_vs_physical,max_abs_corr_alpha_corr_vs_physical,pair_alpha_corr_vs_physical,max_abs_corr_physical_columns,pair_physical_columns,max_abs_corr_all_columns,pair_all_columns,sigma_max,sigma_min,condition_normalized
tsfade_clean,0,0.99,2.0,-0.47824254364189567,-0.4135465467490694,0.30031549917095113,0.9758063644472915,D_x^2 H|H*Hxx,0.8730503019729444,H*Hxxx|spatial_correction_beta0=2.0,0.9890495250141131,Hx|alpha_correction,0.9886683896284214,H*Hxx|H^2*Hxx,0.9890495250141131,Hx|alpha_correction,2.650775300553407,0.006408645776381283,413.6248738107348
tsfade_clean,1,0.79,2.0,-0.47824254364189567,-0.4135465467490694,0.17863715842717354,0.9758063644472915,D_x^2 H|H*Hxx,0.8730503019729444,H*Hxxx|spatial_correction_beta0=2.0,0.9539084268496403,Hx|alpha_correction,0.9886683896284214,H*Hxx|H^2*Hxx,0.9886683896284214,H*Hxx|H^2*Hxx,2.661542080938473,0.005976982228478067,445.2986438971206
tsfade_clean,2,0.7555135487370459,1.85,-0.5110472061877146,-0.12943125773547565,-0.11751000010964537,0.9601673678717801,D_x^1.85 H|H^2,0.9188074402022944,Hxxx|spatial_correction_beta0=1.9,0.9460758473207269,Hx|alpha_correction,0.9886683896284214,H*Hxx|H^2*Hxx,0.9886683896284214,H*Hxx|H^2*Hxx,2.713538240678232,0.006156220908517823,440.77986820189426
tsfade_clean,3,0.7574865651478169,1.7927278677246121,-0.5286746737931614,-0.00938817784123088,-0.22713191299320698,0.9496468138208647,D_x^1.792728 H|H^2,0.9201740970019948,Hxxx|spatial_correction_beta0=1.8,0.946534586704136,Hx|alpha_correction,0.9886683896284214,H*Hxx|H^2*Hxx,0.9886683896284214,H*Hxx|H^2*Hxx,2.729503152435207,0.0061377193568379505,444.7096704404225
tsfade_clean,4,0.99,1.8,-0.5260784100950466,-0.024849432000140836,-0.08993672830699136,0.9518693985460187,D_x^1.8 H|H^2,0.9206208626925593,Hxxx|spatial_correction_beta0=1.8,0.9890495250141131,Hx|alpha_correction,0.9886683896284214,H*Hxx|H^2*Hxx,0.9890495250141131,Hx|alpha_correction,2.7177824561156605,0.006340058662848601,428.6683453011704
tsfade_clean,5,0.9652300169655152,1.95,-0.4958848682774492,-0.3248445747597827,0.19299179459078905,0.9749149666145613,D_x^1.95 H|H*Hxx,0.8937601455770681,H*Hxxx|spatial_correction_beta0=1.9,0.9859360524776187,Hx|alpha_correction,0.9886683896284214,H*Hxx|H^2*Hxx,0.9886683896284214,H*Hxx|H^2*Hxx,2.670415880648182,0.006373670706673865,418.9761290698611
tsfade_clean,6,0.99,1.7,-0.5700671492187983,0.1895904278999319,-0.29655424703579136,0.897872287410435,D_x^1.7 H|H^2,0.9003854655034917,Hxxx|spatial_correction_beta0=1.7,0.9890495250141131,Hx|alpha_correction,0.9886683896284214,H*Hxx|H^2*Hxx,0.9890495250141131,Hx|alpha_correction,2.741629206924389,0.006220282044942064,440.7564137953691
tsfade_clean,7,0.79,1.7,-0.5700671492187983,0.1895904278999319,-0.39000718506807575,0.897872287410435,D_x^1.7 H|H^2,0.9003854655034917,Hxxx|spatial_correction_beta0=1.7,0.9539084268496403,Hx|alpha_correction,0.9886683896284214,H*Hxx|H^2*Hxx,0.9886683896284214,H*Hxx|H^2*Hxx,2.7493584824997295,0.006060540519434934,453.6490555063678
tsfade_noise5,0,0.99,2.0,-0.48098302401277293,-0.40782087804346745,0.29791733430746203,0.9757461273718521,D_x^2 H|H*Hxx,0.8739059679604402,H*Hxxx|spatial_correction_beta0=2.0,0.9890649594171104,Hx|alpha_correction,0.9888538580196227,H*Hxx|H^2*Hxx,0.9890649594171104,Hx|alpha_correction,2.653894231673069,0.005826097197736656,455.51835844827025
tsfade_noise5,1,0.79,2.0,-0.48098302401277293,-0.40782087804346745,0.17730662002241346,0.9757461273718521,D_x^2 H|H*Hxx,0.8739059679604402,H*Hxxx|spatial_correction_beta0=2.0,0.9541807693230258,Hx|alpha_correction,0.9888538580196227,H*Hxx|H^2*Hxx,0.9888538580196227,H*Hxx|H^2*Hxx,2.6637873775827856,0.0055458166748763894,480.323734762141
tsfade_noise5,2,0.99,1.8,-0.531348014017823,-0.017214074950256137,-0.09351566305071182,0.9541038825980843,D_x^1.8 H|H^2,0.9277301215401224,Hxxx|spatial_correction_beta0=1.8,0.9890649594171104,Hx|alpha_correction,0.9888538580196227,H*Hxx|H^2*Hxx,0.9890649594171104,Hx|alpha_correction,2.7214359016947616,0.005749246673695421,473.3552161096464
tsfade_noise5,3,0.79,1.8,-0.531348014017823,-0.017214074950256137,-0.20099934443385004,0.9541038825980843,D_x^1.8 H|H^2,0.9277301215401224,Hxxx|spatial_correction_beta0=1.8,0.9541807693230258,Hx|alpha_correction,0.9888538580196227,H*Hxx|H^2*Hxx,0.9888538580196227,H*Hxx|H^2*Hxx,2.7298204148814413,0.005599004483764272,487.55460417959034
tsfade_noise5,4,0.7461027702250187,1.7567659083262153,-0.5484202575336726,0.07514063569149394,-0.3026264976914971,0.9365750227562626,D_x^1.756766 H|H^2,0.9232318504795328,Hxxx|spatial_correction_beta0=1.8,0.9442062221441285,Hx|alpha_correction,0.9888538580196227,H*Hxx|H^2*Hxx,0.9888538580196227,H*Hxx|H^2*Hxx,2.7414735962128978,0.005566989564134102,492.4517218201954
tsfade_noise5,5,0.99,1.7,-0.575462547019663,0.19659517550779115,-0.2994229356363747,0.8992843123038576,D_x^1.7 H|H^2,0.9089111204783437,Hxxx|spatial_correction_beta0=1.7,0.9890649594171104,Hx|alpha_correction,0.9888538580196227,H*Hxx|H^2*Hxx,0.9890649594171104,Hx|alpha_correction,2.7458731486751415,0.005640764940700871,486.7909188809353
tsfade_noise5,6,0.79,1.7,-0.575462547019663,0.19659517550779115,-0.39180695064719967,0.8992843123038576,D_x^1.7 H|H^2,0.9089111204783437,Hxxx|spatial_correction_beta0=1.7,0.9541807693230258,Hx|alpha_correction,0.9888538580196227,H*Hxx|H^2*Hxx,0.9888538580196227,H*Hxx|H^2*Hxx,2.752901432176408,0.00551622589633226,499.0552388376286
tsfade_noise25,0,0.99,2.0,-0.5209792087441181,-0.4677960776885186,0.3304085432223286,0.9822360881699757,D_x^2 H|H*Hxx,0.8244469398824381,H*Hxxx|spatial_correction_beta0=2.0,0.9826526458871977,Hx|alpha_correction,0.9923983433331277,H*Hxx|H^2*Hxx,0.9923983433331277,H*Hxx|H^2*Hxx,2.646335577940288,0.005278048584389821,501.38522516958284
tsfade_noise25,1,0.79,2.0,-0.5209792087441181,-0.4677960776885186,0.21732028847371765,0.9822360881699757,D_x^2 H|H*Hxx,0.8244469398824381,H*Hxxx|spatial_correction_beta0=2.0,0.9420056521103334,Hx|alpha_correction,0.9923983433331277,H*Hxx|H^2*Hxx,0.9923983433331277,H*Hxx|H^2*Hxx,2.656144466910612,0.005285597037970181,502.5249650757801
tsfade_noise25,2,0.99,1.8,-0.5014839928382838,-0.14242029090536185,0.005069309452250994,0.9610857232046958,D_x^1.8 H|H^2,0.8999895916414543,Hxxx|spatial_correction_beta0=1.8,0.9826526458871977,Hx|alpha_correction,0.9923983433331277,H*Hxx|H^2*Hxx,0.9923983433331277,H*Hxx|H^2*Hxx,2.7109119295083057,0.0050621793127359595,535.52269922322
tsfade_noise25,3,0.79,1.9191833478560438,-0.5190413613114717,-0.3471360339571849,0.09733451912308877,0.9743884593966919,D_x^1.919183 H|H*Hxx,0.8660058586457595,Hxxx|spatial_correction_beta0=1.9,0.9420056521103334,Hx|alpha_correction,0.9923983433331277,H*Hxx|H^2*Hxx,0.9923983433331277,H*Hxx|H^2*Hxx,2.6841024240237834,0.005245570940438404,511.68928120519456
tsfade_noise25,4,0.99,1.7,-0.5050440342868081,0.051243483654638496,-0.18086293647861856,0.9242535860927885,D_x^1.7 H|H^2,0.9007481534660652,H*Hx|spatial_correction_beta0=1.7,0.9826526458871977,Hx|alpha_correction,0.9923983433331277,H*Hxx|H^2*Hxx,0.9923983433331277,H*Hxx|H^2*Hxx,2.733186386634294,0.005015011282754624,545.0010443711346
tsfade_noise25,5,0.79,1.8410912270498043,-0.5054804413905926,-0.21650599590762615,-0.027524223563684735,0.9641291265367233,D_x^1.841091 H|H^2,0.8946652152806659,Hxxx|spatial_correction_beta0=1.8,0.9420056521103334,Hx|alpha_correction,0.9923983433331277,H*Hxx|H^2*Hxx,0.9923983433331277,H*Hxx|H^2*Hxx,2.7083096987673025,0.005145679199788948,526.3269616338276
