alpha,beta,coef_dbeta,coef_hx,coefficients,condition,eval,loss,message,mse,seconds,status,support,tolerance,validation_residual_norm
0.6398411968399667,1.9843334829807215,0.0,-1.2860629675195772,0;0;-1.28606296752;0;0;0;0;0;0;0;0;0,42962.561692067844,1,47.97556141151077,,0.01031548410769774,0.4028827999999862,ok,Hx,1.481818181818181,11.346243504529056
0.8272313940622935,1.3265900352261721,0.0,-0.8571688890477392,0;0;-0.857168889048;0;0;0;0;0;0;0;0;0,41576.704037849326,2,45.7579064469666,,0.006913746404015312,0.39358870000000934,ok,Hx,0.6431578947368424,9.288894181877145
0.48827768361114166,1.2333223634026589,0.0,-1.7381311259726397,0;0;-1.73813112597;0;0;0;0;0;0;0;0;0,42043.25893253929,3,53.963652982097486,,0.05851764225892187,0.4136506000000395,ok,Hx,1.5100000000000005,27.024066596116597
0.03475906169579762,1.4236766483651773,7.584222313878662,-8.525942609448304,0;0;-8.52594260945;7.58422231388;0;0;0;-3.14577842348;-2.86292782709;0;0;0,40972.89761604939,4,204.5230556551493,,0.6701616394273139,0.4141822999999931,ok,Hx;D_x^1.423677 H;H*Hxx;H*Hxxx,2.500000000000001,91.4528143910994
0.6897075374345438,1.717450446896344,0.0,-1.1590477850051764,0;0;-1.15904778501;0;0;0;0;0;0;0;0;0,38881.45641837606,5,42.79405613333176,,0.006208181631241895,0.3945281999999679,ok,Hx,1.0333333333333332,8.802164890406157
0.4610692270263791,1.8222514018941443,0.0,-1.8308190761163141,0;0;-1.83081907612;0;0;0;0;0;0;0;0;0,39980.933964226555,6,53.62046989614913,,0.07657045579244105,0.38466940000000704,ok,Hx,1.900000000000001,30.912769016858785
0.5670294351944193,1.8979235825722076,0.0,-1.4902124675382125,0;0;-1.49021246754;0;0;0;0;0;0;0;0;0,41966.86531080286,7,49.71270522227232,,0.024733334329452926,0.37890369999996665,ok,Hx,1.481818181818181,17.56906407386496
0.5327415280355602,1.9140459871620286,0.0,-1.5945402785223532,0;0;-1.59454027852;0;0;0;0;0;0;0;0;0,42319.47912201621,8,51.7360901713935,,0.036546145837832444,0.3836277999999993,ok,Hx,1.5999999999999999,21.356401851813636
0.3262435959567813,1.346222446490526,0.0,-2.348702337391525,0;0;-2.34870233739;0;0;0;0;0;0;0;0;0,41464.968605391725,9,65.84675473873197,,0.2441042882224648,0.3994754999999941,ok,Hx,2.15,55.19439751475108
0.1609193601076711,1.5187559856583701,5.999707091953435,-5.308757295579897,0;0;-5.30875729558;5.99970709195;0;0;0;-1.99294720908;0;0;0;0,40253.385866912235,10,153.62351244295914,,0.43899599507069126,0.3998672999999826,ok,Hx;D_x^1.518756 H;H*Hxx,1.75,74.01803846686445
0.9835196037494893,1.9447504218202099,0.0,-0.588641098859117,0;0;-0.588641098859;0;0;0;0;0;0;0;0;0,42787.36148131545,11,48.612221314639626,,0.013530751685833151,0.3873070999999868,ok,Hx,0.30000000000000004,12.994759753038828
0.6146006696466672,1.3004035357147372,0.0,-1.3542420382396387,0;0;-1.35424203824;0;0;0;0;0;0;0;0;0,41718.09538345153,12,47.54263371222195,,0.013963571225230233,0.39062770000003866,ok,Hx,1.0511111111111113,13.200960907860962
0.8561045804375035,1.2032624790185626,0.0,-0.8020184767648485,0;0;-0.802018476765;0;0;0;0;0;0;0;0;0,42173.10762955133,13,46.689064375386195,,0.008077000947798082,0.3816557999999759,ok,Hx,0.6078947368421056,10.039968716511027
0.1895240972696292,1.1663845561892876,0.0,-2.7985146791607085,0;0;-2.79851467916;0;4.41922196807;0;0;0;0;0;0;0,42320.23174246264,14,123.89314280911212,,0.6334067284026155,0.398323199999993,ok,Hx;Hxxx,2.500000000000001,88.90959436677598
0.9561099667340214,1.8484264583035248,0.0,-0.63064555503022,0;0;-0.63064555503;0;0;0;0;0;0;0;0;0,40645.5144103595,15,46.23540719700414,,0.012446434999977324,0.38858039999996663,ok,Hx,0.3818181818181819,12.463206200641832
0.5841555853519856,1.6529662656663584,1.425261347811372,-1.70037395132395,0;0;-1.70037395132;1.42526134781;0.360091218155;0;0;-0.320775495787;0;0;0;0,39158.03579596385,16,162.81377277242444,,0.015581755011055343,0.4060605000000237,ok,Hx;D_x^1.652966 H;Hxxx;H*Hxx,0.1,13.944902385386952
0.7196157247965254,1.0545833624534255,0.0,-1.0875535038251587,0;0;-1.08755350383;0;0;0;0;0;0;0;0;0,42693.9073956109,17,46.30400342631031,,0.0052296479070572804,0.38261660000000575,ok,Hx,0.8568627450980385,8.078737889056363
0.38130778395924786,1.5482120653716076,0.0,-2.1249224062369207,0;0;-2.12492240624;0;0;0;0;0;0;0;0;0,40008.51623531907,18,59.5365731654871,,0.1567199398765,0.3927618000000166,ok,Hx,1.775,44.22516082117418
0.10787678371950143,1.5005149961146462,0.0,-3.4269379807128812,0;0;-3.42693798071;0;0;0;0;0;0;0;0;0,40400.66571075876,19,91.62558771312709,,1.075367883413427,0.4015420999999719,ok,Hx,2.500000000000001,115.84727525928079
0.26588866376413955,1.022521899032092,0.0,0.0,0;0;0;0;33.4257186073;0;0;0;0;0;0;0,42783.33987977064,20,99.64526221214972,,1.2903706589910158,0.4004129999999577,ok,Hxxx,2.500000000000001,126.90085036834023
0.35859582962079406,1.3901220833128705,2.678699638675955,-3.986407705521272,0;0;-3.98640770552;2.67869963868;0;0;0;-1.09978368143;-0.981294821655;0;0;0,41196.401497246785,21,177.42220400042655,,0.06446608863287133,0.3992498999999725,ok,Hx;D_x^1.390122 H;H*Hxx;H*Hxxx,0.4,28.364357671878174
0.910601616259219,1.4680659307852015,0.0,-0.7049880433218564,0;0;-0.704988043322;0;0;0;0;0;0;0;0;0,40652.35004666179,22,45.78856691097646,,0.010483036405134786,0.3828526000000352,ok,Hx,0.555,11.438019685945733
0.7765095474649211,1.2477516783339972,0.0,-0.9607079208959821,0;0;-0.960707920896;0;0;0;0;0;0;0;0;0,41977.57309118165,23,45.66974353546086,,0.005396188563335768,0.37857969999998886,ok,Hx,0.7259259259259251,8.206365411705134
0.0682928147924477,1.7954378427927467,8.656329475826645,-4.930545574886912,0;0;-4.93054557489;8.65632947583;0;0;0;-8.97021416503;0;0;0.807814007154;0,39444.52937246239,24,199.32245900484833,,0.7118551117966231,0.42579979999999296,ok,Hx;D_x^1.795438 H;H*Hxx;H^2*Hxx,0.6,94.25471762846598
0.42371849724476185,1.7575025216622855,3.2683020140823675,-2.4558605868223045,0;0;-2.45586058682;3.26830201408;0;0;0;-2.61156934054;0;0;0.220630090659;0,38998.74894676047,25,168.54725338576836,,0.06463184484570286,0.4109995000000026,ok,Hx;D_x^1.757503 H;H*Hxx;H^2*Hxx,0.2,28.400799701317773
0.13668014758538355,1.1162035326876283,0.0,-3.051752607249811,0;0;-3.05175260725;0;5.05398977207;0;0;0;0;0;0;0,42500.60428104176,26,131.4852435657732,,0.8879870355544682,0.40335169999997333,ok,Hx;Hxxx,2.500000000000001,105.27145008842504
0.7595405068525503,1.6254598683444204,0.0,-0.9973213065056447,0;0;-0.997321306506;0;0;0;0;0;0;0;0;0,39362.3064288749,27,42.95757849537463,,0.005129173812399009,0.37280579999998054,ok,Hx,0.7592592592592585,8.000755537993873
0.22607527189059945,1.7009071595819696,7.499922851602986,-4.006650434017706,0;0;-4.00665043402;7.4999228516;0;0;0;-6.67482161045;1.00548480297;0;0.576377324648;0,38911.45933153736,28,218.07062693061573,,0.2263205066771106,0.4186914999999658,ok,Hx;D_x^1.700907 H;H*Hxx;H*Hxxx;H^2*Hxx,0.4,53.14583636871604
0.2804664843816254,1.5859417896736618,4.541742046555706,-3.9587253685019954,0;0;-3.9587253685;4.54174204656;-3.15813422188;0;0;-1.38409807079;0;0;0;0,39688.44508244911,29,181.85417242730077,,0.21745414119242212,0.4018232000000239,ok,Hx;D_x^1.585942 H;Hxxx;H*Hxx,0.8764705882352934,52.094411236536956
0.8694873130429859,1.099401330120707,0.0,-0.7773513340132916,0;0;-0.777351334013;0;0;0;0;0;0;0;0;0,42556.253039574716,30,47.22893615530567,,0.008654439019894324,0.3832555000000184,ok,Hx,0.5800000000000001,10.39266082234387
0.1791436370410644,1.992521531647122,-14.790082455123773,-3.6330883988450493,0;0;-3.63308839885;-14.7900824551;0;0;0;1.30329200543;-0.886899396635;0;0;0,42944.02879298017,31,203.20975619933472,,0.40581102330727115,0.4399856,ok,Hx;D_x^1.992522 H;H*Hxx;H*Hxxx,0.5,71.16545208789687
0.8272313940622935,1.8486840067262527,0.0,-0.8571688890477392,0;0;-0.857168889048;0;0;0;0;0;0;0;0;0,40652.5009155435,32,44.833703324660775,,0.006913746404015312,0.26508430000001226,ok,Hx,0.6894736842105268,9.288894181877145
0.36861467509971985,1.5810834631112067,3.4666538385149006,-3.2408975517242857,0;0;-3.24089755172;3.46665383851;-2.00277489339;0;0;-1.028714152;0;0;0;0,39729.64967386806,33,175.30023958152708,,0.10922387441486144,0.40147349999995185,ok,Hx;D_x^1.581083 H;Hxxx;H*Hxx,0.6263157894736846,36.92037313865436
0.09195042432042538,1.8132307264064669,0.0,-3.51882530724554,0;0;-3.51882530725;0;0;0;0;0;0;0;0;0,39781.2251395768,34,93.51636451176674,,1.1832436083952413,0.4022653999999761,ok,Hx,1.481818181818181,121.519052961964
0.6398411968399667,1.3386537790245043,0.0,-1.2860629675195772,0;0;-1.28606296752;0;0;0;0;0;0;0;0;0,41508.640185011405,35,46.52163990445433,,0.01031548410769774,0.26535219999999526,ok,Hx,0.9749999999999992,11.346243504529056
0.9195796824089457,1.670076952451329,0.0,-0.6898533745069535,0;0;-0.689853374507;0;0;0;0;0;0;0;0;0,39049.306072421816,36,44.2807821141594,,0.010881068342327684,0.37756029999997054,ok,Hx,0.5124999999999996,11.653142619579041
0.39717258279437645,1.948500679977158,0.0,-2.063668952377779,0;0;-2.06366895238;0;0;0;0;0;0;0;0;0,42824.363984325566,37,61.07691449152227,,0.13695313563447953,0.406316199999992,ok,Hx,0.2951111111111112,41.34217135950051
0.1569862910182651,1.2884116185770547,4.083476497110418,-7.259831449008622,0;0;-7.25983144901;4.08347649711;-29.9910518303;0;0;-4.18639888563;-0.254989194524;0;0.263497429193;0.297533711574,41780.03287501628,38,314.32069793714385,,0.18822479554371666,0.43202550000000883,ok,Hx;D_x^1.288412 H;Hxxx;H*Hxx;H*Hxxx;H^2*Hxx;H^2*Hxxx,0.2,48.46695212601659
0.888426210498658,1.346222446490526,0.0,-0.7433861961699635,0;0;-0.74338619617;0;0;0;0;0;0;0;0;0,41464.968605391725,39,46.35583389074914,,0.009492736503394793,0.1304882999999677,ok,Hx,0.5700000000000001,10.884362708140841
0.5485300886185902,1.8645463781455227,0.0,-1.545824628340774,0;0;-1.54582462834;0;0;0;0;0;0;0;0;0,41089.4886816831,40,49.70823559058695,,0.03062071090695149,0.40382690000001276,ok,Hx,1.5400000000000005,19.548567009342516
0.42033417346170215,1.7039652164609955,3.4851249124695647,-2.6327313502316003,0;0;-2.63273135023;3.48512491247;0;0;0;-2.69852808207;0;0;0.219057898049;0,38903.19034630747,41,167.7371036215668,,0.0600913424959717,0.4443254999999908,ok,Hx;D_x^1.703965 H;H*Hxx;H^2*Hxx,0.1501278772378519,27.38503157474402
0.9601327579984669,1.3004035357147372,0.0,-0.6243531704764048,0;0;-0.624353170476;0;0;0;0;0;0;0;0;0,41718.09538345153,42,47.34436282902598,,0.012611282126672013,0.13319489999997813,ok,Hx,0.5000000000000001,12.54546933920237
0.9454750180280568,1.4858555900254924,0.0,-0.6474956106077426,0;0;-0.647495610608;0;0;0;0;0;0;0;0;0,40516.09500148476,43,46.006776429584384,,0.012002421535576522,0.3996793000000025,ok,Hx,0.5242857142857145,12.238881516053459
0.17766428687242342,1.0879371085641107,0.0,-2.853703038645574,0;0;-2.85370303865;0;4.55952339234;0;0;0;0;0;0;0,42592.92868103273,44,125.98874782655204,,0.6843712619249651,0.4097090999999864,ok,Hx;Hxxx,2.500000000000001,92.41727841060656
0.35384607532088275,1.8484264583035248,0.0,-2.234320799221517,0;0;-2.23432079922;0;0;0;0;0;0;0;0;0,40645.5144103595,45,62.509688629869544,,0.1963732609225468,0.14380100000005314,ok,Hx,2.400000000000001,49.50493204028649
0.5271497686438033,1.6433722433183713,0.0,-1.6120747405381353,0;0;-1.61207474054;0;0;0;0;0;0;0;0;0,39225.92479534257,46,48.93663080499567,,0.03886142748714761,0.3919809000000214,ok,Hx,1.4212121212121207,22.02250246996472
0.4505210008887399,1.2976264176151497,0.0,-1.8677694982449613,0;0;-1.86776949824;0;0;0;0;0;0;0;0;0,41732.59322281813,47,56.07733427383324,,0.08467469540747936,0.41702459999999064,ok,Hx,1.6185185185185185,32.50754064344675
0.21224277807564718,1.5482120653716076,5.362149560230559,-4.60875627917704,0;0;-4.60875627918;5.36214956023;0;0;0;-1.69922303092;0;0;0;0,40008.51623531907,48,148.52860966803192,,0.33054366642114186,0.14886880000000247,ok,Hx;D_x^1.548212 H;H*Hxx,1.0999999999999999,64.22760276497831
0.10787678371950143,1.656124287482216,5.721685134428645,-4.675259180245132,0;0;-4.67525918025;5.72168513443;0;0;0;-1.73603588814;0;0;0;0,39136.67339395336,49,161.2366721745901,,0.7876909054618313,0.29522309999998697,ok,Hx;D_x^1.656124 H;H*Hxx,0.9999999999999999,99.14828541212225
0.8695807872755446,1.022521899032092,0.0,-0.777180997817094,0;0;-0.777180997817;0;0;0;0;0;0;0;0;0,42783.33987977064,50,47.457113005423366,,0.008658527174301541,0.1291475999999534,ok,Hx,0.5800000000000001,10.395115157384415
0.6055725889147971,1.998263041798106,0.0,-1.3792853686066253,0;0;-1.37928536861;0;0;0;0;0;0;0;0;0,42921.308320259304,51,49.07278636309595,,0.01558407477692781,0.37920700000000807,ok,Hx,1.6777777777777776,13.945940384787935
0.37417211520312754,1.4680659307852015,0.0,-2.152934184454714,0;0;-2.15293418445;0;0;0;0;0;0;0;0;0,40652.35004666179,52,60.77162396537646,,0.1663334342629948,0.1325798999999961,ok,Hx,1.775,45.56140098375131
0.4430602858439301,1.1258732938996057,0.0,-1.8942535734243544,0;0;-1.89425357342;0;0;0;0;0;0;0;0;0,42467.529060986584,53,57.32428869966722,,0.0908136016655971,0.38565069999998514,ok,Hx,1.775,33.66531967450557
0.5112175142747287,1.331021309997848,0.0,-1.662852932006659,0;0;-1.66285293201;0;0;0;0;0;0;0;0;0,41551.92127613478,54,52.133391228323106,,0.04613091271838305,0.3856908000000203,ok,Hx,1.3499999999999994,23.99403656589321
0.9386797280572372,1.8398569300685026,0.0,-0.6584270780122939,0;0;-0.658427078012;0;0;0;0;0;0;0;0;0,40416.883206869425,55,45.84190629658623,,0.01171308168644826,0.3813286999999832,ok,Hx,0.42142857142857165,12.090461506777741
0.13668014758538355,1.423679280429829,0.0,-3.265644736665352,0;0;-3.26564473667;0;0;0;0;0;0;0;0;0,40972.87933242485,56,87.86813225811002,,0.9014168280752051,0.2944534999999746,ok,Hx,2.500000000000001,106.06451816879459
0.7096889809759346,1.9241535501743245,0.0,-1.110904755916255,0;0;-1.11090475592;0;0;0;0;0;0;0;0;0,42505.12817930149,57,46.1855070906387,,0.005454571859170156,0.379707499999995,ok,Hx,1.1357142857142852,8.250639781401413
0.6640912643778053,1.627428789551583,0.0,-1.2230470583675173,0;0;-1.22304705837;0;0;0;0;0;0;0;0;0,39346.81749194971,58,43.73536681480188,,0.007868773507553188,0.3757055000000378,ok,Hx,0.9624999999999991,9.909707027670585
0.41425063252359284,1.3285025630830807,0.0,-1.9992880123083066,0;0;-1.99928801231;0;0;0;0;0;0;0;0;0,41566.03872663792,59,58.50452037840671,,0.11798009516562928,0.39231340000003456,ok,Hx,1.7249999999999999,38.37175507671044
0.7578546302707063,1.814311892423582,0.0,-1.001014537093813,0;0;-1.00101453709;0;0;0;0;0;0;0;0;0,39804.191525197435,60,43.39263422475353,,0.005111348613175812,0.3859678000000031,ok,Hx,0.9017857142857136,7.986841095979946
0.6897075374345438,1.0642006624591187,0.0,-1.1590477850051764,0;0;-1.15904778501;0;0;0;0;0;0;0;0;0,42665.64477047901,61,46.57824448543471,,0.006208181631241895,0.28615489999998545,ok,Hx,0.9274999999999993,8.802164890406157
0.7586886540876215,1.7425979401143374,0.0,-0.9991861849537848,0;0;-0.999186184954;0;0;0;0;0;0;0;0;0,38918.40927088961,62,42.51016120823592,,0.005119956650459573,0.3747318000000064,ok,Hx,0.8490196078431366,7.9935635981541715
0.9582471550138172,1.4744717194712678,0.0,-0.6272970712539712,0;0;-0.627297071254;0;0;0;0;0;0;0;0;0,40603.78462175965,63,46.213081986375315,,0.012534236704997481,0.3853201000000013,ok,Hx,0.5149999999999997,12.507088953004555
0.32518733070329153,1.8082390892967735,0.0,-3.898723624653333,0;0;-3.89872362465;0;0;0;0.318048916388;-4.53041340979;-0.705953034311;0;0.542092783691;0.376417044763,39678.80209482447,64,254.58382132060774,,0.11464555626846071,0.4241599000000065,ok,Hx;H*Hx;H*Hxx;H*Hxxx;H^2*Hxx;H^2*Hxxx,0.2,37.82560696446773
0.8969475274907643,1.9814556806840904,0.0,-0.728458105149881,0;0;-0.72845810515;0;0;0;0;0;0;0;0;0,42964.99253946892,65,47.95167677749295,,0.009873500143223628,0.3732592000000068,ok,Hx,0.5077777777777779,11.100508176990406
0.5112850765057546,1.9094725123332905,0.0,-1.662635022018886,0;0;-1.66263502202;0;0;0;0;0;0;0;0;0,42226.07699090321,66,52.80375199236755,,0.04609788776727372,0.3957965000000172,ok,Hx,1.6777777777777776,23.9854464068438
0.5670294351944193,1.7123529069115793,1.2370242827880238,-1.6470440836760816,0;0;-1.64704408368;1.23702428279;0.526674799534;0;0;-0.263998035475;0;0;0;0,38886.69353921303,67,162.83469940802456,,0.02176939825062001,0.3010939000000121,ok,Hx;D_x^1.712353 H;Hxxx;H*Hxx,0.1,16.482781627132532
0.5529018382514794,1.9140459871620286,0.0,-1.5325406635171577,0;0;-1.53254066352;0;0;0;0;0;0;0;0;0,42319.47912201621,68,50.72585925286515,,0.029131138430470983,0.13656320000001188,ok,Hx,1.5400000000000005,19.067160449639005
0.7673988714693863,1.9629721651799348,0.0,-0.9802393993755554,0;0;-0.980239399376;0;0;0;0;0;0;0;0;0,42925.94013879833,69,46.560049801041835,,0.005233745240781157,0.38083409999995865,ok,Hx,0.9053571428571422,8.081902041286373
0.8567245769193053,1.977497369670518,0.0,-0.8008633321540077,0;0;-0.800863332154;0;0;0;0;0;0;0;0;0,42964.72457654392,70,47.48795821797108,,0.008103351808396457,0.37657619999998815,ok,Hx,0.6131578947368425,10.056332858889855
0.9835196037494893,1.8716069583392745,0.0,-0.588641098859117,0;0;-0.588641098859;0;0;0;0;0;0;0;0;0,41284.31894898355,71,47.10917878230773,,0.013530751685833151,0.2725419999999872,ok,Hx,0.3311688311688312,12.994759753038828
0.9601327579984669,1.6037795130836616,0.0,-0.6243531704764048,0;0;-0.624353170476;0;0;0;0;0;0;0;0;0,39538.525910949225,72,45.164793356523674,,0.012611282126672013,0.2733407999999713,ok,Hx,0.4904761904761909,12.54546933920237
0.49545882044224804,1.869639284325055,0.0,-1.7142875257312562,0;0;-1.71428752573;0;0;0;0;0;0;0;0;0,41230.22603516449,73,52.720661551255965,,0.05438028062174873,0.380527700000016,ok,Hx,1.7249999999999999,26.05121690361938
0.7456446746288148,1.9987178392175124,0.0,-1.028067107254883,0;0;-1.02806710725;0;0;0;0;0;0;0;0;0,42919.17932097097,74,46.47579808937106,,0.0050349846441037314,0.3716175999999791,ok,Hx,0.9874999999999992,7.926954544994854
0.6276136440207825,1.706055732694597,0.0,-1.3187569208849026,0;0;-1.31875692088;0;0;0;0;0;0;0;0;0,38898.20973234782,75,44.28489303285768,,0.011929142820459888,0.38555709999997134,ok,Hx,1.2230769230769227,12.201463125352607
0.5271497686438033,1.0786634001390014,0.0,-1.6120747405381353,0;0;-1.61207474054;0;0;0;0;0;0;0;0;0,42621.848408234866,76,52.33255441788797,,0.03886142748714761,0.2769655999999827,ok,Hx,1.4454545454545447,22.02250246996472
0.7331733911523972,1.4773551801374532,0.0,-1.0562571236263019,0;0;-1.05625712363;0;0;0;0;0;0;0;0;0,40581.73936996514,77,44.1416350385804,,0.0050622673583695585,0.38894290000001774,ok,Hx,0.7666666666666658,7.948402143352593
0.49707100545119043,1.5426115566511793,0.0,-1.7089696387268096,0;0;-1.70896963873;0;0;0;0;0;0;0;0;0,40055.6138843201,78,51.450879766457305,,0.05348491285439059,0.40287739999996575,ok,Hx,0.6,25.83586097699851
0.6262328802848509,1.8607289923590482,0.0,-1.3224881445351224,0;0;-1.32248814454;0;0;0;0;0;0;0;0;0,40983.7024683806,79,46.41492039922376,,0.012128974155960466,0.3785383999999681,ok,Hx,1.5100000000000005,12.303235243885512
0.7689028632119481,1.0222367618709671,0.0,-0.9769950484647824,0;0;-0.976995048465;0;0;0;0;0;0;0;0;0,42784.1029115122,80,46.426884388767796,,0.0052576241784499855,0.38394879999998466,ok,Hx,0.7518518518518511,8.100317879383242
0.5959442771715591,1.8662599938878395,0.0,-1.4063820095527981,0;0;-1.40638200955;0;0;0;0;0;0;0;0;0,41136.92723719785,81,47.65714608246603,,0.017516038553406083,0.3767318999999816,ok,Hx,1.6777777777777776,14.785133112235004
0.7426625737457364,1.9909356487374992,0.0,-1.0347561597560577,0;0;-1.03475615976;0;0;0;0;0;0;0;0;0,42948.915348450755,82,46.50283443011676,,0.005031306772978608,0.3755196999999839,ok,Hx,1.0028571428571427,7.924058841703097
0.7765095474649211,1.225572239231477,0.0,-0.9607079208959821,0;0;-0.960707920896;0;0;0;0;0;0;0;0;0,42077.626535944524,83,45.76979698022373,,0.005396188563335768,0.26627780000001167,ok,Hx,0.7259259259259251,8.206365411705134
0.7802838037990321,1.863898386896716,0.0,-0.952701653318679,0;0;-0.952701653319;0;0;0;0;0;0;0;0;0,41071.53633782205,84,44.79137722238908,,0.00547540859763097,0.37386329999998225,ok,Hx,0.8411764705882346,8.266383689282424
0.593702250875897,1.8562927692538236,0.0,-1.412749694315948,0;0;-1.41274969432;0;0;0;0;0;0;0;0;0,40860.971663004646,85,47.4699544237636,,0.017997627623211315,0.3795555000000377,ok,Hx,1.6777777777777776,14.987007464389855
0.815185449502178,1.7631941967199127,0.0,-0.8809766727994918,0;0;-0.880976672799;0;0;0;0;0;0;0;0;0,39042.646101365215,86,43.090808397915964,,0.006478501979234437,0.3815480000000093,ok,Hx,0.7083333333333327,8.991757597980818
0.9653537203793243,1.4744717194712678,0.0,-0.6162526116282826,0;0;-0.616252611628;0;0;0;0;0;0;0;0;0,40603.78462175965,87,46.27630174001059,,0.012822474570278424,0.134857199999999,ok,Hx,0.5091666666666664,12.650078364859038
0.6662221979711982,1.4847139166363506,0.0,-1.2176237035365827,0;0;-1.21762370354;0;0;0;0;0;0;0;0;0,40524.96747136234,88,44.866493300271635,,0.007697022189646207,0.3829483999999752,ok,Hx,0.8764705882352934,9.80096102057266
0.7642541207818585,1.4526643719833197,0.0,-0.9870489408087754,0;0;-0.987048940809;0;0;0;0;0;0;0;0;0,40766.76438643648,89,44.38399426872988,,0.00518775523286458,0.39475709999999253,ok,Hx,0.7222222222222213,8.046315014101173
0.7578546302707063,1.9800588319826289,0.0,-1.001014537093813,0;0;-1.00101453709;0;0;0;0;0;0;0;0;0,42965.382668039754,90,46.55382536759585,,0.005111348613175812,0.2707937000000129,ok,Hx,0.9437499999999992,7.986841095979946
0.7351185774645743,1.7425979401143374,0.0,-1.051822728205882,0;0;-1.05182272821;0;0;0;0;0;0;0;0;0,38918.40927088961,91,42.47520852375964,,0.005050435785489106,0.12333449999999857,ok,Hx,0.9208333333333326,7.939108174279026
0.7819815741929664,1.722517182330897,0.0,-0.9491163392648045,0;0;-0.949116339265;0;0;0;0;0;0;0;0;0,38880.15148710994,92,42.61306755473043,,0.00551318807089414,0.3773922999999968,ok,Hx,0.7666666666666658,8.294853050220894
0.709283310755638,1.4005051492756047,0.0,-1.1118669634358416,0;0;-1.11186696344;0;0;0;0;0;0;0;0;0,41128.96056508213,93,44.81283818204317,,0.005465748089501895,0.3679344000000242,ok,Hx,0.8142857142857137,8.259088094758624
0.6917712867261794,1.3869313300163646,0.0,-1.1540040755825498,0;0;-1.15400407558;0;0;0;0;0;0;0;0;0,41216.819710833515,94,45.099741211441405,,0.006110109565665082,0.37953270000002703,ok,Hx,0.8470588235294111,8.732363218482167
0.7022431317555387,1.9223897987641416,0.0,-1.1286654076883387,0;0;-1.12866540769;0;0;0;0;0;0;0;0;0,42474.87820505994,95,46.22745056073918,,0.005685892864505833,0.373690100000033,ok,Hx,1.1714285714285708,8.423772489154297
0.8420297995271581,1.960178636420186,0.0,-0.8285689341407902,0;0;-0.828568934141;0;0;0;0;0;0;0;0;0,42911.356031915086,96,47.26256037683439,,0.007492466162674439,0.37971679999998287,ok,Hx,0.6526315789473689,9.669848898001302
0.7333287702462266,1.8979235825722076,0.0,-1.0559023959186449,0;0;-1.05590239592;0;0;0;0;0;0;0;0;0,41966.86531080286,97,45.52647714536827,,0.005061214816945212,0.12594350000000532,ok,Hx,1.0280000000000002,7.947575788595931
0.7334717378488543,1.8855163610004306,0.0,-1.0555760808294188,0;0;-1.05557608083;0;0;0;0;0;0;0;0;0,41657.307424552804,98,45.21666377729651,,0.005060263200463143,0.3735571999999934,ok,Hx,1.0280000000000002,7.9468285964767125
0.888426210498658,1.3620398285711746,0.0,-0.7433861961699635,0;0;-0.74338619617;0;0;0;0;0;0;0;0;0,41371.23844345807,99,46.26210372881548,,0.009492736503394793,0.25950890000001436,ok,Hx,0.5700000000000001,10.884362708140841
0.8104366457057093,1.6186305721494127,0.0,-0.8904941442226608,0;0;-0.890494144223;0;0;0;0;0;0;0;0;0,39416.792423054336,100,43.41448978547401,,0.006317555872612457,0.38222500000000537,ok,Hx,0.6684210526315795,8.879363563353145
0.9835196037494893,1.5032570425023153,0.0,-0.588641098859117,0;0;-0.588641098859;0;0;0;0;0;0;0;0;0,40378.77466201216,101,46.20363449533634,,0.013530751685833151,0.2755663000000368,ok,Hx,0.42335600907029514,12.994759753038828
0.7190053924089362,1.6037795130836616,0.0,-1.0889785144505626,0;0;-1.08897851445;0;0;0;0;0;0;0;0;0,39538.525910949225,102,43.15210422662964,,0.005240866042194343,0.1384691000000089,ok,Hx,0.8215686274509798,8.087398111048163
0.9454750180280568,1.9180209292045913,0.0,-0.6474956106077426,0;0;-0.647495610608;0;0;0;0;0;0;0;0;0,42396.0005052172,103,47.88668193331682,,0.012002421535576522,0.2837137999999868,ok,Hx,0.3990476190476193,12.238881516053459
0.7522833627824985,1.2212938601615844,0.0,-1.0132917666562398,0;0;-1.01329176666;0;0;0;0;0;0;0;0;0,42096.33080557317,104,45.666278524066264,,0.00506470047809312,0.38755170000001726,ok,Hx,0.7666666666666658,7.9503120672462995
0.6276136440207825,1.3898475572105404,0.0,-1.3187569208849026,0;0;-1.31875692088;0;0;0;0;0;0;0;0;0,41198.16391086102,105,46.58484721137088,,0.011929142820459888,0.2739970000000085,ok,Hx,0.9749999999999992,12.201463125352607
0.664301531930519,1.9881652199012048,0.0,-1.2225111012966243,0;0;-1.2225111013;0;0;0;0;0;0;0;0;0,42955.982293017114,106,47.33983323060716,,0.007851535411052268,0.3844730999999797,ok,Hx,1.3499999999999994,9.898846494917088
0.7125518130198514,1.819530831133282,0.0,-1.1041321620134346,0;0;-1.10413216201;0;0;0;0;0;0;0;0;0,39918.80972679596,107,43.5759087659451,,0.0053802285888563785,0.3801313000000164,ok,Hx,1.0733333333333335,8.194220694424065
0.9844417938329029,1.4515877133189776,0.0,-0.5872629079696318,0;0;-0.58726290797;0;0;0;0;0;0;0;0;0,40774.63646602867,108,46.60687050813926,,0.013565529101256172,0.39549419999997326,ok,Hx,0.30000000000000004,13.011448927144011
0.8325208567567617,1.907723473817844,0.0,-0.8468648681593096,0;0;-0.846864868159;0;0;0;0;0;0;0;0;0,42188.90042852843,109,46.430246959970006,,0.007115624950614888,0.3697419000000082,ok,Hx,0.6789473684210531,9.423534336100962
0.7030308202027273,1.0222367618709671,0.0,-1.126776511066474,0;0;-1.12677651107;0;0;0;0;0;0;0;0;0,42784.1029115122,110,46.52823633474406,,0.005658751029456328,0.13231700000000046,ok,Hx,0.9017857142857136,8.403642831987504
0.6743138902486906,1.3493560121872272,0.0,-1.1971953189115467,0;0;-1.19719531891;0;0;0;0;0;0;0;0;0,41446.66575267143,111,45.62172246043607,,0.007102769390325493,0.3801768000000152,ok,Hx,0.8882352941176463,9.415017896491868
0.8823740202137399,1.7836510663348255,0.0,-0.7541214505149209,0;0;-0.754121450515;0;0;0;0;0;0;0;0;0,39266.43434114118,112,44.088258553391825,,0.009223147396574677,0.3739625999999703,ok,Hx,0.55,10.728694212682733
0.9229686779708938,1.3632221368035942,0.0,-0.6842011252413485,0;0;-0.684201125241;0;0;0;0;0;0;0;0;0,41364.09659103163,113,46.63084454442634,,0.01103036786708528,0.39570489999999836,ok,Hx,0.5366666666666665,11.732816839157778
0.6677281985131283,1.2506312477038712,0.0,-1.213801828513029,0;0;-1.21380182851;0;0;0;0;0;0;0;0;0,41964.194804203216,114,46.273281939126,,0.007579545244771649,0.389162199999987,ok,Hx,0.9374999999999992,9.725879119891948
0.7299923359815258,1.1969494600132429,0.0,-1.0635389720882351,0;0;-1.06353897209;0;0;0;0;0;0;0;0;0,42199.22055593232,115,45.76634158927421,,0.0050879778583444125,0.38358299999998735,ok,Hx,0.8176470588235288,7.968560953656455
0.6953870277019272,1.7631941967199127,0.0,-1.1452072275019303,0;0;-1.1452072275;0;0;0;0;0;0;0;0;0,39042.646101365215,116,42.87673695400853,,0.0059500027027119965,0.12970799999999372,ok,Hx,1.0733333333333335,8.61719407521066
0.683887657600926,1.8828304440636308,0.0,-1.1733607795841947,0;0;-1.17336077958;0;0;0;0;0;0;0;0;0,41586.97442223713,117,45.59031984770948,,0.006511822699558633,0.372949100000028,ok,Hx,1.2435897435897432,9.01485148466084
0.7747185797011201,1.15577711709196,0.0,-0.9645244321149903,0;0;-0.964524432115;0;0;0;0;0;0;0;0;0,42360.20077135417,118,46.039948083612174,,0.0053609679586779195,0.384490000000028,ok,Hx,0.735555555555555,8.179540336981072
0.8340361488463804,1.776221200881071,0.0,-0.8439297840010078,0;0;-0.843929784001;0;0;0;0;0;0;0;0;0,39172.843149077606,119,43.431565022958154,,0.007174532404703464,0.37748730000004116,ok,Hx,0.6614035087719303,9.46246080101256
0.7637835482967099,1.1809904843466161,0.0,-0.9880709152878352,0;0;-0.988070915288;0;0;0;0;0;0;0;0;0,42263.50675706989,120,45.878360798120944,,0.005181341214215864,0.3844964000000459,ok,Hx,0.7518518518518511,8.04133933828277
0.6859868165392158,1.8707832078057394,0.0,-1.1681829899174418,0;0;-1.16818298992;0;0;0;0;0;0;0;0;0,41261.69954425469,121,45.231116503721076,,0.006397616882238928,0.38193689999997105,ok,Hx,1.2230769230769227,8.935449551664528
0.9600080844204287,1.7922802340571677,0.0,-0.6245475179672937,0;0;-0.624547517967;0;0;0;0;0;0;0;0;0,39393.24475613571,122,45.01839451119688,,0.012606200505650906,0.38622829999997066,ok,Hx,0.390909090909091,12.542941533409271
0.7590570638092639,1.9792952335940874,0.0,-0.9983793427960456,0;0;-0.998379342796;0;0;0;0;0;0;0;0;0,42965.373440365955,123,46.55863042232469,,0.005123890250527182,0.3750992000000224,ok,Hx,0.9374999999999992,7.996633687157318
0.8178509736895123,1.789796249403945,0.0,-0.8756672850836499,0;0;-0.875667285084;0;0;0;0;0;0;0;0;0,39354.73684355834,124,43.431770270163916,,0.00657161605928954,0.3827391000000375,ok,Hx,0.7083333333333327,9.05614534004029
0.8653023962063833,1.55684393640855,0.0,-0.7850050878832775,0;0;-0.785005087883;0;0;0;0;0;0;0;0;0,39935.57037755787,125,44.559366220832416,,0.00847209361748849,0.38174960000003466,ok,Hx,0.5900000000000001,10.282593464017545
0.7523624078034783,1.817177274071342,0.0,-1.0131168015310803,0;0;-1.01311680153;0;0;0;0;0;0;0;0;0,39866.36131167239,126,43.43652616947989,,0.005065227242812372,0.3773355999999808,ok,Hx,0.9224999999999993,7.950725500877162
0.7893489485607428,1.8979235825722076,0.0,-0.9336734324916655,0;0;-0.933673432492;0;0;0;0;0;0;0;0;0,41966.86531080286,127,45.76065345904229,,0.005691724377731587,0.1288425999999845,ok,Hx,0.8215686274509798,8.428091138216898
0.6632319006418725,1.8761877216252572,0.0,-1.2252393512152433,0;0;-1.22523935122;0;0;0;0;0;0;0;0;0,41409.263315122254,128,45.817146719967305,,0.007939892104543713,0.37910049999999273,ok,Hx,1.3388888888888884,9.954388653488747
0.739338829156339,1.740396166275301,0.0,-1.0422497097513594,0;0;-1.04224970975;0;0;0;0;0;0;0;0;0,38910.51922648562,129,42.46395394056956,,0.005034601877327154,0.37786230000000387,ok,Hx,0.9053571428571422,7.926653230023557
0.7020163800789682,1.6186305721494127,0.0,-1.1292096042593105,0;0;-1.12920960426;0;0;0;0;0;0;0;0;0,39416.792423054336,130,43.171829410623126,,0.005693826014287878,0.1303679000000102,ok,Hx,0.8647058823529404,8.429647006744275
0.7765761613312063,1.8880083525649418,0.0,-0.9605661830485734,0;0;-0.960566183049;0;0;0;0;0;0;0;0;0,41721.62022331186,131,45.41426172714192,,0.005397528405487914,0.3792680999999902,ok,Hx,0.8647058823529404,8.207384144810645
0.673850263270305,1.5282365582107995,0.0,-1.1983587541796046,0;0;-1.19835875418;0;0;0;0;0;0;0;0;0,40175.410626629026,132,44.359482699886655,,0.007134407113276684,0.3865120000000388,ok,Hx,0.8647058823529404,9.435963160891049
0.756809327828174,1.7955015321562593,0.0,-1.0033095622010937,0;0;-1.0033095622;0;0;0;0;0;0;0;0;0,39445.59110156499,133,43.03008077166363,,0.005101147291737523,0.3785892000000217,ok,Hx,0.8882352941176463,7.978866974758025
0.7061585002100346,1.282436354796437,0.0,-1.1192996765240268,0;0;-1.11929967652;0;0;0;0;0;0;0;0;0,41810.25451935686,134,45.52275582071481,,0.005557281802920737,0.3800625999999738,ok,Hx,0.8470588235294111,8.32795754674883
0.7117766000567077,1.688698588777373,0.0,-1.105963015616713,0;0;-1.10596301562;0;0;0;0;0;0;0;0;0,38955.14693287367,135,42.61830640165536,,0.005399582579779293,0.38720380000000887,ok,Hx,0.9274999999999993,8.2089457663969
0.5556365965833696,1.9739029896295213,0.0,-1.5242756596610032,0;0;-1.52427565966;0;0;0;0;0;0;0;0;0,42960.75633141746,136,51.23619355331131,,0.028231034027701524,0.39721439999999575,ok,Hx,1.9800000000000004,18.770277160066524
0.753335893334304,1.3625336333983225,0.0,-1.010963805564873,0;0;-1.01096380556;0;0;0;0;0;0;0;0;0,41368.25770490363,137,44.94120602950445,,0.005072037949807565,0.40670710000000554,ok,Hx,0.7499999999999992,7.956068979942193
0.6911257413421507,1.4515877133189776,0.0,-1.1555799760722396,0;0;-1.15557997607;0;0;0;0;0;0;0;0;0,40774.63646602867,138,44.66670031426039,,0.00614025779046569,0.14597140000000763,ok,Hx,0.8364705882352937,8.753880123979984
0.6935268616664303,1.2590498934604222,0.0,-1.1497265553413127,0;0;-1.14972655534;0;0;0;0;0;0;0;0;0,41924.55917986801,139,45.7832676303233,,0.00603052920300939,0.3927952000000232,ok,Hx,0.8764705882352934,8.675310049419398
0.7686033142326432,1.834389139761992,0.0,-0.9776405888882145,0;0;-0.977640588888;0;0;0;0;0;0;0;0;0,40275.876391398204,140,43.916900586682125,,0.005252772614646545,0.3763303999999721,ok,Hx,0.8764705882352934,8.09657966247408
0.8219022392643858,1.5425564787114356,0.0,-0.8676426245664409,0;0;-0.867642624566;0;0;0;0;0;0;0;0;0,40056.07588633034,141,44.177648222018526,,0.006716722886726321,0.38314719999999625,ok,Hx,0.647368421052632,9.155583085000348
0.7221495521350931,1.2638099578365725,0.0,-1.0816524227908768,0;0;-1.08165242279;0;0;0;0;0;0;0;0;0,41901.79889287933,142,45.49858971661065,,0.005186590061153668,0.37853580000000875,ok,Hx,0.8215686274509798,8.04541136071971
0.7754193158756085,1.7142510327762586,0.0,-0.9630298450457512,0;0;-0.963029845046;0;0;0;0;0;0;0;0;0,38884.300148778,143,42.568852133057604,,0.005374562912545888,0.389305400000012,ok,Hx,0.777777777777777,8.18990507567534
0.7070141510778064,1.9232194448221969,0.0,-1.1172607155960914,0;0;-1.1172607156;0;0;0;0;0;0;0;0;0,42489.22118704775,144,46.19358936947067,,0.005531251230948091,0.3775678999999741,ok,Hx,1.147619047619047,8.308430378972444
0.758104763972483,1.6503866758537395,0.0,-1.0004659315838553,0;0;-1.00046593158;0;0;0;0;0;0;0;0;0,39175.86519146316,145,42.76528603364627,,0.005113886803453185,0.3851998000000094,ok,Hx,0.777777777777777,7.988823900117948
0.6888672270603085,1.476131037826885,0.0,-1.1611062142297786,0;0;-1.16110621423;0;0;0;0;0;0;0;0;0,40591.1122692698,146,44.51617208136495,,0.006249533421612054,0.38629880000002004,ok,Hx,0.8364705882352937,8.83143120347537
0.7579253396209804,1.7382776667709163,0.0,-1.0008594295891475,0;0;-1.00085942959;0;0;0;0;0;0;0;0;0,38903.836009477054,147,42.492553986741704,,0.005112062288618205,0.3791975999999977,ok,Hx,0.8470588235294111,7.987398660512395
0.6640912643778053,1.7088507351828697,0.0,-1.2230470583675173,0;0;-1.22304705837;0;0;0;0;0;0;0;0;0,38892.43692687255,148,43.28098624972471,,0.007868773507553188,0.28078829999998334,ok,Hx,1.1047619047619044,9.909707027670585
0.7312433488735317,1.776221200881071,0.0,-1.060670779406258,0;0;-1.06067077941;0;0;0;0;0;0;0;0;0,39172.843149077606,149,42.73679918648615,,0.005076912282389172,0.12876590000001897,ok,Hx,0.9624999999999991,7.959891034694939
0.8699026629534192,1.814311892423582,0.0,-0.7765946609097361,0;0;-0.77659466091;0;0;0;0;0;0;0;0;0,39804.191525197435,150,44.48171720977314,,0.008672610856191754,0.12963349999995444,ok,Hx,0.5700000000000001,10.403565902385253
0.7382316010924901,1.8364852358698847,0.0,-1.0447549786142507,0;0;-1.04475497861;0;0;0;0;0;0;0;0;0,40329.4085144505,151,43.8832887601656,,0.005037475568042171,0.3910961999999927,ok,Hx,0.9874999999999992,7.928915126873681
0.7819815741929664,1.8719595846618688,0.0,-0.9491163392648045,0;0;-0.949116339265;0;0;0;0;0;0;0;0;0,41293.989581544716,152,45.0269056491652,,0.00551318807089414,0.2696884000000068,ok,Hx,0.8411764705882346,8.294853050220894
0.7182864104457203,1.5526176745356952,0.0,-1.0906589945049188,0;0;-1.0906589945;0;0;0;0;0;0;0;0;0,39971.33311124048,153,43.58915302850585,,0.0052545083657583435,0.38903240000001915,ok,Hx,0.7888888888888881,8.09791728808489
0.6690717105462192,1.6559922915360854,0.0,-1.2103999726979413,0;0;-1.2103999727;0;0;0;0;0;0;0;0;0,39137.55609609863,154,43.4182631130202,,0.007477435831862034,0.3960645000000227,ok,Hx,0.9874999999999992,9.660144884091448
0.6652974974345981,1.55684393640855,0.0,-1.2199748801642152,0;0;-1.21997488016;0;0;0;0;0;0;0;0;0,39935.57037755787,155,44.29734036926054,,0.007770751496460016,0.13955579999998236,ok,Hx,0.8882352941176463,9.847790547926017
0.7523624078034783,1.508136749032335,0.0,-1.0131168015310803,0;0;-1.01311680153;0;0;0;0;0;0;0;0;0,40339.594643769895,156,43.9097595015774,,0.005065227242812372,0.27514139999999543,ok,Hx,0.735555555555555,7.950725500877162
0.6950011190899777,1.5929011330761154,0.0,-1.1461437019642533,0;0;-1.14614370196;0;0;0;0;0;0;0;0;0,39629.635334221755,157,43.46874547402231,,0.0059663906131263355,0.3823864999999955,ok,Hx,0.8568627450980385,8.62905295219682
0.7543712092170247,1.8248553846451303,0.0,-1.008677802885324,0;0;-1.00867780289;0;0;0;0;0;0;0;0;0,40041.84536222153,158,43.61797303157903,,0.005079934314742553,0.3689517999999907,ok,Hx,0.9208333333333326,7.962259745071562
0.7010322817580915,1.7041014490205848,0.0,-1.1315736999273713,0;0;-1.13157369993;0;0;0;0;0;0;0;0;0,38902.84885814322,159,42.66876533330511,,0.005728880611788141,0.38284620000001723,ok,Hx,0.9749999999999992,8.455556163559912
0.7106686152670159,1.7524168345828772,0.0,-1.1085837413444812,0;0;-1.10858374134;0;0;0;0;0;0;0;0;0,38965.86793398318,160,42.63800299003405,,0.005428243426234827,0.3808693999999946,ok,Hx,1.011111111111111,8.230703369664749
0.8002919825296015,1.5832951738969143,0.0,-0.9110786288455278,0;0;-0.911078628846;0;0;0;0;0;0;0;0;0,39710.88016402682,161,43.60578670348826,,0.005997018442393206,0.379834800000026,ok,Hx,0.6789473684210531,8.651172762178964
0.7677027766083453,1.6952881951630772,0.0,-0.9795831843299043,0;0;-0.97958318433;0;0;0;0;0;0;0;0;0,38929.539476215345,162,42.565370816154065,,0.005238473434516471,0.3937943000000246,ok,Hx,0.7888888888888881,8.085551834152419
0.756809327828174,1.7074899596631445,0.0,-1.0033095622010937,0;0;-1.0033095622;0;0;0;0;0;0;0;0;0,38895.11856823134,163,42.47960823832997,,0.005101147291737523,0.26897220000000743,ok,Hx,0.8254901960784308,7.978866974758025
0.7690398819762112,1.69873144762747,0.0,-0.9766998742854452,0;0;-0.976699874285;0;0;0;0;0;0;0;0;0,38918.028315742,164,42.56161855080571,,0.00525985913065685,0.3861847999999668,ok,Hx,0.7888888888888881,8.102039369849884
0.8547823983155711,1.688698588777373,0.0,-0.8044859358347293,0;0;-0.804485935835;0;0;0;0;0;0;0;0;0,38955.14693287367,165,43.45558561659056,,0.008020957633039165,0.12868140000000494,ok,Hx,0.610526315789474,10.005076274588253
0.7112221815843907,1.7368162821023025,0.0,-1.1072738038334853,0;0;-1.10727380383;0;0;0;0;0;0;0;0;0,38899.73488846567,166,42.56733944298081,,0.0054137764045186715,0.3797336999999743,ok,Hx,0.9874999999999992,8.219728069005265
0.7125518130198514,1.522394685959413,0.0,-1.1041321620134346,0;0;-1.10413216201;0;0;0;0;0;0;0;0;0,40223.56531832467,167,43.880664357473805,,0.0053802285888563785,0.2745044000000121,ok,Hx,0.7999999999999995,8.194220694424065
0.7944740529732324,1.7610217256176992,0.0,-0.923040504090628,0;0;-0.923040504091;0;0;0;0;0;0;0;0;0,39024.987547869314,168,42.86469346715567,,0.0058290722565274644,0.3801288000000227,ok,Hx,0.7592592592592585,8.529174740938466
0.6935268616664303,1.7839368822893866,0.0,-1.1497265553413127,0;0;-1.14972655534;0;0;0;0;0;0;0;0;0,39270.32191424314,169,43.12903036469843,,0.00603052920300939,0.27852400000000443,ok,Hx,1.117142857142857,8.675310049419398
0.6929062770601573,1.654954407710469,0.0,-1.1512372617360038,0;0;-1.15123726174;0;0;0;0;0;0;0;0;0,39144.52580330889,170,43.01168488653388,,0.006058260093721528,0.375438900000006,ok,Hx,0.9274999999999993,8.695233520133009
0.8219022392643858,1.8092017309001325,0.0,-0.8676426245664409,0;0;-0.867642624566;0;0;0;0;0;0;0;0;0,39698.08641171961,171,43.8196587474078,,0.006716722886726321,0.2632027000000221,ok,Hx,0.7027777777777772,9.155583085000348
0.7087119817059694,1.8541177174049954,0.0,-1.1132231618214867,0;0;-1.11322316182;0;0;0;0;0;0;0;0;0,40801.03672908441,172,44.489926379365116,,0.0054817617016311325,0.37567210000003115,ok,Hx,1.117142857142857,8.271178031958721
0.6612185075239294,1.6361521891613733,0.0,-1.2303872993484524,0;0;-1.23038729935;0;0;0;0;0;0;0;0;0,39279.581500603614,173,43.7335914376904,,0.008110747242364555,0.3892633000000387,ok,Hx,0.9749999999999992,10.060920712574454
0.6540187529025727,1.594969684028991,0.0,-1.2489301327484708,0;0;-1.24893013275;0;0;0;0;0;0;0;0;0,39612.221140053916,174,44.24055006988748,,0.008771586204322222,0.39526869999997416,ok,Hx,0.9458333333333325,10.462762342227856
0.778896031456412,1.762744848128099,0.0,-0.9556397536431214,0;0;-0.955639753643;0;0;0;0;0;0;0;0;0,39038.900976528144,175,42.74833884128555,,0.005445505588164444,0.38225099999999657,ok,Hx,0.8075630252100835,8.243780063799147
0.7949392287362086,1.7890215491060242,0.0,-0.9220798550352685,0;0;-0.922079855035;0;0;0;0;0;0;0;0;0,39343.05899147006,176,43.18706365734966,,0.005842042142812717,0.3798224000000232,ok,Hx,0.7666666666666658,8.538658322143046
0.6732189389324583,1.5909982058749292,0.0,-1.1999443793152205,0;0;-1.19994437932;0;0;0;0;0;0;0;0;0,39645.684561733404,177,43.84213581814877,,0.007177950433889653,0.3830965999999876,ok,Hx,0.9053571428571422,9.464714544820826
0.6640912643778053,1.7924952466253898,0.0,-1.2230470583675173,0;0;-1.22304705837;0;0;0;0;0;0;0;0;0,39396.65395932132,178,43.785203282173484,,0.007868773507553188,0.27657100000004675,ok,Hx,1.2435897435897432,9.909707027670585
0.6833395705883138,1.776221200881071,0.0,-1.1747155318971874,0;0;-1.1747155319;0;0;0;0;0;0;0;0;0,39172.843149077606,179,43.18526886877131,,0.006542527997716254,0.1348927999999887,ok,Hx,1.147619047619047,9.036080423031816
0.7499853587920511,1.7226613686352426,0.0,-1.018388288539403,0;0;-1.01838828854;0;0;0;0;0;0;0;0;0,38880.173845941055,180,42.44439858257298,,0.005051139281103256,0.38174669999995103,ok,Hx,0.8568627450980385,7.939661090258742
0.7499853587920511,1.877207693124877,0.0,-1.018388288539403,0;0;-1.01838828854;0;0;0;0;0;0;0;0;0,41436.85227395494,181,45.00107701058686,,0.005051139281103256,0.27265939999995226,ok,Hx,0.9541666666666658,7.939661090258742
0.7771089633634014,1.6832799859973722,0.0,-0.9594330796233295,0;0;-0.959433079623;0;0;0;0;0;0;0;0;0,38979.44656583976,182,42.67587849622269,,0.00540832180564171,0.43346800000000485,ok,Hx,0.7592592592592585,8.215586171078028
0.7489812712492216,1.8491942407159618,0.0,-1.0206211387985085,0;0;-1.0206211388;0;0;0;0;0;0;0;0;0,40666.3565239018,183,44.228444124134434,,0.005046289401196477,0.3849124000000188,ok,Hx,0.9541666666666658,7.93584851965636
0.6690717105462192,1.8107562022964006,0.0,-1.2103999726979413,0;0;-1.2103999727;0;0;0;0;0;0;0;0;0,39729.702905077516,184,44.010409921999084,,0.007477435831862034,0.27608509999998887,ok,Hx,1.2435897435897432,9.660144884091448
0.7411230185325263,1.7374240956925935,0.0,-1.0382221522074568,0;0;-1.03822215221;0;0;0;0;0;0;0;0;0,38901.3907011708,185,42.45474901858618,,0.005031848497083858,0.41984089999999696,ok,Hx,0.8994047619047613,7.924485424531144
0.8241330500041493,1.7789016946430114,0.0,-0.8632469400724712,0;0;-0.863246940072;0;0;0;0;0;0;0;0;0,39204.95782744447,186,43.351359027513205,,0.006798379309646024,0.4808980000000247,ok,Hx,0.6894736842105268,9.211068004546616
0.7847964879795426,1.7270936114943394,0.0,-0.9431938482322362,0;0;-0.943193848232;0;0;0;0;0;0;0;0;0,38882.53397450218,187,42.637940299426205,,0.005578657086879737,0.42840680000000475,ok,Hx,0.7666666666666658,8.343958319901839
0.8588468212853722,1.8248553846451303,0.0,-0.7969184151733022,0;0;-0.796918415173;0;0;0;0;0;0;0;0;0,40041.84536222153,188,44.58998443872623,,0.008193877702813003,0.15048560000002453,ok,Hx,0.604385964912281,10.112348576424088
0.7432465525063057,1.752482696086453,0.0,-1.0334437102259046,0;0;-1.03344371023;0;0;0;0;0;0;0;0;0,38966.25647838106,189,42.52053805475153,,0.005031539727868672,0.387424899999985,ok,Hx,0.9053571428571422,7.924242285783608
0.7277748461746626,1.7524168345828772,0.0,-1.0686372358984948,0;0;-1.0686372359;0;0;0;0;0;0;0;0;0,38965.86793398318,190,42.53964445162707,,0.005110686753232666,0.12539259999999786,ok,Hx,0.9541666666666658,7.986323977922738
0.856847060787583,1.7436922296439565,0.0,-0.8006352694564636,0;0;-0.800635269456;0;0;0;0;0;0;0;0;0,38922.695120404576,191,43.44736637930475,,0.008108562741549285,0.38972850000004655,ok,Hx,0.6078947368421056,10.05956574681706
0.7011199369089227,1.6423960484708742,0.0,-1.1313629764394753,0;0;-1.13136297644;0;0;0;0;0;0;0;0;0,39233.06072334774,192,42.997996083423,,0.005725716935845029,0.39131100000003016,ok,Hx,0.8882352941176463,8.453221123296489
0.730145087303372,1.723525319605859,0.0,-1.0631884452049203,0;0;-1.0631884452;0;0;0;0;0;0;0;0;0,38880.37861781911,193,42.44709050658419,,0.005086559587740134,0.39126980000003186,ok,Hx,0.916666666666666,7.967450260591332
0.6292264045981419,1.676883789072137,0.0,-1.314408927086204,0;0;-1.31440892709;0;0;0;0;0;0;0;0;0,39011.53051798541,194,44.34678720636943,,0.011700382265795046,0.40404530000000705,ok,Hx,1.147619047619047,12.08390543976252
0.8020432422946577,1.7019204536093786,0.0,-0.9075004277863876,0;0;-0.907500427786;0;0;0;0;0;0;0;0;0,38908.59263625939,195,42.82069068965658,,0.006049931855791507,0.39457900000002155,ok,Hx,0.7158730158730152,8.689254833429505
0.6716322227142612,1.7368162821023025,0.0,-1.2039365626400462,0;0;-1.20393656264;0;0;0;0;0;0;0;0;0,38899.73488846567,196,43.127821908874644,,0.007289759649319702,0.13254749999998694,ok,Hx,1.1285714285714281,9.538144495839319
0.7125518130198514,1.735580117653127,0.0,-1.1041321620134346,0;0;-1.10413216201;0;0;0;0;0;0;0;0;0,38896.584759171164,197,42.5536837983203,,0.0053802285888563785,0.27688940000001594,ok,Hx,0.9749999999999992,8.194220694424065
0.7944740529732324,1.6436214191500735,0.0,-0.923040504090628,0;0;-0.923040504091;0;0;0;0;0;0;0;0;0,39224.10954320753,198,43.063815462493885,,0.0058290722565274644,0.31067380000001776,ok,Hx,0.7055555555555549,8.529174740938466
0.786178886244207,1.7839368822893866,0.0,-0.9402953426694561,0;0;-0.940295342669;0;0;0;0;0;0;0;0;0,39270.32191424314,199,43.03712881321996,,0.0056120694309304275,0.1621436000000358,ok,Hx,0.7888888888888881,8.36890832175928
0.7042561455012075,1.716238712961114,0.0,-1.1238428690141866,0;0;-1.12384286901;0;0;0;0;0;0;0;0;0,38882.35454720396,200,42.613738799725006,,0.0056178062990908184,0.3962611000000038,ok,Hx,0.9749999999999992,8.37318473537121
0.7267469185413676,1.7548697430472147,0.0,-1.0710067462300978,0;0;-1.07100674623;0;0;0;0;0;0;0;0;0,38980.995053211824,201,42.55831533766142,,0.005122576061021204,0.3792993999999794,ok,Hx,0.9624999999999991,7.995608122059548
0.8823740202137399,1.6550998701217559,0.0,-0.7541214505149209,0;0;-0.754121450515;0;0;0;0;0;0;0;0;0,39143.545400823336,202,43.965369613073975,,0.009223147396574677,0.2734173000000055,ok,Hx,0.5633333333333335,10.728694212682733
0.6209098385620315,1.6203496305666318,0.0,-1.3369478611628907,0;0;-1.33694786116;0;0;0;0;0;0;0;0;0,39402.973025150546,203,45.01019382920205,,0.012934421425411296,0.393726700000002,ok,Hx,1.0600000000000003,12.705179234829117
0.7631014077314531,1.7462704840263712,0.0,-0.9895537566729034,0;0;-0.989553756673;0;0;0;0;0;0;0;0;0,38933.76946377103,204,42.54525045707042,,0.005172263080755211,0.39506310000001577,ok,Hx,0.8411764705882346,8.034291707912095
0.7352370989758689,1.7454472327237245,0.0,-1.0515529871381544,0;0;-1.05155298714;0;0;0;0;0;0;0;0;0,38930.083078223266,205,42.48672550837273,,0.005049808626484551,0.3823272000000202,ok,Hx,0.9224999999999993,7.938615222979837
0.7917019332979403,1.8130756102010546,0.0,-0.9287806033559941,0;0;-0.928780603356;0;0;0;0;0;0;0;0;0,39777.954147877856,206,43.5924860663844,,0.005753500083316819,0.3917787999999973,ok,Hx,0.7888888888888881,8.473705272181343
0.7945638418247891,1.6817667834349155,0.0,-0.9228550243105736,0;0;-0.922855024311;0;0;0;0;0;0;0;0;0,38986.71766992879,207,42.82725161519813,,0.005831569129454682,0.41932520000000295,ok,Hx,0.7222222222222213,8.531001273918228
0.860187781944707,1.666422104879147,0.0,-0.7944330544565136,0;0;-0.794433054457;0;0;0;0;0;0;0;0;0,39070.98469365891,208,43.63485517878721,,0.008251329357041277,0.38312280000002374,ok,Hx,0.600584795321638,10.147738190152284
0.6978297977425596,1.6843544160361954,0.0,-1.1392927597162832,0;0;-1.13929275972;0;0;0;0;0;0;0;0;0,38974.40932669297,209,42.77779425585432,,0.005850080515263209,0.4003432000000089,ok,Hx,0.9541666666666658,8.544530696912783
0.702963793566184,1.7533347864579776,0.0,-1.126937150400465,0;0;-1.1269371504;0;0;0;0;0;0;0;0;0,38971.371034555414,210,42.71621513085032,,0.005661035469574822,0.39082380000002104,ok,Hx,1.0399999999999998,8.405338937859304
0.7365953143872536,1.658415708675294,0.0,-1.048465538426797,0;0;-1.04846553843;0;0;0;0;0;0;0;0;0,39121.511849111674,211,42.67661718893254,,0.0050433816837853135,0.3907787999999641,ok,Hx,0.8317647058823525,7.933561836504504
0.8551211232627562,1.7625164738331343,0.0,-0.8038532837127079,0;0;-0.803853283713;0;0;0;0;0;0;0;0;0,39037.01617776665,212,43.54143043893985,,0.008035295332806955,0.39102320000000645,ok,Hx,0.610526315789474,10.014014467406707
0.7527938224749081,1.6982938495214357,0.0,-1.012162244995311,0;0;-1.012162245;0;0;0;0;0;0;0;0;0,38919.41642536158,213,42.49078997672429,,0.00506817143990261,0.3813746000000151,ok,Hx,0.8270588235294114,7.953035871287428
0.7571453734296509,1.6945442502867463,0.0,-1.0025713274764572,0;0;-1.00257132748;0;0;0;0;0;0;0;0;0,38932.20013924518,214,42.51793684453128,,0.005104355097052513,0.3881387999999788,ok,Hx,0.8142857142857137,7.981375295725378
0.7734575256102596,1.7148507764475134,0.0,-0.9672184381276432,0;0;-0.967218438128;0;0;0;0;0;0;0;0;0,38883.65197913223,215,42.55493728214147,,0.005337109812352684,0.3777114000000097,ok,Hx,0.7888888888888881,8.161319161640566
0.7439182328151637,1.7315550150487284,0.0,-1.0319356912362756,0;0;-1.03193569124;0;0;0;0;0;0;0;0;0,38888.30443820108,216,42.44310363597517,,0.0050321030028589835,0.37705729999998994,ok,Hx,0.8764705882352934,7.924685828200391
0.7847964879795426,1.7329955307450682,0.0,-0.9431938482322362,0;0;-0.943193848232;0;0;0;0;0;0;0;0;0,38890.92514972102,217,42.646331474645045,,0.005578657086879737,0.27807969999997795,ok,Hx,0.7666666666666658,8.343958319901839
0.7858199962755351,1.7039540950056062,0.0,-0.9410472021672567,0;0;-0.941047202167;0;0;0;0;0;0;0;0;0,38903.21829447005,218,42.66704350158965,,0.005603316541423752,0.38226689999999053,ok,Hx,0.7499999999999992,8.36237947219381
0.7351185774645743,1.7308243957168497,0.0,-1.051822728205882,0;0;-1.05182272821;0;0;0;0;0;0;0;0;0,38887.11861081355,219,42.44391786368358,,0.005050435785489106,0.2716793000000166,ok,Hx,0.9089285714285708,7.939108174279026
0.8321375511212245,1.740880618277619,0.0,-0.8476085019408327,0;0;-0.847608501941;0;0;0;0;0;0;0;0;0,38912.171868010104,220,43.14913267000942,,0.00710079705174315,0.4008661000000302,ok,Hx,0.6614035087719303,9.413710597089466
0.7429163782844326,1.6903594422219534,0.0,-1.0341855973427114,0;0;-1.03418559734;0;0;0;0;0;0;0;0;0,38948.268876937225,221,42.50233549341701,,0.005031378579139929,0.3891640999999595,ok,Hx,0.8470588235294111,7.924115387074214
0.7677027766083453,1.7609300500859923,0.0,-0.9795831843299043,0;0;-0.97958318433;0;0;0;0;0;0;0;0;0,39024.26729065203,222,42.66009863059075,,0.005238473434516471,0.28528210000001764,ok,Hx,0.8364705882352937,8.085551834152419
0.7222484363933543,1.7311145191259267,0.0,-1.0814226171211656,0;0;-1.08142261712;0;0;0;0;0;0;0;0;0,38887.57794947701,223,42.483886904090674,,0.005185023232243887,0.43499529999996867,ok,Hx,0.9458333333333325,8.04419604052535
0.7499302861441002,1.69873144762747,0.0,-1.0185106639028925,0;0;-1.0185106639;0;0;0;0;0;0;0;0;0,38918.028315742,224,42.482130004658394,,0.005050856140568137,0.1496370000000411,ok,Hx,0.8364705882352937,7.939438559135675
0.7388350989984094,1.7254876379684645,0.0,-1.0433889178888134,0;0;-1.04338891789;0;0;0;0;0;0;0;0;0,38881.29991341216,225,42.434899307177616,,0.005035797822405057,0.4479428000000212,ok,Hx,0.8882352941176463,7.927594642993239
0.7285475927533196,1.7115080207400946,0.0,-1.0668585295473154,0;0;-1.06685852955;0;0;0;0;0;0;0;0;0,38887.923504603204,226,42.45922786910538,,0.005102319878704233,0.42911329999998316,ok,Hx,0.9089285714285708,7.979783962378232
0.7419887640102607,1.7227702206526876,0.0,-1.0362720391182147,0;0;-1.03627203912;0;0;0;0;0;0;0;0;0,38880.19295519354,227,42.43379587254465,,0.00503133670800251,0.4086199999999849,ok,Hx,0.8764705882352934,7.924082414757643
0.7944740529732324,1.743324906735325,0.0,-0.923040504090628,0;0;-0.923040504091;0;0;0;0;0;0;0;0;0,38921.22921382538,228,42.76093513311174,,0.0058290722565274644,0.2862752999999998,ok,Hx,0.7499999999999992,8.529174740938466
0.7255241015128518,1.7534378416619796,0.0,-1.0738306186925062,0;0;-1.07383061869;0;0;0;0;0;0;0;0;0,38972.00085642916,229,42.553919269844,,0.005137860504957675,0.38723210000000563,ok,Hx,0.9624999999999991,8.007527652270193
0.7316406042800276,1.7030367727320768,0.0,-1.0597612018190832,0;0;-1.05976120182;0;0;0;0;0;0;0;0;0,38905.57929982635,230,42.46861840438514,,0.00507365854910342,0.3835540000000037,ok,Hx,0.8882352941176463,7.957339925679353
0.7300564597375908,1.744995722405875,0.0,-1.0633918105552993,0;0;-1.06339181056;0;0;0;0;0;0;0;0;0,38928.12129870974,231,42.495069759119026,,0.0050873801362897085,0.39658220000001165,ok,Hx,0.9374999999999992,7.968092877275939
0.7476400023551019,1.6934443758285662,0.0,-1.0236094777015021,0;0;-1.0236094777;0;0;0;0;0;0;0;0;0,38936.24410702857,232,42.495828648919165,,0.00504084848956903,0.38486729999999625,ok,Hx,0.8364705882352937,7.931569148019924
0.718104591278669,1.7062862980311233,0.0,-1.0910842698448784,0;0;-1.09108426984;0;0;0;0;0;0;0;0;0,38897.6946302488,233,42.51661101947113,,0.005258031860600258,0.3850330999999869,ok,Hx,0.9324999999999993,8.100631927219704
0.7136950475892984,1.7312799417898304,0.0,-1.101436282643473,0;0;-1.10143628264;0;0;0;0;0;0;0;0;0,38887.84672644496,234,42.53633616691553,,0.005352726319304159,0.38531369999998333,ok,Hx,0.9749999999999992,8.173250544606834
0.7742307025101942,1.7454472327237245,0.0,-0.9655660317265002,0;0;-0.965566031727;0;0;0;0;0;0;0;0;0,38930.083078223266,235,42.6065280582706,,0.005351644362012495,0.1323870999999599,ok,Hx,0.8075630252100835,8.172424465109232
0.7408310244545208,1.7140610189533219,0.0,-1.0388804939741294,0;0;-1.03888049397;0;0;0;0;0;0;0;0;0,38884.51636398203,236,42.437833585575696,,0.005032142044159237,0.38618200000001934,ok,Hx,0.8764705882352934,7.924716569764957
0.7579253396209804,1.7654517060527177,0.0,-1.0008594295891475,0;0;-1.00085942959;0;0;0;0;0;0;0;0;0,39062.19898281735,237,42.650916960082,,0.005112062288618205,0.27803490000002284,ok,Hx,0.8647058823529404,7.987398660512395
0.7903271511707339,1.7161810998906175,0.0,-0.9316370366850093,0;0;-0.931637036685;0;0;0;0;0;0;0;0;0,38882.40274345438,238,42.68474294224772,,0.005717137198143388,0.3879526999999712,ok,Hx,0.7499999999999992,8.446885356912896
0.7312433488735317,1.7312799417898304,0.0,-1.060670779406258,0;0;-1.06067077941;0;0;0;0;0;0;0;0;0,38887.84672644496,239,42.4518027638535,,0.005076912282389172,0.018083999999987554,ok,Hx,0.9208333333333326,7.959891034694939
0.7461287004126174,1.710621431558997,0.0,-1.0269844520720464,0;0;-1.02698445207;0;0;0;0;0;0;0;0;0,38889.32145279322,240,42.44657540963935,,0.005036159469343926,0.37968779999999924,ok,Hx,0.8568627450980385,7.927879298867522
0.7419887640102607,1.6906912663287756,0.0,-1.0362720391182147,0;0;-1.03627203912;0;0;0;0;0;0;0;0;0,38946.92822084397,241,42.50053113819508,,0.00503133670800251,0.2858609000000456,ok,Hx,0.8470588235294111,7.924082414757643
0.7377446874037188,1.7454949088305003,0.0,-1.045858108872738,0;0;-1.04585810887;0;0;0;0;0;0;0;0;0,38930.29255996456,242,42.484466396093765,,0.005039025137606898,0.3914245000000278,ok,Hx,0.916666666666666,7.930134533369158
0.7527938224749081,1.7634982350816166,0.0,-1.012162244995311,0;0;-1.012162245;0;0;0;0;0;0;0;0;0,39045.207685299945,243,42.61658123666265,,0.00506817143990261,0.2825151000000119,ok,Hx,0.8764705882352934,7.953035871287428
0.7647720285933397,1.7068536474074334,0.0,-0.9859250746640792,0;0;-0.985925074664;0;0;0;0;0;0;0;0;0,38896.45677113537,244,42.51634719319934,,0.005194956748048272,0.455255300000033,ok,Hx,0.8075630252100835,8.051897926305477
0.735995315860108,1.6953829728169572,0.0,-1.0498285984866356,0;0;-1.04982859849;0;0;0;0;0;0;0;0;0,38929.204828802714,245,42.48493056137367,,0.005046049072354537,0.39790599999997767,ok,Hx,0.8647058823529404,7.935659545556665
0.7568949385377883,1.722018524381681,0.0,-1.0031214516332567,0;0;-1.00312145163;0;0;0;0;0;0;0;0;0,38880.10001892946,246,42.464905307077785,,0.005101958169847457,0.38112760000001344,ok,Hx,0.8364705882352937,7.979501109699544
0.739265190774189,1.7270936114943394,0.0,-1.0424161884089687,0;0;-1.04241618841;0;0;0;0;0;0;0;0;0,38882.53397450218,247,42.435988857434715,,0.00503476511321289,0.13592900000003283,ok,Hx,0.8882352941176463,7.926781731124988
0.7280291695706338,1.7487718196399291,0.0,-1.068051592558158,0;0;-1.06805159256;0;0;0;0;0;0;0;0;0,38945.84826640047,248,42.5187931144812,,0.005107879215522772,0.37706220000001167,ok,Hx,0.9458333333333325,7.984130047145036
0.7318330198792238,1.7308243957168497,0.0,-1.059320849973295,0;0;-1.05932084997;0;0;0;0;0;0;0;0;0,38887.11861081355,249,42.44972879985906,,0.005072127584860639,0.13185999999996056,ok,Hx,0.9208333333333326,7.956139281024483
0.7303111772068362,1.71596222857427,0.0,-1.0628074119033166,0;0;-1.0628074119;0;0;0;0;0;0;0;0;0,38882.59027530105,250,42.44886453511094,,0.005085038908137595,0.393218700000034,ok,Hx,0.9089285714285708,7.966259195730276
0.7559483584498877,1.696768621665446,0.0,-1.005202810188292,0;0;-1.00520281019;0;0;0;0;0;0;0;0;0,38924.42628204233,251,42.50582460028402,,0.00509324091334027,0.3760209999999802,ok,Hx,0.8176470588235288,7.972681267834966
0.6917646034013097,1.7245696386529896,0.0,-1.154020381955005,0;0;-1.15402038196;0;0;0;0;0;0;0;0;0,38880.789444974485,252,42.76380487314885,,0.006110419238551809,0.3880937000000131,ok,Hx,1.0399999999999998,8.732584502718916
0.7402699223063013,1.7259717916511996,0.0,-1.0401464469542583,0;0;-1.04014644695;0;0;0;0;0;0;0;0;0,38881.626024479294,253,42.43492289099824,,0.005032878014502723,0.3957770000000096,ok,Hx,0.8882352941176463,7.925296058886001
0.7253079728975125,1.7170903424067683,0.0,-1.0743303060578795,0;0;-1.07433030606;0;0;0;0;0;0;0;0;0,38881.70026892654,254,42.46447485847942,,0.005140691869514749,0.40166249999998627,ok,Hx,0.9208333333333326,8.009733736619717
0.7328269368316764,1.7425117569910968,0.0,-1.0570483876341068,0;0;-1.05704838763;0;0;0;0;0;0;0;0;0,38918.0821435146,255,42.47863383024147,,0.005064681507616013,0.3951953999999773,ok,Hx,0.9274999999999993,7.950297177781962
0.7337514443116533,1.7255485555211767,0.0,-1.0549378916715324,0;0;-1.05493789167;0;0;0;0;0;0;0;0;0,38881.338798993085,256,42.440210720608185,,0.005058446929987742,0.39093179999997574,ok,Hx,0.9089285714285708,7.9454022985779025
0.71929068800999,1.6820422062237586,0.0,-1.0883122295767056,0;0;-1.08831222958;0;0;0;0;0;0;0;0;0,38985.378756187114,257,42.59731583739631,,0.005235580867246373,0.3992099999999823,ok,Hx,0.8882352941176463,8.083319195926554
0.7944740529732324,1.7295726521696266,0.0,-0.923040504090628,0;0;-0.923040504091;0;0;0;0;0;0;0;0;0,38885.3082730125,258,42.72501419229886,,0.0058290722565274644,0.27602300000000923,ok,Hx,0.7444444444444437,8.529174740938466
0.7396188364296856,1.7277463314921726,0.0,-1.0416168642815031,0;0;-1.04161686428;0;0;0;0;0;0;0;0;0,38883.16117813812,259,42.43653184655593,,0.005034017340178673,0.387772200000029,ok,Hx,0.8882352941176463,7.926193058803819
0.7385284438465951,1.7525537261508597,0.0,-1.044082888262819,0;0;-1.04408288826;0;0;0;0;0;0;0;0;0,38966.67683852861,260,42.52040745957982,,0.005036616823315546,0.39123260000002347,ok,Hx,0.9208333333333326,7.928239272056438
0.7144898316950402,1.7402855766215515,0.0,-1.0995650030459532,0;0;-1.09956500305;0;0;0;0;0;0;0;0;0,38910.148428509536,261,42.55288239861294,,0.005334331116252881,0.4126736999999707,ok,Hx,0.9749999999999992,8.159194343244678
0.7437568350978566,1.7026747951435601,0.0,-1.0322979040273188,0;0;-1.03229790403;0;0;0;0;0;0;0;0;0,38906.539566785315,262,42.46120457920311,,0.0050319389212948986,0.38050269999996544,ok,Hx,0.8568627450980385,7.924556627203842
0.7480886296153074,1.7062862980311233,0.0,-1.0226092141162846,0;0;-1.02260921412;0;0;0;0;0;0;0;0;0,38897.6946302488,263,42.458071241422026,,0.005042535305842895,0.12855120000000397,ok,Hx,0.8470588235294111,7.932896105264415
0.7377216754750305,1.739282509255511,0.0,-1.0459102737122146,0;0;-1.04591027371;0;0;0;0;0;0;0;0;0,38906.896129628236,264,42.4610853033592,,0.00503910247547415,0.38217090000000553,ok,Hx,0.9089285714285708,7.930195388129941
0.7234584106201037,1.7454472327237245,0.0,-1.0786136015095573,0;0;-1.07861360151;0;0;0;0;0;0;0;0;0,38930.083078223266,265,42.52072229314984,,0.005166535963353085,0.1283990000000017,ok,Hx,0.9624999999999991,8.029842390897004
0.7403802525987545,1.7325511902282857,0.0,-1.0398974298146866,0;0;-1.03989742981;0;0;0;0;0;0;0;0;0,38890.0765087776,266,42.4433712638045,,0.005032715374296675,0.38331479999999374,ok,Hx,0.8882352941176463,7.925168002712782
0.7671304971953782,1.702446577525081,0.0,-0.9808191643007091,0;0;-0.980819164301;0;0;0;0;0;0;0;0;0,38907.15342389766,267,42.539755790708604,,0.005229611053127137,0.41553109999995286,ok,Hx,0.7888888888888881,8.078709423108783
0.7462307400038619,1.7218137472609076,0.0,-1.026756320052009,0;0;-1.02675632005;0;0;0;0;0;0;0;0;0,38880.090472729906,268,42.437485311433726,,0.005036427417084316,0.5164281999999503,ok,Hx,0.8647058823529404,7.928090196586582
0.7475154675903213,1.72312906218547,0.0,-1.0238872702601294,0;0;-1.02388727026;0;0;0;0;0;0;0;0;0,38880.26960197391,269,42.43964228085276,,0.005040404052915434,0.46062019999999393,ok,Hx,0.8647058823529404,7.931219488854448
0.7570105093555911,1.6995618250808304,0.0,-1.0028675523412323,0;0;-1.00286755234;0;0;0;0;0;0;0;0;0,38915.45547706355,270,42.50068895086841,,0.0051030594959439405,0.37957420000003594,ok,Hx,0.8176470588235288,7.980362304393227
0.7430248766754439,1.7321152027894726,0.0,-1.0339417621800975,0;0;-1.03394176218;0;0;0;0;0;0;0;0;0,38889.27884510387,271,42.44341311878297,,0.00503142306721914,0.39354579999996986,ok,Hx,0.8882352941176463,7.924150420006859
0.7447939991945971,1.7234035145864843,0.0,-1.0299719353561827,0;0;-1.02997193536;0;0;0;0;0;0;0;0;0,38880.34237380824,272,42.43597705495127,,0.005033308062472861,0.40469139999999015,ok,Hx,0.8647058823529404,7.925634650907226
0.7455805769502633,1.7338743770360203,0.0,-1.0282105434750366,0;0;-1.02821054348;0;0;0;0;0;0;0;0;0,38892.71042194611,273,42.44924920435289,,0.005034841154683992,0.3809187999999608,ok,Hx,0.8764705882352934,7.926841591104002
0.7287513285640309,1.743221881303993,0.0,-1.0663899449107257,0;0;-1.06638994491;0;0;0;0;0;0;0;0;0,38920.8229131005,274,42.49150302153474,,0.005100195161551064,0.3915593999999487,ok,Hx,0.9437499999999992,7.97812231143126
0.7322982871100848,1.7411036757563627,0.0,-1.0582566233546384,0;0;-1.05825662335;0;0;0;0;0;0;0;0;0,38912.94845063899,275,42.47456228768008,,0.005068545614957272,0.38254510000001574,ok,Hx,0.9274999999999993,7.953329445877793
0.7392280840804245,1.7373000251037345,0.0,-1.0425000869689256,0;0;-1.04250008697;0;0;0;0;0;0;0;0;0,38901.04690132364,276,42.45451239618353,,0.00503484886420244,0.38307559999998375,ok,Hx,0.9053571428571422,7.9268476600251665
0.739265190774189,1.7371163573491937,0.0,-1.0424161884089687,0;0;-1.04241618841;0;0;0;0;0;0;0;0;0,38900.54339706128,277,42.45399827999381,,0.00503476511321289,0.2804502000000184,ok,Hx,0.9053571428571422,7.926781731124988
0.7280291695706338,1.7154921057014711,0.0,-1.068051592558158,0;0;-1.06805159256;0;0;0;0;0;0;0;0;0,38883.01711776387,278,42.4559619658446,,0.005107879215522772,0.2816540000000032,ok,Hx,0.9124999999999993,7.984130047145036
0.7491332218249727,1.7098824679861042,0.0,-1.0202830018065525,0;0;-1.02028300181;0;0;0;0;0;0;0;0;0,38890.56955828276,279,42.45296621927315,,0.00504698085409342,0.3803608000000054,ok,Hx,0.8470588235294111,7.936392194132412
0.7303111772068362,1.7253400825008498,0.0,-1.0628074119033166,0;0;-1.0628074119;0;0;0;0;0;0;0;0;0,38881.208367680185,280,42.447482627490075,,0.005085038908137595,0.2729573999999957,ok,Hx,0.916666666666666,7.966259195730276
0.759028664796779,1.7283388760552105,0.0,-0.9984415213805766,0;0;-0.998441521381;0;0;0;0;0;0;0;0;0,38883.79416493127,281,42.476934218675964,,0.005123584351427323,0.47826580000003105,ok,Hx,0.8364705882352937,7.996394981853572
0.728797651772428,1.7135759786251161,0.0,-1.066283422685893,0;0;-1.06628342269;0;0;0;0;0;0;0;0;0,38885.09207677236,282,42.45563173379662,,0.005099716656890307,0.4038929999999823,ok,Hx,0.9089285714285708,7.977748045532087
0.7505907626976787,1.7266626938958334,0.0,-1.0170437768697427,0;0;-1.01704377687;0;0;0;0;0;0;0;0;0,38882.15989639706,283,42.447780826719786,,0.005054381624879163,0.38769539999998415,ok,Hx,0.8568627450980385,7.942208929415793
0.7370487299913441,1.727202706334572,0.0,-1.0474363576628185,0;0;-1.04743635766;0;0;0;0;0;0;0;0;0,38882.63371752371,284,42.437331412621184,,0.005041545207133084,0.4155177000000094,ok,Hx,0.8994047619047613,7.932117257392309
0.7433423104958939,1.7315550150487284,0.0,-1.0332286192003324,0;0;-1.0332286192;0;0;0;0;0;0;0;0;0,38888.30443820108,285,42.44265320598346,,0.005031600643485779,0.15986689999999726,ok,Hx,0.8764705882352934,7.924290254067081
0.7464409114673816,1.7212130835451815,0.0,-1.0262865576108444,0;0;-1.02628655761;0;0;0;0;0;0;0;0;0,38880.10117750796,286,42.43779366915796,,0.005037001822745832,0.4443858000000205,ok,Hx,0.8647058823529404,7.928542283917516
0.750448160690796,1.7155892010625184,0.0,-1.0173603546371353,0;0;-1.01736035464;0;0;0;0;0;0;0;0;0,38882.92625770185,287,42.44821098881257,,0.005053596188488424,0.41027400000001535,ok,Hx,0.8470588235294111,7.941591807209404
0.7372315218903901,1.7320329087518782,0.0,-1.0470216624350557,0;0;-1.04702166244;0;0;0;0;0;0;0;0;0,38889.13205932503,288,42.443680138315976,,0.005040848337197566,0.42429440000000795,ok,Hx,0.9053571428571422,7.931569028144786
0.7472727974774008,1.7109063492318217,0.0,-1.0244287433948962,0;0;-1.02442874339;0;0;0;0;0;0;0;0;0,38888.860274664396,289,42.44783047343406,,0.005039567878843074,0.4491568999999913,ok,Hx,0.8490196078431366,7.9305615896960004
0.7408649256669885,1.715539551929106,0.0,-1.0388040419243165,0;0;-1.03880404192;0;0;0;0;0;0;0;0;0,38882.9725482949,290,42.436293504488646,,0.005032104912831031,0.3943486000000007,ok,Hx,0.8764705882352934,7.924687332136913
0.7300564597375908,1.726014923635928,0.0,-1.0633918105552993,0;0;-1.06339181056;0;0;0;0;0;0;0;0;0,38881.65697892885,291,42.44860543933813,,0.0050873801362897085,0.3098816999999485,ok,Hx,0.9208333333333326,7.968092877275939
0.7416225494465647,1.7173537361698563,0.0,-1.037096614819461,0;0;-1.03709661482;0;0;0;0;0;0;0;0;0,38881.519990666646,292,42.434997304189224,,0.005031488189564032,0.42841329999998834,ok,Hx,0.8764705882352934,7.924201701481299
0.7480886296153074,1.7293337137040874,0.0,-1.0226092141162846,0;0;-1.02260921412;0;0;0;0;0;0;0;0;0,38884.994267851485,293,42.445370879024715,,0.005042535305842895,0.29839270000002216,ok,Hx,0.8647058823529404,7.932896105264415
0.7377216754750305,1.7210373267907515,0.0,-1.0459102737122146,0;0;-1.04591027371;0;0;0;0;0;0;0;0;0,38880.115183114314,294,42.434304356845274,,0.00503910247547415,0.29449429999999666,ok,Hx,0.8882352941176463,7.930195388129941
0.7515176973135221,1.7454472327237245,0.0,-1.0149877506149079,0;0;-1.01498775061;0;0;0;0;0;0;0;0;0,38930.083078223266,295,42.49799677774158,,0.005059805083875852,0.13557240000000093,ok,Hx,0.8647058823529404,7.946468866532521
0.7353413040043646,1.7387676447744196,0.0,-1.0513158720558367,0;0;-1.05131587206;0;0;0;0;0;0;0;0;0,38905.30378068402,296,42.46181138411837,,0.005049266108041195,0.3960494999999469,ok,Hx,0.916666666666666,7.93818877505153
0.7333827333417046,1.7382776667709163,0.0,-1.0557792207035481,0;0;-1.0557792207;0;0;0;0;0;0;0;0;0,38903.836009477054,297,42.463350811667866,,0.005060853799147493,0.14572640000000092,ok,Hx,0.9208333333333326,7.947292332194702
0.7241245221181554,1.7246272579711293,0.0,-1.0770695256785172,0;0;-1.07706952568;0;0;0;0;0;0;0;0;0,38880.81734414379,298,42.46851279816317,,0.0051568938547998325,0.4361478999999804,ok,Hx,0.9324999999999993,8.022345997767854
0.7498441170724617,1.7107201051856176,0.0,-1.0187021563963714,0;0;-1.0187021564;0;0;0;0;0;0;0;0;0,38889.160476384095,299,42.45307098021142,,0.005050417121160282,0.42440560000000005,ok,Hx,0.8470588235294111,7.939093504429856
0.7399538667543851,1.726000409598311,0.0,-1.0408600362100437,0;0;-1.04086003621;0;0;0;0;0;0;0;0;0,38881.646525962075,300,42.43496601536143,,0.005033392617784345,0.41234500000001617,ok,Hx,0.8882352941176463,7.9257012226016075
0.7511641632702145,1.7228041366977307,0.0,-1.015771553194586,0;0;-1.01577155319;0;0;0;0;0;0;0;0;0,38880.19931067728,301,42.44721651619697,,0.005057671135123136,0.4271652000000472,ok,Hx,0.8568627450980385,7.944792997072783
0.7447939991945971,1.7268258382104447,0.0,-1.0299719353561827,0;0;-1.02997193536;0;0;0;0;0;0;0;0;0,38882.29776536124,302,42.43793244650428,,0.005033308062472861,0.30045380000001387,ok,Hx,0.8764705882352934,7.925634650907226
0.7358369045611837,1.7338554273650042,0.0,-1.050188692151842,0;0;-1.05018869215;0;0;0;0;0;0;0;0;0,38892.67054342613,303,42.44857548164901,,0.005046798476755631,0.40080610000001116,ok,Hx,0.9089285714285708,7.936248798387704
0.750765725293475,1.7068164954569915,0.0,-1.0166554560354146,0;0;-1.01665545604;0;0;0;0;0;0;0;0;0,38896.53654532795,304,42.46257585674416,,0.005055362760780881,0.4431227999999692,ok,Hx,0.8411764705882346,7.942979746577817
0.7416383869226927,1.7306302059805123,0.0,-1.037060943625495,0;0;-1.03706094363;0;0;0;0;0;0;0;0;0,38886.81946787584,305,42.440301362817145,,0.005031479578961251,0.6209080000000426,ok,Hx,0.8882352941176463,7.9241949209643
0.7378567215533571,1.7171655837638748,0.0,-1.0456042110529962,0;0;-1.04560421105;0;0;0;0;0;0;0;0;0,38881.64768996054,306,42.43574858288901,,0.005038652824706704,0.5329262000000199,ok,Hx,0.8882352941176463,7.929841565399631
0.7626990008567525,1.7244314544084545,0.0,-0.9904292833139071,0;0;-0.990429283314;0;0;0;0;0;0;0;0;0,38880.72474480392,307,42.49025575970323,,0.005167030528211269,0.42734199999995326,ok,Hx,0.8254901960784308,8.030226708635109
0.7236562514003848,1.7298747785995015,0.0,-1.0781548245454557,0;0;-1.07815482455;0;0;0;0;0;0;0;0;0,38885.71978235401,308,42.47547160958594,,0.0051636327417811665,0.5197054999999864,ok,Hx,0.9437499999999992,8.02758597695652
0.7443121497072394,1.71110948858791,0.0,-1.0310520525858649,0;0;-1.03105205259;0;0;0;0;0;0;0;0;0,38888.5383213041,309,42.443690863026625,,0.005032579191687217,0.5112376000000154,ok,Hx,0.8647058823529404,7.925060776565468
0.7452227154363581,1.7253400825008498,0.0,-1.029011627224423,0;0;-1.02901162722;0;0;0;0;0;0;0;0;0,38881.208367680185,310,42.43731778549962,,0.005034090997291047,0.17532349999999042,ok,Hx,0.8647058823529404,7.92625104612466
0.7354106352244929,1.7109463381382133,0.0,-1.051158130155492,0;0;-1.05115813016;0;0;0;0;0;0;0;0;0,38888.796482721445,311,42.44521602371618,,0.0050489096184389275,0.5963540000000194,ok,Hx,0.8882352941176463,7.93790854306837
0.728797651772428,1.7283748575415003,0.0,-1.066283422685893,0;0;-1.06628342269;0;0;0;0;0;0;0;0;0,38883.83457979234,312,42.454374236816605,,0.005099716656890307,0.3842041999999992,ok,Hx,0.9274999999999993,7.977748045532087
0.7350843907443327,1.7185073400646251,0.0,-1.0519005408112154,0;0;-1.05190054081;0;0;0;0;0;0;0;0;0,38880.85454965074,313,42.43769962429933,,0.005050618712008871,0.44460889999999154,ok,Hx,0.8882352941176463,7.939251950018384
0.7372776872385444,1.729866949401309,0.0,-1.0469169499661604,0;0;-1.04691694997;0;0;0;0;0;0;0;0;0,38885.70892203718,314,42.44022064314151,,0.005040676384756617,0.43259910000000446,ok,Hx,0.9017857142857136,7.931433746918811
0.746249742629701,1.7315550150487284,0.0,-1.0267138406322656,0;0;-1.02671384063;0;0;0;0;0;0;0;0;0,38888.30443820108,315,42.44572574159646,,0.005036478089334618,0.15447890000001507,ok,Hx,0.8764705882352934,7.9281300793375005
0.7464409114673816,1.7275660267049644,0.0,-1.0262865576108444,0;0;-1.02628655761;0;0;0;0;0;0;0;0;0,38882.98062420212,316,42.44067311585213,,0.005037001822745832,0.3062814999999546,ok,Hx,0.8647058823529404,7.928542283917516
0.742417523771844,1.7254876379684645,0.0,-1.0353072597379682,0;0;-1.03530725974;0;0;0;0;0;0;0;0;0,38881.29991341216,317,42.43509139939454,,0.005031280650714861,0.15262919999997848,ok,Hx,0.8764705882352934,7.9240382710409385
0.7372315218903901,1.7272054993012402,0.0,-1.0470216624350557,0;0;-1.04702166244;0;0;0;0;0;0;0;0;0,38882.63632865473,318,42.437184407645674,,0.005040848337197566,0.3267577000000301,ok,Hx,0.8994047619047613,7.931569028144786
0.7410218638940074,1.728930675813425,0.0,-1.0384501857273718,0;0;-1.03845018573;0;0;0;0;0;0;0;0;0,38884.48718202741,319,42.437829008590604,,0.0050319435318564795,0.4255911999999853,ok,Hx,0.8882352941176463,7.924560257677953
0.7445622750765736,1.7284791103873518,0.0,-1.0304912665379509,0;0;-1.03049126654;0;0;0;0;0;0;0;0;0,38883.95286365812,320,42.43934883819459,,0.0050329375848592855,0.42804000000000997,ok,Hx,0.8764705882352934,7.925342961603862
0.7369332461790132,1.7210787957310152,0.0,-1.047698415149803,0;0;-1.04769841515;0;0;0;0;0;0;0;0;0,38880.11143625527,321,42.43490790126618,,0.005041998267026033,0.42960979999998017,ok,Hx,0.8882352941176463,7.932473660371327
0.7520912837521798,1.7173537361698563,0.0,-1.013717031749756,0;0;-1.01371703175;0;0;0;0;0;0;0;0;0,38881.519990666646,322,42.45094564016445,,0.005063437304870784,0.14597470000001067,ok,Hx,0.8470588235294111,7.949320572526144
0.7427069774826104,1.7219683087994802,0.0,-1.0346563163331843,0;0;-1.03465631633;0;0;0;0;0;0;0;0;0,38880.09705534588,323,42.43404093883424,,0.005031316329237818,0.41161710000000085,ok,Hx,0.8764705882352934,7.924066367016872
0.7481406234593379,1.711685013940371,0.0,-1.0224933370095644,0;0;-1.02249333701;0;0;0;0;0;0;0;0;0,38887.65756821498,324,42.44812895319349,,0.005042739530095283,0.46073350000000346,ok,Hx,0.8490196078431366,7.9330567460209895
0.7399848862680518,1.7190941524586678,0.0,-1.040789982112198,0;0;-1.04078998211;0;0;0;0;0;0;0;0;0,38880.594290517816,325,42.433910472322054,,0.005033338990233391,0.5394736999999736,ok,Hx,0.8764705882352934,7.925659000872591
0.7408310244545208,1.7194606976312077,0.0,-1.0388804939741294,0;0;-1.03888049397;0;0;0;0;0;0;0;0;0,38880.45872851023,326,42.4337759501039,,0.005032142044159237,0.35563880000000836,ok,Hx,0.8764705882352934,7.924716569764957
0.7333827333417046,1.738788970461912,0.0,-1.0557792207035481,0;0;-1.0557792207;0;0;0;0;0;0;0;0;0,38905.36854693858,327,42.464883349129394,,0.005060853799147493,0.30586249999998927,ok,Hx,0.9224999999999993,7.947292332194702
0.7477353977204487,1.7218137472609076,0.0,-1.023396721352696,0;0;-1.02339672135;0;0;0;0;0;0;0;0;0,38880.090472729906,328,42.439839643392126,,0.0050411959478255065,0.1350908000000004,ok,Hx,0.8647058823529404,7.931842498994942
0.7380425579331171,1.7220938432288038,0.0,-1.04518316370596,0;0;-1.04518316371;0;0;0;0;0;0;0;0;0,38880.10522603275,329,42.43409239948261,,0.00503805638101217,0.3992693999999801,ok,Hx,0.8882352941176463,7.929372209389081
0.7501553185710899,1.709295203341957,0.0,-1.0180106996675813,0;0;-1.01801069967;0;0;0;0;0;0;0;0;0,38891.61487038172,330,42.45622329351384,,0.005052025399060821,0.4053174999999669,ok,Hx,0.8470588235294111,7.940357484413346
0.744017088249463,1.7200556802555789,0.0,-1.0317138840673108,0;0;-1.03171388407;0;0;0;0;0;0;0;0;0,38880.28324594827,331,42.43516754995425,,0.005032212269937047,0.42597969999997076,ok,Hx,0.8647058823529404,7.9247718660422235
0.7485214498239711,1.7234035145864843,0.0,-1.0216448845980246,0;0;-1.0216448846;0;0;0;0;0;0;0;0;0,38880.34237380824,332,42.44152625456082,,0.005044289762440805,0.13525509999999485,ok,Hx,0.8647058823529404,7.9342760372488454
0.7423567367201416,1.7198063388501448,0.0,-1.0354440015233528,0;0;-1.03544400152;0;0;0;0;0;0;0;0;0,38880.35005993938,333,42.4341121580127,,0.0050312807581344345,0.40347530000002507,ok,Hx,0.8764705882352934,7.92403835563141
0.7421116855487203,1.7068164954569915,0.0,-1.0359953769338583,0;0;-1.03599537693;0;0;0;0;0;0;0;0;0,38896.53654532795,334,42.45018901942642,,0.005031307433200781,0.13603159999996706,ok,Hx,0.8647058823529404,7.924059361611683
0.7478159208016498,1.7306302059805123,0.0,-1.0232171601223956,0;0;-1.02321716012;0;0;0;0;0;0;0;0;0,38886.81946787584,335,42.446709121137815,,0.005041493918745364,0.13728099999997312,ok,Hx,0.8647058823529404,7.932076909986573
0.7398086475923558,1.7268447980948158,0.0,-1.0411880310010246,0;0;-1.041188031;0;0;0;0;0;0;0;0;0,38882.31409964187,336,42.43565243074422,,0.005033653397870516,0.4007723999999939,ok,Hx,0.8882352941176463,7.925906535244031
0.74710184084008,1.7286596163161188,0.0,-1.0248103270568887,0;0;-1.02481032706;0;0;0;0;0;0;0;0;0,38884.16212580141,337,42.442856851786274,,0.005039002613480547,0.395937100000026,ok,Hx,0.8647058823529404,7.930116809747333
0.7421217018694586,1.7213037571053351,0.0,-1.0359728356129063,0;0;-1.03597283561;0;0;0;0;0;0;0;0;0,38880.09587404545,338,42.43375256375759,,0.0050313056594532505,0.39386489999998275,ok,Hx,0.8764705882352934,7.92405796482942
0.7427638171822787,1.7205868116562448,0.0,-1.034528533413762,0;0;-1.03452853341;0;0;0;0;0;0;0;0;0,38880.173444149936,339,42.43414955760604,,0.0050313301481373935,0.3931230000000028,ok,Hx,0.8764705882352934,7.924077249040084
0.7423557464590941,1.7253400825008498,0.0,-1.0354462299810079,0;0;-1.03544622998;0;0;0;0;0;0;0;0;0,38881.208367680185,340,42.434969992761644,,0.005031280779759844,0.13204500000000507,ok,Hx,0.8764705882352934,7.924038372660929
0.7413403276972373,1.7181084480488922,0.0,-1.0377324028619277,0;0;-1.03773240286;0;0;0;0;0;0;0;0;0,38881.06167896484,341,42.43446415860018,,0.005031669849008512,0.41947079999999914,ok,Hx,0.8764705882352934,7.924344749922622
0.736888704871016,1.7214827640383288,0.0,-1.0477995005471106,0;0;-1.04779950055;0;0;0;0;0;0;0;0;0,38880.089247374395,342,42.43492481355336,,0.005042175766343631,0.4977686999999946,ok,Hx,0.8882352941176463,7.9326132871815025
0.7446544050678667,1.723823577636206,0.0,-1.0302847638239665,0;0;-1.03028476382;0;0;0;0;0;0;0;0;0,38880.47762733205,343,42.43596697812588,,0.005033080399398261,0.467790100000002,ok,Hx,0.8647058823529404,7.925455405495024
0.7398633681870908,1.7182934978110402,0.0,-1.0410644301812155,0;0;-1.04106443018;0;0;0;0;0;0;0;0;0,38880.96254698873,344,42.434293111444816,,0.005033553304790266,0.4258932000000186,ok,Hx,0.8764705882352934,7.925827732406408
0.7404931391550346,1.718150182895511,0.0,-1.0396426897183217,0;0;-1.03964268972;0;0;0;0;0;0;0;0;0,38881.038849791665,345,42.43433448340978,,0.005032557996313182,0.3845640999999773,ok,Hx,0.8764705882352934,7.925044087826169
0.7424349548253698,1.7173617309077756,0.0,-1.035268052771315,0;0;-1.03526805277;0;0;0;0;0;0;0;0;0,38881.5146809798,346,42.43531471310611,,0.005031281043398345,0.3909600999999725,ok,Hx,0.8647058823529404,7.924038580270249
0.7393051738346026,1.7254876379684645,0.0,-1.0423257960127785,0;0;-1.04232579601;0;0;0;0;0;0;0;0;0,38881.29991341216,347,42.43474365273171,,0.005034676014863976,0.12884789999998247,ok,Hx,0.8882352941176463,7.9267115921737945
0.7453811059639159,1.7221265595956017,0.0,-1.0286570076050778,0;0;-1.02865700761;0;0;0;0;0;0;0;0;0,38880.10776517802,348,42.436403526564376,,0.005034412250432228,0.38493110000001707,ok,Hx,0.8647058823529404,7.926503951011076
0.7429248967713818,1.7277463314921726,0.0,-1.034166450209166,0;0;-1.03416645021;0;0;0;0;0;0;0;0;0,38883.16117813812,349,42.43723298606552,,0.005031381801691099,0.14104049999997414,ok,Hx,0.8764705882352934,7.924117924734898
0.7392137837655848,1.7196000275671537,0.0,-1.0425324212758544,0;0;-1.04253242128;0;0;0;0;0;0;0;0;0,38880.41268438156,350,42.43388231419995,,0.005034881476794419,0.4019873999999959,ok,Hx,0.8764705882352934,7.9268733325564344
0.7369332461790132,1.7227693943328366,0.0,-1.047698415149803,0;0;-1.04769841515;0;0;0;0;0;0;0;0;0,38880.192811074405,351,42.43498927608532,,0.005041998267026033,0.27430859999998347,ok,Hx,0.8882352941176463,7.932473660371327
0.7446544050678667,1.723823577636206,0.0,-1.0302847638239665,0;0;-1.03028476382;0;0;0;0;0;0;0;0;0,38880.47762733205,352,42.43596697812588,,0.005033080399398261,0.018653000000028896,ok,Hx,0.8647058823529404,7.925455405495024
0.7427069774826104,1.7219733740131036,0.0,-1.0346563163331843,0;0;-1.03465631633;0;0;0;0;0;0;0;0;0,38880.09733664468,353,42.43404122013303,,0.005031316329237818,0.2703345000000468,ok,Hx,0.8764705882352934,7.924066367016872
0.7424068585960709,1.7178472376536789,0.0,-1.0353312501711973,0;0;-1.03533125017;0;0;0;0;0;0;0;0;0,38881.2104862795,354,42.43499670443776,,0.005031280457392575,0.38714010000001053,ok,Hx,0.8764705882352934,7.924038118804032
0.7439739996670843,1.7190941524586678,0.0,-1.0318105600758,0;0;-1.03181056008;0;0;0;0;0;0;0;0;0,38880.594290517816,355,42.435441232882425,,0.0050321638083376434,0.13042319999999563,ok,Hx,0.8647058823529404,7.924733707075196
0.7405288442725353,1.7168003452109182,0.0,-1.0395621256625198,0;0;-1.03956212566;0;0;0;0;0;0;0;0;0,38881.91084290992,356,42.4352073407348,,0.0050325101864853155,0.39203459999998813,ok,Hx,0.8764705882352934,7.9250064433624745
0.7437651808545473,1.7207082728615917,0.0,-1.0322791706238557,0;0;-1.03227917062;0;0;0;0;0;0;0;0;0,38880.15457824127,357,42.43482635208035,,0.005031946784918174,0.41493299999996225,ok,Hx,0.8647058823529404,7.924562819220933
0.7470167782627064,1.7219998764574869,0.0,-1.025000230869246,0;0;-1.02500023087;0;0;0;0;0;0;0;0;0,38880.09887060514,358,42.43865900611464,,0.005038728585011396,0.4364557999999761,ok,Hx,0.8647058823529404,7.9299011810326
0.7391248083329118,1.723684410751547,0.0,-1.0427336124860755,0;0;-1.04273361249;0;0;0;0;0;0;0;0;0,38880.42961352217,359,42.43392648253762,,0.00503508721742487,0.3981527999999912,ok,Hx,0.8882352941176463,7.927035289025928
0.7423455377396062,1.7226854535744474,0.0,-1.035469195230946,0;0;-1.03546919523;0;0;0;0;0;0;0;0;0,38880.17791344293,360,42.43393470297973,,0.005031281019141785,0.40299729999998135,ok,Hx,0.8764705882352934,7.92403856116876
