paper_example,noise_label,score_case,alpha,beta,support,coefficients,validation_residual_norm,condition_number,active_lamb_sum,complexity_penalty,objective,sparsity_lamb,d_tol,mse,runtime_seconds,note
tsfade_clean,clean,legacy_selected_hx_from_de_csv,0.6772505346745308,1.5447888281389088,Hx,,2.3580096094122425,52930.18184243811,0.001,52.93018184243812,55.28819145185036,,,,131.1882935,legacy DE winner; fixed-order physical library without Taylor correction columns
tsfade_clean,clean,proposed_selected_augmented,0.7638476163254433,1.8565927667699904,Hx + D_x^1.856593 H,,0.9334259082639691,,,125.21590909255356,126.14933500081753,,,,,selected augmented STRidge model; includes internal Taylor correction columns
tsfade_clean,clean,forced_two_term_at_proposed_orders,0.7638476163254433,1.8565927667699904,Hx + D_x^1.856593 H,"{'Hx': -1.0239097333650555, 'D_x^1.856593 H': 0.49563191552721375}",0.931301763263151,58470.76430476353,0.002,116.94152860952705,117.8728303727902,0.001,0.005,0.0004498368499844067,,physical-only two-term least-squares score using full physical-library condition penalty
tsfade_clean,clean,forced_two_term_at_legacy_orders,0.6772505346745308,1.5447888281389088,Hx + D_x^1.544789 H,"{'Hx': -1.3004137940265592, 'D_x^1.544789 H': 0.17781605526006083}",1.570332242572577,52930.18184243811,0.002,105.86036368487623,107.43069592744881,0.001,0.005,0.0012881467966428168,,physical-only two-term least-squares score using full physical-library condition penalty
tsfade_noise5,5%,legacy_selected_hx_from_de_csv,0.6734220641676261,1.5765233656309923,Hx,,2.419835637887921,55268.7189308193,0.001,55.2687189308193,57.68855456870722,,,,121.61335539999999,legacy DE winner; fixed-order physical library without Taylor correction columns
tsfade_noise5,5%,proposed_selected_augmented,0.7572804261725519,1.8630281213495024,Hx + D_x^1.863028 H,,0.9737737568132314,,,134.05598339368626,135.0297571504995,,,,,selected augmented STRidge model; includes internal Taylor correction columns
tsfade_noise5,5%,forced_two_term_at_proposed_orders,0.7572804261725519,1.8630281213495024,Hx + D_x^1.863028 H,"{'Hx': -1.0375939561997767, 'D_x^1.863028 H': 0.504670008931062}",0.9678292399914425,61779.2566165909,0.002,123.5585132331818,124.52634247317324,0.001,0.005,0.0004779364108881182,,physical-only two-term least-squares score using full physical-library condition penalty
tsfade_noise5,5%,forced_two_term_at_legacy_orders,0.6734220641676261,1.5765233656309923,Hx + D_x^1.576523 H,"{'Hx': -1.3070628775476683, 'D_x^1.576523 H': 0.1913111108092291}",1.6236999856340602,55268.7189308193,0.002,110.5374378616386,112.16113784727266,0.001,0.005,0.0013509522388066287,,physical-only two-term least-squares score using full physical-library condition penalty
tsfade_noise25,25%,legacy_selected_hx_from_de_csv,0.7421217018694586,1.7213037571053351,Hx,,3.5536566897121347,38880.09587404545,0.001,38.88009587404545,42.43375256375759,,,,125.59084169999997,legacy DE winner; fixed-order physical library without Taylor correction columns
tsfade_noise25,25%,proposed_selected_augmented,0.8151224686261102,1.8225528393487584,Hx + D_x^1.822553 H,,1.6914407564911573,,,367.2416960379178,368.93313679440894,,,,,selected augmented STRidge model; includes internal Taylor correction columns
tsfade_noise25,25%,forced_two_term_at_proposed_orders,0.8151224686261102,1.8225528393487584,Hx + D_x^1.822553 H,"{'Hx': -0.8838773279677294, 'D_x^1.822553 H': 0.4569491240844759}",1.6992879955139126,39987.91532018034,0.008,319.90332256144274,321.6026105569566,0.004,0.006,0.0012313847400712856,,physical-only two-term least-squares score using full physical-library condition penalty
tsfade_noise25,25%,forced_two_term_at_legacy_orders,0.7421217018694586,1.7213037571053351,Hx + D_x^1.721304 H,"{'Hx': -1.0544139740911904, 'D_x^1.721304 H': 0.28801141511131534}",2.2007799585279066,38880.09587404545,0.008,311.0407669923636,313.2415469508915,0.004,0.006,0.002104146163740916,,physical-only two-term least-squares score using full physical-library condition penalty
