step,train_loss,val_loss,periodic_boundary_loss,periodic_derivative_loss,early_time_loss,peak_loss,spectral_loss,integer_derivative_loss,train_objective,is_best
0,32.6302490234375,32.87898254394531,3.8834761653561145e-05,7.727877004981565e-07,37.54541778564453,102.14481353759766,0.0,0.0,32.6302490234375,1
100,9.301363945007324,9.304719924926758,3.802105311478954e-06,8.136118594848085e-06,14.547693252563477,40.10228729248047,0.0,0.0,9.301363945007324,1
200,7.865952491760254,7.800574779510498,1.5532922361671808e-06,3.4028578284051036e-06,13.22164535522461,27.90523910522461,0.0,0.0,7.865952491760254,1
300,7.840994834899902,7.765893459320068,2.860752601918648e-06,5.927297934249509e-06,13.212385177612305,26.353519439697266,0.0,0.0,7.840994834899902,1
400,7.477294445037842,7.460934638977051,13.730683326721191,14.449265480041504,13.212526321411133,26.23675537109375,0.0,0.0,7.477294445037842,1
500,6.778805255889893,6.833104133605957,15.720224380493164,3.4423766136169434,13.32274341583252,22.420000076293945,0.0,0.0,6.778805255889893,1
600,4.091993808746338,4.130497455596924,5.312497138977051,1.291105031967163,7.471950054168701,21.99568748474121,0.0,0.0,4.091993808746338,1
700,0.6570139527320862,0.6309780478477478,2.37585186958313,2.9037256240844727,1.767907738685608,7.313841819763184,0.0,0.0,0.6570139527320862,1
800,0.2856784760951996,0.26368558406829834,1.0332443714141846,1.9268760681152344,0.9049699902534485,3.8952109813690186,0.0,0.0,0.2856784760951996,1
900,0.17841528356075287,0.16279880702495575,0.9370073676109314,1.1612428426742554,0.5711074471473694,2.4908390045166016,0.0,0.0,0.17841528356075287,1
1000,0.11923389136791229,0.10583183169364929,0.9515368938446045,0.8433060646057129,0.4247998297214508,1.7372620105743408,0.0,0.0,0.11923389136791229,1
1100,0.09431836754083633,0.08247940987348557,1.1168084144592285,0.7316075563430786,0.33439362049102783,1.2806892395019531,0.0,0.0,0.09431836754083633,1
1200,0.08699411898851395,0.076136015355587,1.088356375694275,0.7358919382095337,0.303040474653244,0.9985394477844238,0.0,0.0,0.08699411898851395,1
1300,0.07235481590032578,0.06205229088664055,1.2170212268829346,0.7898219227790833,0.25071829557418823,0.7990935444831848,0.0,0.0,0.07235481590032578,1
1400,0.06696739047765732,0.056998930871486664,1.2659165859222412,0.8661882281303406,0.22674071788787842,0.6723598837852478,0.0,0.0,0.06696739047765732,1
1500,0.062346670776605606,0.05299631133675575,1.2364121675491333,0.9271401166915894,0.2128455489873886,0.5660691261291504,0.0,0.0,0.062346670776605606,1
1600,0.07976450026035309,0.0713072270154953,1.0855541229248047,0.9775977730751038,0.24391420185565948,0.49064263701438904,0.0,0.0,0.07976450026035309,0
1700,0.056470680981874466,0.04785173013806343,1.2554724216461182,1.0372860431671143,0.1911795288324356,0.4345487356185913,0.0,0.0,0.056470680981874466,1
1800,0.054152049124240875,0.045939840376377106,1.2659003734588623,1.0776610374450684,0.18246790766716003,0.3831419348716736,0.0,0.0,0.054152049124240875,1
1900,0.05269037187099457,0.04462005943059921,1.293334722518921,1.1065973043441772,0.17467711865901947,0.3569106161594391,0.0,0.0,0.05269037187099457,1
2000,0.050533559173345566,0.042857736349105835,1.2933675050735474,1.1399755477905273,0.17000390589237213,0.3161722719669342,0.0,0.0,0.050533559173345566,1
2100,0.04883173480629921,0.04148911312222481,1.3053138256072998,1.1646697521209717,0.16377852857112885,0.28535521030426025,0.0,0.0,0.04883173480629921,1
2200,0.04752015694975853,0.040319327265024185,1.3207048177719116,1.1814545392990112,0.15922358632087708,0.2699735164642334,0.0,0.0,0.04752015694975853,1
2300,0.046132467687129974,0.03931095823645592,1.32817542552948,1.2005521059036255,0.1541675180196762,0.24230043590068817,0.0,0.0,0.046132467687129974,1
2400,0.04492417722940445,0.03843221440911293,1.3345563411712646,1.2178339958190918,0.1492166817188263,0.22093231976032257,0.0,0.0,0.04492417722940445,1
2500,0.04409177601337433,0.03773803636431694,1.3441258668899536,1.2327831983566284,0.14533816277980804,0.21143758296966553,0.0,0.0,0.04409177601337433,1
2600,0.04314114525914192,0.03713321313261986,1.3450223207473755,1.2523183822631836,0.14129027724266052,0.19270849227905273,0.0,0.0,0.04314114525914192,1
2700,0.042321328073740005,0.036595702171325684,1.3434230089187622,1.275611400604248,0.13754652440547943,0.1786823570728302,0.0,0.0,0.042321328073740005,1
2800,0.04173995554447174,0.0361420139670372,1.3403269052505493,1.2966099977493286,0.13496612012386322,0.17435677349567413,0.0,0.0,0.04173995554447174,1
2900,0.0410500206053257,0.03572523221373558,1.3456165790557861,1.321354627609253,0.13104556500911713,0.16165906190872192,0.0,0.0,0.0410500206053257,1
3000,0.04042874649167061,0.03533988818526268,1.3429033756256104,1.3486950397491455,0.12783047556877136,0.15243417024612427,0.0,0.0,0.04042874649167061,1
3100,0.040019042789936066,0.03502541407942772,1.3363080024719238,1.371949315071106,0.12593629956245422,0.15151150524616241,0.0,0.0,0.040019042789936066,1
3200,0.039485011249780655,0.0347326323390007,1.3375941514968872,1.3985687494277954,0.12282554060220718,0.14175193011760712,0.0,0.0,0.039485011249780655,1
3300,0.03900089114904404,0.03444789722561836,1.3343915939331055,1.425707459449768,0.12007268518209457,0.13519392907619476,0.0,0.0,0.03900089114904404,1
3400,0.038913071155548096,0.03444511070847511,1.3171865940093994,1.4516383409500122,0.12081040441989899,0.13489213585853577,0.0,0.0,0.038913071155548096,1
3500,0.03829151764512062,0.034006837755441666,1.3250035047531128,1.4733463525772095,0.11616472154855728,0.12859614193439484,0.0,0.0,0.03829151764512062,1
3600,0.03790949657559395,0.03379424661397934,1.321507215499878,1.4975286722183228,0.11384209245443344,0.12347060441970825,0.0,0.0,0.03790949657559395,1
3700,0.042239800095558167,0.03801342844963074,1.433092474937439,1.4870420694351196,0.11168081313371658,0.1314084827899933,0.0,0.0,0.042239800095558167,0
3800,0.03737388551235199,0.03345745429396629,1.3090851306915283,1.5407077074050903,0.11084183305501938,0.11989756673574448,0.0,0.0,0.03737388551235199,1
3900,0.0370672270655632,0.03329521417617798,1.3064260482788086,1.560581088066101,0.10879974812269211,0.11545532196760178,0.0,0.0,0.0370672270655632,1
4000,0.036893464624881744,0.03320767357945442,1.3117530345916748,1.5805847644805908,0.1061173677444458,0.11365129053592682,0.0,0.0,0.036893464624881744,1
4100,0.0366661474108696,0.0330212228000164,1.294734001159668,1.5970791578292847,0.10645829886198044,0.11455637961626053,0.0,0.0,0.0366661474108696,1
4200,0.03640905022621155,0.03289542347192764,1.2902981042861938,1.6141148805618286,0.10473296046257019,0.11003381013870239,0.0,0.0,0.03640905022621155,1
4300,0.03617912903428078,0.03275787830352783,1.2856113910675049,1.6315689086914062,0.10319019854068756,0.10753203928470612,0.0,0.0,0.03617912903428078,1
4400,0.03644487261772156,0.032965973019599915,1.3042867183685303,1.6414729356765747,0.1015515998005867,0.11284017562866211,0.0,0.0,0.03644487261772156,0
4500,0.03586356341838837,0.032544367015361786,1.273767352104187,1.660606861114502,0.10127637535333633,0.10620348900556564,0.0,0.0,0.03586356341838837,1
4600,0.035660114139318466,0.032416317611932755,1.2694909572601318,1.6748051643371582,0.09983805567026138,0.10395333915948868,0.0,0.0,0.035660114139318466,1
4700,0.03564869984984398,0.03241122141480446,1.2565847635269165,1.6877108812332153,0.1002010628581047,0.10807347297668457,0.0,0.0,0.03564869984984398,1
4800,0.03537533059716225,0.03220510482788086,1.2575000524520874,1.6999789476394653,0.09796617925167084,0.10329946130514145,0.0,0.0,0.03537533059716225,1
4900,0.03515702486038208,0.03204613924026489,1.2529815435409546,1.7115873098373413,0.09615449607372284,0.10115981101989746,0.0,0.0,0.03515702486038208,1
5000,0.03575478494167328,0.03267475217580795,1.2216498851776123,1.7189639806747437,0.09878160804510117,0.10496633499860764,0.0,0.0,0.03575478494167328,0
5100,0.03489317372441292,0.031809285283088684,1.2417429685592651,1.7333647012710571,0.09453258663415909,0.10141374170780182,0.0,0.0,0.03489317372441292,1
5200,0.03470790758728981,0.0316498801112175,1.2379531860351562,1.7453055381774902,0.09318388998508453,0.0998048409819603,0.0,0.0,0.03470790758728981,1
5300,0.03847979009151459,0.03564867749810219,1.1698756217956543,1.7425700426101685,0.10085020959377289,0.09805790334939957,0.0,0.0,0.03847979009151459,0
5400,0.03447316959500313,0.03141671046614647,1.2268528938293457,1.7734830379486084,0.09177245199680328,0.10073172301054001,0.0,0.0,0.03447316959500313,1
5500,0.03431198373436928,0.03127395361661911,1.2224618196487427,1.7865326404571533,0.09071166813373566,0.09907282888889313,0.0,0.0,0.03431198373436928,1
5600,0.036989886313676834,0.03403955325484276,1.1748602390289307,1.7882295846939087,0.09669788926839828,0.09854908287525177,0.0,0.0,0.036989886313676834,0
5700,0.03412485867738724,0.03109011799097061,1.2132489681243896,1.8125563859939575,0.08962678164243698,0.09939998388290405,0.0,0.0,0.03412485867738724,1
5800,0.03398631140589714,0.030963441357016563,1.2099814414978027,1.8250652551651,0.0887211263179779,0.09799140691757202,0.0,0.0,0.03398631140589714,1
5900,0.03976865112781525,0.03692702203989029,1.1596386432647705,1.8219999074935913,0.10033489763736725,0.08787873387336731,0.0,0.0,0.03976865112781525,0
6000,0.03384784609079361,0.030829502269625664,1.2009079456329346,1.8513301610946655,0.0879615768790245,0.09835682809352875,0.0,0.0,0.03384784609079361,1
6100,0.03372740000486374,0.030721204355359077,1.1985408067703247,1.8632731437683105,0.08718745410442352,0.0967426747083664,0.0,0.0,0.03372740000486374,1
6200,0.03635989874601364,0.0332033708691597,1.240421175956726,1.8689523935317993,0.08898720145225525,0.1038660779595375,0.0,0.0,0.03635989874601364,0
6300,0.03362224996089935,0.030622588470578194,1.1890593767166138,1.8883512020111084,0.08666860312223434,0.09731776267290115,0.0,0.0,0.03362224996089935,1
6400,0.03351476043462753,0.030528130009770393,1.1874549388885498,1.901030421257019,0.08597978204488754,0.09544922411441803,0.0,0.0,0.03351476043462753,1
6500,0.03342348709702492,0.030448082834482193,1.1812965869903564,1.916280746459961,0.08543119579553604,0.09435151517391205,0.0,0.0,0.03342348709702492,1
6600,0.03344157338142395,0.030475391075015068,1.176608681678772,1.9222933053970337,0.08564671874046326,0.0958634689450264,0.0,0.0,0.03344157338142395,0
6700,0.03333783522248268,0.030373400077223778,1.1774345636367798,1.9348931312561035,0.08502588421106339,0.0941772311925888,0.0,0.0,0.03333783522248268,1
6800,0.03325268626213074,0.030293427407741547,1.1733869314193726,1.948359727859497,0.08455365151166916,0.09338163584470749,0.0,0.0,0.03325268626213074,1
6900,0.033317681401968,0.030370712280273438,1.1667587757110596,1.947583794593811,0.08496138453483582,0.09537399560213089,0.0,0.0,0.033317681401968,0
7000,0.033205512911081314,0.03026502951979637,1.1691399812698364,1.9612202644348145,0.08436208218336105,0.09324665367603302,0.0,0.0,0.033205512911081314,1
7100,0.03312602639198303,0.030190356075763702,1.1658941507339478,1.9724000692367554,0.08393512666225433,0.09240568429231644,0.0,0.0,0.03312602639198303,1
7200,0.04833071306347847,0.04586397111415863,1.0612658262252808,1.9538533687591553,0.10237425565719604,0.07939030975103378,0.0,0.0,0.04833071306347847,0
7300,0.03309539705514908,0.03017357550561428,1.1594834327697754,1.9848705530166626,0.0838521346449852,0.09301084280014038,0.0,0.0,0.03309539705514908,1
7400,0.0330168679356575,0.0301046259701252,1.1587576866149902,1.9916871786117554,0.0834273174405098,0.09174440801143646,0.0,0.0,0.0330168679356575,1
7500,0.03294730558991432,0.03003797121345997,1.1547328233718872,2.002885580062866,0.08307737112045288,0.09121551364660263,0.0,0.0,0.03294730558991432,1
7600,0.03298705816268921,0.030069736763834953,1.154453992843628,1.998711109161377,0.08338930457830429,0.09358207881450653,0.0,0.0,0.03298705816268921,0
7700,0.03290378674864769,0.030012426897883415,1.1510846614837646,2.0088388919830322,0.08290259540081024,0.09119118750095367,0.0,0.0,0.03290378674864769,1
7800,0.0328378826379776,0.029951106756925583,1.1476709842681885,2.0176212787628174,0.0825713649392128,0.09059002995491028,0.0,0.0,0.0328378826379776,1
7900,0.03289753571152687,0.02999880723655224,1.1495757102966309,2.0099987983703613,0.08300021290779114,0.09320660680532455,0.0,0.0,0.03289753571152687,0
8000,0.032808784395456314,0.029938362538814545,1.1455358266830444,2.0183069705963135,0.08247232437133789,0.0907563865184784,0.0,0.0,0.032808784395456314,1
8100,0.032745711505413055,0.02987905777990818,1.142143964767456,2.0263540744781494,0.08215818554162979,0.09018173813819885,0.0,0.0,0.032745711505413055,1
8200,0.0328090600669384,0.029938625171780586,1.1360465288162231,2.0208022594451904,0.08252161741256714,0.09329237788915634,0.0,0.0,0.0328090600669384,0
8300,0.03272588178515434,0.029874254018068314,1.1401654481887817,2.0243778228759766,0.08210042119026184,0.09058507531881332,0.0,0.0,0.03272588178515434,1
8400,0.03266432136297226,0.029817093163728714,1.1371785402297974,2.0313265323638916,0.08178938180208206,0.08991571515798569,0.0,0.0,0.03266432136297226,1
8500,0.0362217091023922,0.03354313224554062,1.0878775119781494,1.9986157417297363,0.08562052994966507,0.08634375780820847,0.0,0.0,0.0362217091023922,0
8600,0.03264540806412697,0.029812820255756378,1.1341005563735962,2.028660774230957,0.08171940594911575,0.09041999280452728,0.0,0.0,0.03264540806412697,1
8700,0.03258509188890457,0.029756080359220505,1.1323233842849731,2.034367561340332,0.08142015337944031,0.08971615880727768,0.0,0.0,0.03258509188890457,1
8800,0.03396906703710556,0.03138387203216553,1.1207631826400757,2.0042591094970703,0.08439384400844574,0.08151841908693314,0.0,0.0,0.03396906703710556,0
8900,0.03256848081946373,0.029751596972346306,1.1293381452560425,2.0299618244171143,0.08134957402944565,0.09033671766519547,0.0,0.0,0.03256848081946373,1
9000,0.03251006454229355,0.02969847247004509,1.1276947259902954,2.035571813583374,0.08106096088886261,0.08954501152038574,0.0,0.0,0.03251006454229355,1
9100,0.05013464018702507,0.04791299253702164,1.0203269720077515,2.0169734954833984,0.10156622529029846,0.07115058600902557,0.0,0.0,0.05013464018702507,0
9200,0.032499585300683975,0.02970053441822529,1.124953269958496,2.0288660526275635,0.08100748807191849,0.09019146859645844,0.0,0.0,0.032499585300683975,0
9300,0.032442353665828705,0.029647761955857277,1.1234498023986816,2.034771203994751,0.08072841912508011,0.08942307531833649,0.0,0.0,0.032442353665828705,1
9400,0.04005838558077812,0.036884602159261703,1.2113624811172485,2.0210468769073486,0.0912209302186966,0.10483875870704651,0.0,0.0,0.04005838558077812,0
9500,0.03245675563812256,0.029671862721443176,1.1203656196594238,2.0232625007629395,0.08077790588140488,0.09062402695417404,0.0,0.0,0.03245675563812256,0
9600,0.032394517213106155,0.029616685584187508,1.1205952167510986,2.029481887817383,0.08049146085977554,0.08950664103031158,0.0,0.0,0.032394517213106155,1
9700,0.03234567120671272,0.0295721348375082,1.116508960723877,2.0365262031555176,0.08023315668106079,0.08906197547912598,0.0,0.0,0.03234567120671272,1
9800,0.032462138682603836,0.029711417853832245,1.1023952960968018,2.0219690799713135,0.0805172324180603,0.09173079580068588,0.0,0.0,0.032462138682603836,0
9900,0.0323471836745739,0.02958565391600132,1.1177867650985718,2.0221753120422363,0.08025924116373062,0.08975140005350113,0.0,0.0,0.0323471836745739,0
10000,0.032296501100063324,0.029540596529841423,1.113687515258789,2.0301566123962402,0.07998034358024597,0.08907699584960938,0.0,0.0,0.032296501100063324,1
10100,0.039085399359464645,0.03567642346024513,1.1852467060089111,1.9690608978271484,0.08950499445199966,0.12216932326555252,0.0,0.0,0.039085399359464645,0
10200,0.03228994086384773,0.029539834707975388,1.1142795085906982,2.0172770023345947,0.07998314499855042,0.08998768031597137,0.0,0.0,0.03228994086384773,1
10300,0.032237887382507324,0.02950049377977848,1.1101619005203247,2.0247244834899902,0.07967483997344971,0.08896146714687347,0.0,0.0,0.032237887382507324,1
10400,0.04450615867972374,0.04233000800013542,1.0208348035812378,2.0057272911071777,0.0944862961769104,0.07109637558460236,0.0,0.0,0.04450615867972374,0
10500,0.032229356467723846,0.029501400887966156,1.1106503009796143,2.0118746757507324,0.07966094464063644,0.08961401879787445,0.0,0.0,0.032229356467723846,0
10600,0.03217998892068863,0.029461504891514778,1.1063120365142822,2.0201303958892822,0.07937265187501907,0.08877354115247726,0.0,0.0,0.03217998892068863,1
10700,0.03443966433405876,0.03206932172179222,1.0639950037002563,1.9811893701553345,0.08395811170339584,0.07831050455570221,0.0,0.0,0.03443966433405876,0
10800,0.032189108431339264,0.029483068734407425,1.10796320438385,2.0024125576019287,0.07944347709417343,0.08956947177648544,0.0,0.0,0.032189108431339264,0
10900,0.03213800862431526,0.02943813055753708,1.1035915613174438,2.012932300567627,0.07915988564491272,0.08873480558395386,0.0,0.0,0.03213800862431526,1
11000,0.03209598362445831,0.029405254870653152,1.099881887435913,2.0166194438934326,0.07892890274524689,0.08826414495706558,0.0,0.0,0.03209598362445831,1
11100,0.03213922679424286,0.02943846583366394,1.1035668849945068,1.9911608695983887,0.07917126268148422,0.09050561487674713,0.0,0.0,0.03213922679424286,0
11200,0.03208373114466667,0.02940486930310726,1.1006604433059692,2.0045595169067383,0.07889072597026825,0.08859840035438538,0.0,0.0,0.03208373114466667,1
11300,0.032041359692811966,0.02937011793255806,1.0970947742462158,2.0087499618530273,0.07867061346769333,0.08815158158540726,0.0,0.0,0.032041359692811966,1
11400,0.03212868422269821,0.029478302225470543,1.0959279537200928,1.9806689023971558,0.07884262502193451,0.08948048949241638,0.0,0.0,0.03212868422269821,0
11500,0.032039742916822433,0.029381349682807922,1.0979974269866943,1.9959518909454346,0.07868070900440216,0.0885174572467804,0.0,0.0,0.032039742916822433,0
11600,0.03199665993452072,0.0293464083224535,1.0940529108047485,2.0008790493011475,0.0784568339586258,0.08800572156906128,0.0,0.0,0.03199665993452072,1
11700,0.032187338918447495,0.029481062665581703,1.1016086339950562,1.980342149734497,0.07918082922697067,0.0925155058503151,0.0,0.0,0.032187338918447495,0
11800,0.03198755532503128,0.029350681230425835,1.0955003499984741,1.9853664636611938,0.07844465970993042,0.08843183517456055,0.0,0.0,0.03198755532503128,0
11900,0.03194323182106018,0.0293149221688509,1.0911071300506592,1.991390347480774,0.07821127772331238,0.08785010874271393,0.0,0.0,0.03194323182106018,1
12000,0.032541848719120026,0.029840786010026932,1.126523494720459,1.965173363685608,0.07991240918636322,0.09225054085254669,0.0,0.0,0.032541848719120026,0
12100,0.03194884583353996,0.029332740232348442,1.0939431190490723,1.9721860885620117,0.07828295230865479,0.08851190656423569,0.0,0.0,0.03194884583353996,0
12200,0.031901732087135315,0.029293395578861237,1.0887269973754883,1.980908989906311,0.07803492248058319,0.08781429380178452,0.0,0.0,0.031901732087135315,1
12300,0.031863901764154434,0.029256440699100494,1.0878487825393677,1.979312777519226,0.07788828015327454,0.08772128075361252,0.0,0.0,0.031863901764154434,1
12400,0.03190899267792702,0.029322516173124313,1.0889980792999268,1.9542038440704346,0.07804763317108154,0.08863088488578796,0.0,0.0,0.03190899267792702,0
12500,0.03185230866074562,0.029266642406582832,1.0867165327072144,1.966664433479309,0.07782303541898727,0.08777447044849396,0.0,0.0,0.03185230866074562,0
12600,0.03181006759405136,0.029233839362859726,1.0835449695587158,1.9674639701843262,0.07761392742395401,0.08730806410312653,0.0,0.0,0.03181006759405136,1
12700,0.03187854215502739,0.029333829879760742,1.0815898180007935,1.9366929531097412,0.07770629227161407,0.08818767964839935,0.0,0.0,0.03187854215502739,0
12800,0.03179487586021423,0.029232176020741463,1.0840650796890259,1.9529997110366821,0.07757293432950974,0.08760026842355728,0.0,0.0,0.03179487586021423,1
12900,0.03175221383571625,0.02919795550405979,1.080984115600586,1.953620195388794,0.07736609876155853,0.08714477717876434,0.0,0.0,0.03175221383571625,1
13000,0.031867850571870804,0.02927364595234394,1.096593976020813,1.914011836051941,0.07799554616212845,0.09065132588148117,0.0,0.0,0.031867850571870804,0
13100,0.031750716269016266,0.029208878055214882,1.0822771787643433,1.9377732276916504,0.07739472389221191,0.08756431192159653,0.0,0.0,0.031750716269016266,0
13200,0.03170742094516754,0.029172725975513458,1.0788897275924683,1.9394891262054443,0.07718441635370255,0.08705044537782669,0.0,0.0,0.03170742094516754,1
13300,0.03556852042675018,0.03270336985588074,1.1381852626800537,1.889678716659546,0.08254848420619965,0.10141676664352417,0.0,0.0,0.03556852042675018,0
13400,0.03170207142829895,0.029182717204093933,1.08163321018219,1.9169988632202148,0.07720872014760971,0.08758610486984253,0.0,0.0,0.03170207142829895,0
13500,0.03165632486343384,0.02914281375706196,1.0770864486694336,1.9229404926300049,0.0769738033413887,0.08694227784872055,0.0,0.0,0.03165632486343384,1
13600,0.05670853331685066,0.05494760721921921,0.9381675124168396,1.896295189857483,0.10203231871128082,0.06995949894189835,0.0,0.0,0.05670853331685066,0
13700,0.03165855631232262,0.029167626053094864,1.0797398090362549,1.8973854780197144,0.0770101547241211,0.08741074800491333,0.0,0.0,0.03165855631232262,0
13800,0.0316101498901844,0.029116448014974594,1.0754324197769165,1.9070230722427368,0.07679352164268494,0.08683492988348007,0.0,0.0,0.0316101498901844,1
13900,0.03157588467001915,0.029076794162392616,1.0757853984832764,1.902974009513855,0.07668617367744446,0.08684653043746948,0.0,0.0,0.03157588467001915,1
14000,0.03160728141665459,0.02911882847547531,1.0785609483718872,1.8801335096359253,0.07685534656047821,0.0878910943865776,0.0,0.0,0.03160728141665459,0
14100,0.031555380672216415,0.02908298559486866,1.0733762979507446,1.891445517539978,0.07657072693109512,0.08662530034780502,0.0,0.0,0.031555380672216415,0
14200,0.0322558730840683,0.029953688383102417,1.0444602966308594,1.89533269405365,0.07628919929265976,0.08149222284555435,0.0,0.0,0.0322558730840683,0
14300,0.031554434448480606,0.029101183637976646,1.0767115354537964,1.8678879737854004,0.07662138342857361,0.08712371438741684,0.0,0.0,0.031554434448480606,0
14400,0.031505558639764786,0.02905307710170746,1.0708580017089844,1.8790156841278076,0.07637512683868408,0.08638540655374527,0.0,0.0,0.031505558639764786,1
14500,0.03151365742087364,0.029109947383403778,1.0623019933700562,1.8779478073120117,0.07601404935121536,0.08473441749811172,0.0,0.0,0.03151365742087364,0
14600,0.031499557197093964,0.02907312847673893,1.0711493492126465,1.8572607040405273,0.07634959369897842,0.08666883409023285,0.0,0.0,0.031499557197093964,0
14700,0.03145059943199158,0.029019521549344063,1.0680240392684937,1.8671773672103882,0.07615386694669724,0.0860990658402443,0.0,0.0,0.03145059943199158,1
14800,0.041780419647693634,0.03971422463655472,0.9788530468940735,1.8544973134994507,0.08251374214887619,0.08229974657297134,0.0,0.0,0.041780419647693634,0
14900,0.031439896672964096,0.02903197705745697,1.069050669670105,1.850366473197937,0.07614441961050034,0.08628316223621368,0.0,0.0,0.031439896672964096,0
15000,0.031395185738801956,0.02898557297885418,1.0648571252822876,1.8572566509246826,0.07593202590942383,0.085762158036232,0.0,0.0,0.031395185738801956,1
15100,0.03303500637412071,0.030768241733312607,0.9820038676261902,1.8207401037216187,0.07712829858064651,0.08671180158853531,0.0,0.0,0.03303500637412071,0
15200,0.03138544037938118,0.028994055464863777,1.065288782119751,1.843716025352478,0.07593808323144913,0.08608050644397736,0.0,0.0,0.03138544037938118,0
15300,0.03134247288107872,0.028955085203051567,1.0616888999938965,1.847913384437561,0.07572441548109055,0.0854460820555687,0.0,0.0,0.03134247288107872,1
15400,0.03787585720419884,0.03486420586705208,1.184064507484436,1.7774442434310913,0.0865153819322586,0.10941871255636215,0.0,0.0,0.03787585720419884,0
15500,0.03134208172559738,0.028978543356060982,1.061777114868164,1.8343031406402588,0.07575569301843643,0.08576828986406326,0.0,0.0,0.03134208172559738,0
15600,0.03129828721284866,0.0289329681545496,1.058743953704834,1.8392935991287231,0.07556254416704178,0.08522747457027435,0.0,0.0,0.03129828721284866,1
15700,0.031551580876111984,0.02909061871469021,1.0742840766906738,1.8308557271957397,0.07629930973052979,0.08807428926229477,0.0,0.0,0.031551580876111984,0
15800,0.03129684925079346,0.028949793428182602,1.0615018606185913,1.8212196826934814,0.07564529776573181,0.08590060472488403,0.0,0.0,0.03129684925079346,0
15900,0.031247027218341827,0.028907202184200287,1.0554769039154053,1.829859972000122,0.07536078244447708,0.08498215675354004,0.0,0.0,0.031247027218341827,1
16000,0.031225867569446564,0.02892111986875534,1.0495290756225586,1.8274389505386353,0.07505227625370026,0.08382604271173477,0.0,0.0,0.031225867569446564,0
16100,0.03125692903995514,0.028959354385733604,1.0547194480895996,1.8125883340835571,0.07533357292413712,0.08502211421728134,0.0,0.0,0.03125692903995514,0
16200,0.031201055273413658,0.028885580599308014,1.0523051023483276,1.8216423988342285,0.07518988102674484,0.08475407212972641,0.0,0.0,0.031201055273413658,1
16300,0.031162554398179054,0.0288558229804039,1.050682544708252,1.8183081150054932,0.07500893622636795,0.08432532846927643,0.0,0.0,0.031162554398179054,1
16400,0.031231490895152092,0.02896895632147789,1.0483133792877197,1.7943190336227417,0.07502735406160355,0.08505342900753021,0.0,0.0,0.031231490895152092,0
16500,0.03114963322877884,0.028861308470368385,1.0489920377731323,1.812161922454834,0.07498914003372192,0.08450762182474136,0.0,0.0,0.03114963322877884,0
16600,0.03111054189503193,0.028829921036958694,1.0473823547363281,1.8093549013137817,0.07480614632368088,0.08405840396881104,0.0,0.0,0.03111054189503193,1
16700,0.031166719272732735,0.028922267258167267,1.0501760244369507,1.7851476669311523,0.07489152997732162,0.08494489639997482,0.0,0.0,0.031166719272732735,0
16800,0.031097283586859703,0.028835361823439598,1.0455334186553955,1.80351984500885,0.07478295266628265,0.08420278131961823,0.0,0.0,0.031097283586859703,0
16900,0.03105831891298294,0.028804747387766838,1.0440497398376465,1.80010986328125,0.07459814846515656,0.08374620974063873,0.0,0.0,0.03105831891298294,1
17000,0.031107932329177856,0.028836209326982498,1.0463531017303467,1.7806788682937622,0.07488392293453217,0.08606670796871185,0.0,0.0,0.031107932329177856,0
17100,0.031039981171488762,0.02880462259054184,1.0420892238616943,1.7942320108413696,0.07455205917358398,0.0838513970375061,0.0,0.0,0.031039981171488762,1
17200,0.031001586467027664,0.028775649145245552,1.0409480333328247,1.7896431684494019,0.0743723139166832,0.08343305438756943,0.0,0.0,0.031001586467027664,1
17300,0.03108762763440609,0.028848368674516678,1.0480862855911255,1.7743196487426758,0.07490284740924835,0.08553802222013474,0.0,0.0,0.03108762763440609,0
17400,0.031003987416625023,0.028791291639208794,1.0393011569976807,1.786108374595642,0.07443401217460632,0.08373311907052994,0.0,0.0,0.031003987416625023,0
17500,0.030965903773903847,0.028760993853211403,1.0382599830627441,1.781806230545044,0.07425267994403839,0.08327274769544601,0.0,0.0,0.030965903773903847,1
17600,0.04431150481104851,0.04305332899093628,0.9144554734230042,1.7621209621429443,0.08988408744335175,0.06190559267997742,0.0,0.0,0.04431150481104851,0
17700,0.03095930442214012,0.028783345595002174,1.0356112718582153,1.7721511125564575,0.0742332711815834,0.08357109129428864,0.0,0.0,0.03095930442214012,0
17800,0.030917717143893242,0.028740284964442253,1.035193920135498,1.7713968753814697,0.07406315207481384,0.08309079706668854,0.0,0.0,0.030917717143893242,1
17900,0.06524772197008133,0.0640706866979599,0.8831406831741333,1.7854844331741333,0.10290242731571198,0.06587866693735123,0.0,0.0,0.06524772197008133,0
18000,0.030915992334485054,0.02875846065580845,1.0341867208480835,1.761131763458252,0.07411655783653259,0.08364764600992203,0.0,0.0,0.030915992334485054,0
18100,0.03087264485657215,0.028720015659928322,1.0325697660446167,1.7610636949539185,0.07389044016599655,0.08287681639194489,0.0,0.0,0.03087264485657215,1
18200,0.031001461669802666,0.028777295723557472,1.0461357831954956,1.7508084774017334,0.07437906414270401,0.08494044840335846,0.0,0.0,0.031001461669802666,0
18300,0.030867889523506165,0.02875383011996746,1.0292255878448486,1.7502840757369995,0.07380939275026321,0.08289727568626404,0.0,0.0,0.030867889523506165,0
18400,0.030821865424513817,0.028695741668343544,1.0300387144088745,1.7494319677352905,0.07368288934230804,0.08261629194021225,0.0,0.0,0.030821865424513817,1
18500,0.03847502917051315,0.03663122281432152,0.9665064215660095,1.7254801988601685,0.07832662016153336,0.07602397352457047,0.0,0.0,0.03847502917051315,0
18600,0.03081253357231617,0.02870149165391922,1.0287528038024902,1.7403478622436523,0.07369823753833771,0.08310645818710327,0.0,0.0,0.03081253357231617,0
18700,0.03077242709696293,0.028670698404312134,1.027875542640686,1.737854242324829,0.07348018884658813,0.08233138173818588,0.0,0.0,0.03077242709696293,1
18800,0.03493760898709297,0.0332934744656086,0.9364091157913208,1.693458080291748,0.07731728255748749,0.07417642325162888,0.0,0.0,0.03493760898709297,0
18900,0.030759239569306374,0.028677374124526978,1.025527834892273,1.7303558588027954,0.07344292104244232,0.08251089602708817,0.0,0.0,0.030759239569306374,0
19000,0.030722176656126976,0.02864534966647625,1.0258264541625977,1.7258594036102295,0.07326798886060715,0.08204244822263718,0.0,0.0,0.030722176656126976,1
19100,0.030977770686149597,0.02901124209165573,1.0223628282546997,1.6957942247390747,0.07312646508216858,0.08180451393127441,0.0,0.0,0.030977770686149597,0
19200,0.03070945292711258,0.028646016493439674,1.0240890979766846,1.7200722694396973,0.0732504278421402,0.08224713057279587,0.0,0.0,0.03070945292711258,0
19300,0.030674278736114502,0.02862107940018177,1.023909091949463,1.7141705751419067,0.07306530326604843,0.0817779079079628,0.0,0.0,0.030674278736114502,1
19400,0.03079031966626644,0.028669334948062897,1.0362305641174316,1.7001900672912598,0.07373672723770142,0.08516084402799606,0.0,0.0,0.03079031966626644,0
19500,0.03066256269812584,0.028619365766644478,1.0222526788711548,1.709376573562622,0.0730569139122963,0.0819912776350975,0.0,0.0,0.03066256269812584,1
19600,0.030628317967057228,0.02859574742615223,1.0223093032836914,1.7029393911361694,0.07288088649511337,0.08159793168306351,0.0,0.0,0.030628317967057228,1
19700,0.030677543953061104,0.028687074780464172,1.0147923231124878,1.700410008430481,0.07291746139526367,0.0814390555024147,0.0,0.0,0.030677543953061104,0
19800,0.030612437054514885,0.02859143726527691,1.0203807353973389,1.6981350183486938,0.07283911854028702,0.08169735968112946,0.0,0.0,0.030612437054514885,1
19900,0.03059169091284275,0.028560230508446693,1.024082899093628,1.6907323598861694,0.07280193269252777,0.0819750726222992,0.0,0.0,0.03059169091284275,1
20000,0.03062828816473484,0.02864491008222103,1.0149375200271606,1.6905285120010376,0.0728527307510376,0.08193951845169067,0.0,0.0,0.03062828816473484,0
20100,0.030578436329960823,0.02857038378715515,1.0187565088272095,1.6891030073165894,0.07272686064243317,0.08167105168104172,0.0,0.0,0.030578436329960823,0
20200,0.030544571578502655,0.02854948490858078,1.018532156944275,1.6828062534332275,0.07253783941268921,0.08124960958957672,0.0,0.0,0.030544571578502655,1
20300,0.03060506284236908,0.028668735176324844,1.0256927013397217,1.6429557800292969,0.07273431122303009,0.08284957706928253,0.0,0.0,0.03060506284236908,0
20400,0.0305313803255558,0.028547344729304314,1.0163604021072388,1.677815556526184,0.0725303664803505,0.08157673478126526,0.0,0.0,0.0305313803255558,1
20500,0.03049611859023571,0.02852250263094902,1.016299843788147,1.6727105379104614,0.07233203947544098,0.08107635378837585,0.0,0.0,0.03049611859023571,1
20600,0.03106633760035038,0.029008811339735985,1.0570522546768188,1.6256178617477417,0.07405976951122284,0.08625079691410065,0.0,0.0,0.03106633760035038,0
20700,0.030487269163131714,0.028518501669168472,1.0144660472869873,1.6675935983657837,0.07237068563699722,0.08151618391275406,0.0,0.0,0.030487269163131714,1
20800,0.03045085072517395,0.028493104502558708,1.0142486095428467,1.6627172231674194,0.0721551924943924,0.08095751702785492,0.0,0.0,0.03045085072517395,1
20900,0.03091694973409176,0.028973480686545372,0.9690524339675903,1.5893495082855225,0.07236628234386444,0.08769477158784866,0.0,0.0,0.03091694973409176,0
21000,0.030433721840381622,0.02848469279706478,1.0121616125106812,1.6549696922302246,0.07215328514575958,0.08146239817142487,0.0,0.0,0.030433721840381622,1
21100,0.03039531037211418,0.02845924161374569,1.011751651763916,1.6515077352523804,0.07191265374422073,0.08074738830327988,0.0,0.0,0.03039531037211418,1
21200,0.0336044616997242,0.03223954886198044,0.9853734374046326,1.5971218347549438,0.07454855740070343,0.06882923096418381,0.0,0.0,0.0336044616997242,0
21300,0.030374186113476753,0.028446437790989876,1.0098687410354614,1.6428639888763428,0.07188846915960312,0.08115769922733307,0.0,0.0,0.030374186113476753,1
21400,0.030334636569023132,0.028421035036444664,1.0089727640151978,1.6391681432724,0.07163497805595398,0.08049178868532181,0.0,0.0,0.030334636569023132,1
21500,0.03132340684533119,0.02967866137623787,1.006391167640686,1.5749378204345703,0.07205893099308014,0.07740367949008942,0.0,0.0,0.03132340684533119,0
21600,0.030307896435260773,0.028404269367456436,1.006714105606079,1.6293960809707642,0.07156984508037567,0.08085834980010986,0.0,0.0,0.030307896435260773,1
21700,0.0302662905305624,0.02837930992245674,1.0055482387542725,1.6256742477416992,0.07129983603954315,0.0802016630768776,0.0,0.0,0.0302662905305624,1
21800,0.03062257543206215,0.028626829385757446,1.0425113439559937,1.5679850578308105,0.07262963801622391,0.0871419757604599,0.0,0.0,0.03062257543206215,0
21900,0.03022603690624237,0.028356892988085747,1.002661943435669,1.615337610244751,0.07113223522901535,0.08033960312604904,0.0,0.0,0.03022603690624237,1
22000,0.03018179163336754,0.028333965688943863,1.0007799863815308,1.6110105514526367,0.07084105163812637,0.07975144684314728,0.0,0.0,0.03018179163336754,1
22100,0.030234023928642273,0.02834949642419815,0.997109055519104,1.5982294082641602,0.07117868214845657,0.08259046077728271,0.0,0.0,0.030234023928642273,0
22200,0.03013175167143345,0.028305400162935257,0.9970976710319519,1.6007628440856934,0.0706021636724472,0.07981821149587631,0.0,0.0,0.03013175167143345,1
22300,0.03010072372853756,0.02832844667136669,0.9909971952438354,1.5964717864990234,0.07019014656543732,0.07853482663631439,0.0,0.0,0.03010072372853756,0
22400,0.030083265155553818,0.028281105682253838,0.9911082983016968,1.5857549905776978,0.070411816239357,0.08065137267112732,0.0,0.0,0.030083265155553818,1
22500,0.030030516907572746,0.02825854904949665,0.9901134371757507,1.5846415758132935,0.07001712918281555,0.07942978292703629,0.0,0.0,0.030030516907572746,1
22600,0.030005451291799545,0.028236975893378258,0.9909348487854004,1.577818512916565,0.06983949989080429,0.07981594651937485,0.0,0.0,0.030005451291799545,1
22700,0.029973536729812622,0.028237739577889442,0.9843001365661621,1.5702532529830933,0.06976820528507233,0.08006995916366577,0.0,0.0,0.029973536729812622,0
22800,0.029925573617219925,0.02822558581829071,0.9822544455528259,1.568328619003296,0.06937745958566666,0.07904079556465149,0.0,0.0,0.029925573617219925,1
22900,0.03367917984724045,0.03159001097083092,1.0967543125152588,1.5013225078582764,0.07494547963142395,0.09280367940664291,0.0,0.0,0.03367917984724045,0
23000,0.029872730374336243,0.02822009287774563,0.9773455858230591,1.5568747520446777,0.06908003985881805,0.0792236179113388,0.0,0.0,0.029872730374336243,1
23100,0.029836073517799377,0.028212452307343483,0.9751758575439453,1.5545860528945923,0.06880652904510498,0.07873012125492096,0.0,0.0,0.029836073517799377,1
23200,0.029983049258589745,0.02846348099410534,0.9600222706794739,1.5447577238082886,0.06883582472801208,0.07813527435064316,0.0,0.0,0.029983049258589745,0
23300,0.02980390377342701,0.028210029006004333,0.9720487594604492,1.5468493700027466,0.06862860918045044,0.07908592373132706,0.0,0.0,0.02980390377342701,1
23400,0.029777642339468002,0.028209445998072624,0.9707766771316528,1.5448908805847168,0.06843756139278412,0.0787317305803299,0.0,0.0,0.029777642339468002,1
23500,0.02978905290365219,0.028233978897333145,0.9670895338058472,1.5408225059509277,0.06854096800088882,0.079282246530056,0.0,0.0,0.02978905290365219,0
23600,0.029758455231785774,0.028213893994688988,0.9687494039535522,1.5396467447280884,0.06832009553909302,0.07889322191476822,0.0,0.0,0.029758455231785774,0
23700,0.07941116392612457,0.07903409004211426,0.8236181139945984,1.5808231830596924,0.1106320396065712,0.05228250473737717,0.0,0.0,0.07941116392612457,0
23800,0.029756681993603706,0.028209414333105087,0.9682965278625488,1.5324066877365112,0.06840523332357407,0.08006080240011215,0.0,0.0,0.029756681993603706,1
23900,0.029734371230006218,0.028215104714035988,0.9669691920280457,1.5346506834030151,0.06817516684532166,0.07893210649490356,0.0,0.0,0.029734371230006218,0
24000,0.0297166146337986,0.02821250446140766,0.9668961763381958,1.5344041585922241,0.06806843727827072,0.07868080586194992,0.0,0.0,0.0297166146337986,0
24100,0.029732083901762962,0.028231197968125343,0.9645410180091858,1.530529260635376,0.06821712106466293,0.0793941393494606,0.0,0.0,0.029732083901762962,0
24200,0.02970847301185131,0.028216445818543434,0.966069221496582,1.5310221910476685,0.0680289939045906,0.07876428216695786,0.0,0.0,0.02970847301185131,0
24300,0.034136928617954254,0.032052066177129745,1.0510516166687012,1.4327763319015503,0.07429733127355576,0.10266249626874924,0.0,0.0,0.034136928617954254,0
24400,0.029702167958021164,0.028217948973178864,0.9651220440864563,1.5278453826904297,0.06802909076213837,0.07906664907932281,0.0,0.0,0.029702167958021164,0
24500,0.029684850946068764,0.028215352445840836,0.9649875164031982,1.5294867753982544,0.06790110468864441,0.07852775603532791,0.0,0.0,0.029684850946068764,0
24600,0.02970484457910061,0.02822750061750412,0.95795077085495,1.5257527828216553,0.06813664734363556,0.07988830655813217,0.0,0.0,0.02970484457910061,0
24700,0.02968030609190464,0.028213322162628174,0.9644985198974609,1.5266685485839844,0.06790094077587128,0.07874638587236404,0.0,0.0,0.02968030609190464,0
24800,0.050887204706668854,0.050241194665431976,0.8747780323028564,1.5665483474731445,0.08427712321281433,0.05671211704611778,0.0,0.0,0.050887204706668854,0
24900,0.02967652678489685,0.028206903487443924,0.9649524688720703,1.5227463245391846,0.06795219331979752,0.07936488091945648,0.0,0.0,0.02967652678489685,1
25000,0.029659351333975792,0.02821061760187149,0.96378093957901,1.5254971981048584,0.06778821349143982,0.07845693081617355,0.0,0.0,0.029659351333975792,0
25100,0.02971154823899269,0.028307128697633743,0.9588232636451721,1.5181154012680054,0.06799973547458649,0.07871968299150467,0.0,0.0,0.02971154823899269,0
25200,0.029654769226908684,0.02820734865963459,0.9633394479751587,1.5229839086532593,0.06779035925865173,0.07866710424423218,0.0,0.0,0.029654769226908684,0
25300,0.030931876972317696,0.02927226573228836,0.9875486493110657,1.5121654272079468,0.06955455243587494,0.0857388824224472,0.0,0.0,0.030931876972317696,0
25400,0.029657112434506416,0.02821475639939308,0.9611228704452515,1.5191879272460938,0.0678447037935257,0.07916205376386642,0.0,0.0,0.029657112434506416,0
25500,0.029638729989528656,0.028203198686242104,0.9627512693405151,1.5216809511184692,0.06770695745944977,0.07844758778810501,0.0,0.0,0.029638729989528656,1
25600,0.03442851081490517,0.03236498311161995,1.060660481452942,1.4270466566085815,0.07466121762990952,0.10214827209711075,0.0,0.0,0.03442851081490517,0
25700,0.029637005180120468,0.02820257470011711,0.9619765281677246,1.518527865409851,0.06773574650287628,0.07878070324659348,0.0,0.0,0.029637005180120468,1
25800,0.02962188795208931,0.028198949992656708,0.9623481035232544,1.520241379737854,0.06762681156396866,0.07826916128396988,0.0,0.0,0.02962188795208931,1
25900,0.029647190123796463,0.028230737894773483,0.9541486501693726,1.5171024799346924,0.06778202205896378,0.07920597493648529,0.0,0.0,0.029647190123796463,0
26000,0.02961747907102108,0.0281959380954504,0.9618187546730042,1.518061876296997,0.06762347370386124,0.07842392474412918,0.0,0.0,0.02961747907102108,1
26100,0.03144925832748413,0.030146172270178795,0.8993416428565979,1.449836254119873,0.06992702186107635,0.0828680694103241,0.0,0.0,0.03144925832748413,0
26200,0.029616128653287888,0.028190718963742256,0.9613872170448303,1.5153224468231201,0.06766370683908463,0.07885691523551941,0.0,0.0,0.029616128653287888,1
26300,0.029601577669382095,0.02819244936108589,0.9613166451454163,1.5172011852264404,0.06754107028245926,0.07817424833774567,0.0,0.0,0.029601577669382095,0
26400,0.029654456302523613,0.028191618621349335,0.9653350710868835,1.5112786293029785,0.06797333806753159,0.08062044531106949,0.0,0.0,0.029654456302523613,0
26500,0.029597938060760498,0.02818830870091915,0.9609871506690979,1.5148825645446777,0.06754357367753983,0.07835710793733597,0.0,0.0,0.029597938060760498,1
26600,0.030525926500558853,0.028794391080737114,1.0014839172363281,1.4378442764282227,0.06938427686691284,0.0925140306353569,0.0,0.0,0.030525926500558853,0
26700,0.02959541603922844,0.028183359652757645,0.9604595899581909,1.512496829032898,0.0675705075263977,0.07872077822685242,0.0,0.0,0.02959541603922844,1
26800,0.02958158403635025,0.028187345713377,0.9603524804115295,1.5143280029296875,0.06745100021362305,0.07801538705825806,0.0,0.0,0.02958158403635025,0
26900,0.02959432266652584,0.028177043423056602,0.9593394994735718,1.509974718093872,0.06764890253543854,0.07937546819448471,0.0,0.0,0.02959432266652584,1
27000,0.02957743965089321,0.028181781992316246,0.9601771235466003,1.5122846364974976,0.06745117157697678,0.07819493860006332,0.0,0.0,0.02957743965089321,0
27100,0.02978474274277687,0.028462348505854607,0.9757717847824097,1.4805934429168701,0.06782849133014679,0.07854000478982925,0.0,0.0,0.02978474274277687,0
27200,0.029576795175671577,0.028176579624414444,0.9597195386886597,1.5099483728408813,0.06747987121343613,0.07851395756006241,0.0,0.0,0.029576795175671577,1
27300,0.029563728719949722,0.02817830815911293,0.9598597288131714,1.5111863613128662,0.06738338619470596,0.07799413055181503,0.0,0.0,0.029563728719949722,0
27400,0.02964325249195099,0.028192143887281418,0.9617099761962891,1.5029106140136719,0.0678754672408104,0.0812593623995781,0.0,0.0,0.02964325249195099,0
27500,0.02956773340702057,0.028171777725219727,0.9593907594680786,1.5080759525299072,0.06743475794792175,0.07841304689645767,0.0,0.0,0.02956773340702057,1
27600,0.029555244371294975,0.028173435479402542,0.9596698880195618,1.5090194940567017,0.06735099107027054,0.07796338945627213,0.0,0.0,0.029555244371294975,0
27700,0.029584096744656563,0.02819598838686943,0.9531585574150085,1.5023614168167114,0.06757302582263947,0.0794692188501358,0.0,0.0,0.029584096744656563,0
27800,0.029555687680840492,0.02816840633749962,0.959254264831543,1.5061858892440796,0.06738085299730301,0.07830137759447098,0.0,0.0,0.029555687680840492,1
27900,0.02954457700252533,0.02817842736840248,0.9585999846458435,1.5076602697372437,0.0672789141535759,0.07765980809926987,0.0,0.0,0.02954457700252533,0
28000,0.02956385165452957,0.028182227164506912,0.9562467336654663,1.5028257369995117,0.06744116544723511,0.07885980606079102,0.0,0.0,0.02956385165452957,0
28100,0.02954319678246975,0.028166554868221283,0.958833634853363,1.5052075386047363,0.06731513887643814,0.0780935138463974,0.0,0.0,0.02954319678246975,1
28200,0.0370258204638958,0.035012077540159225,1.0896979570388794,1.4240087270736694,0.0767703652381897,0.10095149278640747,0.0,0.0,0.0370258204638958,0
28300,0.029543694108724594,0.028164787217974663,0.9577846527099609,1.5026909112930298,0.06735449284315109,0.07848436385393143,0.0,0.0,0.029543694108724594,1
28400,0.029530571773648262,0.02816454879939556,0.958530604839325,1.5040651559829712,0.06725186854600906,0.07790960371494293,0.0,0.0,0.029530571773648262,1
28500,0.02971176616847515,0.02843732386827469,0.9566371440887451,1.5000758171081543,0.06749384105205536,0.07624471187591553,0.0,0.0,0.02971176616847515,0
28600,0.029531173408031464,0.028158962726593018,0.958087146282196,1.5016663074493408,0.0672823116183281,0.07824169099330902,0.0,0.0,0.029531173408031464,1
28700,0.029520774260163307,0.028156282380223274,0.9589941501617432,1.5022897720336914,0.06722209602594376,0.07801596075296402,0.0,0.0,0.029520774260163307,1
28800,0.02953260764479637,0.028154393658041954,0.9568687081336975,1.4978797435760498,0.06735530495643616,0.07907659560441971,0.0,0.0,0.02953260764479637,1
28900,0.029517844319343567,0.028158212080597878,0.957852303981781,1.5007349252700806,0.06720618903636932,0.07795853167772293,0.0,0.0,0.029517844319343567,0
29000,0.030327966436743736,0.029126502573490143,0.9594654440879822,1.4631106853485107,0.06763775646686554,0.07661255449056625,0.0,0.0,0.030327966436743736,0
29100,0.0295176412910223,0.028155362233519554,0.9571897387504578,1.4988173246383667,0.06723195314407349,0.07822545617818832,0.0,0.0,0.0295176412910223,0
29200,0.02950560860335827,0.028157448396086693,0.9575372338294983,1.499767780303955,0.06714195758104324,0.07774070650339127,0.0,0.0,0.02950560860335827,0
29300,0.02954203262925148,0.028192050755023956,0.9532229900360107,1.4967734813690186,0.06731246411800385,0.07837683707475662,0.0,0.0,0.02954203262925148,0
29400,0.029506223276257515,0.028151854872703552,0.9571138620376587,1.4975881576538086,0.06716568022966385,0.07802190631628036,0.0,0.0,0.029506223276257515,1
29500,0.05559352785348892,0.05509045347571373,0.8656341433525085,1.536663293838501,0.08707845956087112,0.055224329233169556,0.0,0.0,0.05559352785348892,0
29600,0.029506012797355652,0.0281511303037405,0.9561557769775391,1.4950321912765503,0.06720276921987534,0.07841932028532028,0.0,0.0,0.029506012797355652,1
29700,0.029493214562535286,0.028151720762252808,0.9569726586341858,1.4966180324554443,0.06709428131580353,0.07775746285915375,0.0,0.0,0.029493214562535286,0
29800,0.029515007510781288,0.02814275585114956,0.9531817436218262,1.4896260499954224,0.06734979152679443,0.0798502117395401,0.0,0.0,0.029515007510781288,1
29900,0.029492046684026718,0.028147634118795395,0.9564579129219055,1.4948686361312866,0.067105732858181,0.0779661163687706,0.0,0.0,0.029492046684026718,0
30000,0.03486662358045578,0.03306077420711517,1.0021729469299316,1.4701247215270996,0.07309839129447937,0.09428421407938004,0.0,0.0,0.03486662358045578,0
