alpha,beta,coef_dbeta,coef_hx,coefficients,condition,d_tol,eval,lamb,loss,message,mse,operator_seconds,regression_seconds,seconds,status,stridge_mode,support,tolerance,validation_residual_norm
0.6398411968399667,1.9843334829807215,0.2169344837771595,-1.353378621214747,0;0;-1.35337862121;0.216934483777;0.761096463274;0;0;-0.363086667593;0;0;0.0448906341143;0,62558.813958563485,0.005,1,3e-06,2.990450263947695,,0.002169718169907811,0.9249331999999999,0.06692269999999967,0.9922308000000002,ok,same_stridge_core,Hx;D_x^1.984333 H;Hxxx;H*Hxx;H^2*Hxx,0.035,2.0520680545692427
0.8272313940622935,1.3265900352261721,-0.12314504967332186,-0.6805323532072282,0.0377680481666;0;-0.680532353207;-0.123145049673;1.07575080476;0;0;0.188443729374;0.075335239549;0;0;0,53177.37895088159,0.005,2,3e-06,1.9201929923270904,,0.0004762267654094993,0.9968588,0.057023899999999905,1.0538877000000002,ok,same_stridge_core,1;Hx;D_x^1.32659 H;Hxxx;H*Hxx;H*Hxxx,0.03236842105263158,0.9630001712112216
0.48827768361114166,1.2333223634026589,1.0483530430937396,-1.8882051416150514,0.119804749163;-0.0541420090625;-1.88820514162;1.04835304309;-18.0110124119;0;-0.655536961928;-1.56155574858;0.107111184938;0.0604400673011;0.0949663305631;0.11273733016,53312.41633604115,0.005,3,3e-06,4.071230141080468,,0.0027834520386195018,1.0156289000000003,0.05288489999999957,1.0685193999999996,ok,same_stridge_core,1;H;Hx;D_x^1.233322 H;Hxxx;H*Hx;H*Hxx;H*Hxxx;H^2*Hx;H^2*Hxx;H^2*Hxxx,0.04441176470588234,2.311920401991111
0.03475906169579762,1.4236766483651773,13.405994726631363,-4.989724631331087,-0.924770366751;0;-4.98972463133;13.4059947266;-117.046725262;0;-4.44826143294;-11.8985139707;-2.41315631734;0.418543989476;0.717815647016;1.20633120633,53036.26629268782,0.005,4,3e-06,15.081936992471688,,0.09692933954566202,0.9193014999999995,0.05262710000000048,0.9719367000000005,ok,same_stridge_core,1;Hx;D_x^1.423677 H;Hxxx;H*Hx;H*Hxx;H*Hxxx;H^2*Hx;H^2*Hxx;H^2*Hxxx,0.10000000000000002,13.490849003691054
0.6897075374345438,1.717450446896344,0.22534946284317484,-1.2520193213880928,0;0;-1.25201932139;0.225349462843;0;0;0;0;-0.0408350474583;0;0;0,53750.26290359769,0.005,5,3e-06,1.9671021721375592,,0.001125614619795917,0.9636955999999994,0.04099579999999925,1.0047014,ok,same_stridge_core,Hx;D_x^1.71745 H;H*Hxxx,0.030000000000000002,1.48334980600518
0.4610692270263791,1.8222514018941443,16.752525441070894,-0.5919448660894566,-0.823990139146;0.118333733065;-0.591944866089;16.7525254411;29.0942874833;0;-1.35591916798;-7.00305231865;-17.1841176739;0.122671105883;0.507266385342;1.68170531825,56735.250772966545,0.005,6,3e-06,6.360759333517599,,0.010276129370353203,0.9152185999999993,0.03932969999999969,0.9545570000000003,ok,same_stridge_core,1;H;Hx;D_x^1.822251 H;Hxxx;H*Hx;H*Hxx;H*Hxxx;H^2*Hx;H^2*Hxx;H^2*Hxxx,0.015,4.488496058009703
0.5670294351944193,1.8979235825722076,0.0,-1.6794620730204457,-0.0378752734188;0;-1.67946207302;0;0;0;0;-0.62626876934;0;0;0.0701363061829;0,60672.44593819137,0.005,7,3e-06,4.245153415626257,,0.006409584440803075,0.9229663000000006,0.05403950000000002,0.9770133999999988,ok,same_stridge_core,1;Hx;H*Hxx;H^2*Hxx,0.025,3.5170840643679604
0.5327415280355602,1.9140459871620286,-0.43933980274336604,-1.7897553463508342,0;0;-1.78975534635;-0.439339802743;0;0;0;-0.654817889208;0;0;0.0818853357355;0,61399.11518818076,0.005,8,3e-06,5.443103450293706,,0.011252485857015817,0.9226043999999991,0.04429460000000063,0.9669077000000001,ok,same_stridge_core,Hx;D_x^1.914046 H;H*Hxx;H^2*Hxx,0.04424895323371512,4.706314068035537
0.3262435959567813,1.346222446490526,3.526354612584309,-2.7689753480607546,-0.116819176653;-0.0448579516753;-2.76897534806;3.52635461258;-43.5474966459;0;-1.52984203208;-3.75760828568;0.39580566643;0.143002953182;0.21926946413;0.27724078737,53148.18426844605,0.005,9,3e-06,6.334304134177803,,0.011012092988429131,0.9215888000000003,0.05365879999999912,0.9752554,ok,same_stridge_core,1;H;Hx;D_x^1.346222 H;Hxxx;H*Hx;H*Hxx;H*Hxxx;H^2*Hx;H^2*Hxx;H^2*Hxxx,0.08976190476190479,4.580414053319084
0.1609193601076711,1.5187559856583701,13.815532322868908,-2.4437943492519114,-0.628669472657;0;-2.44379434925;13.8155323229;-39.5107162797;0;-3.59549993525;-9.97256182182;-14.4418897218;0.323944903949;0.60656226767;1.85195954748,52937.6327909742,0.005,10,3e-06,10.647593449943635,,0.04328836584121598,0.9399539000000008,0.05263599999999968,0.9925957000000007,ok,same_stridge_core,1;Hx;D_x^1.518756 H;Hxxx;H*Hx;H*Hxx;H*Hxxx;H^2*Hx;H^2*Hxx;H^2*Hxxx,0.12500000000000003,9.05946446621441
0.9835196037494893,1.9447504218202099,0.8226262177665744,-0.441366661795223,0.0523870200435;0;-0.441366661795;0.822626217767;0;0;0;0.0771629537423;0.24478919592;0;0;0,62340.26567961365,0.005,11,3e-06,2.568308443017136,,0.0013889291263606558,0.9531568999999998,0.04140519999999981,0.9945695000000008,ok,same_stridge_core,1;Hx;D_x^1.94475 H;H*Hxx;H*Hxxx,0.048125,1.633204457822931
0.6146006696466672,1.3004035357147372,0.4580808546021553,-1.8170283709933066,0;0;-1.81702837099;0.458080854602;0;0;0;-0.171088520481;0;0;0;-0.0441121825462,53216.11654787378,0.005,12,3e-06,2.584353419191914,,0.0020389011317056833,0.9242644000000002,0.04697819999999986,0.9712469000000006,ok,same_stridge_core,Hx;D_x^1.300404 H;H*Hxx;H^2*Hxxx,0.025,1.945760020617429
0.8561045804375035,1.2032624790185626,-0.16700542037888935,-0.6049925927832486,0;0;-0.604992592783;-0.167005420379;0;0;0;0.179134667471;0.129467748796;0;0;0,53353.61197612954,0.005,13,3e-06,1.8960800761968617,,0.0008275941981188857,0.9237920000000006,0.04579419999999956,0.9695944999999995,ok,same_stridge_core,Hx;D_x^1.203262 H;H*Hxx;H*Hxxx,0.04915344831535307,1.2558367324833073
0.1895240972696292,1.1663845561892876,2.9425417065164607,-5.008361422934429,-0.178301190556;-0.0838498431146;-5.00836142293;2.94254170652;-106.137808002;0;-1.91830583428;-5.12962779991;11.7922465117;0.194689819165;0.314112275299;-0.410178423699,53402.20886023003,0.005,14,3e-06,9.533446461628742,,0.032079276583573284,0.9327400000000008,0.05046830000000213,0.9832148000000007,ok,same_stridge_core,1;H;Hx;D_x^1.166385 H;Hxxx;H*Hx;H*Hxx;H*Hxxx;H^2*Hx;H^2*Hxx;H^2*Hxxx,0.12500000000000003,7.771173569241152
0.9561099667340214,1.8484264583035248,0.785631245189496,-0.6152662301148358,0;0;-0.615266230115;0.785631245189;0;0;0;0;0;0;0;0,58033.51476811918,0.005,15,3e-06,2.458727759412519,,0.0022656669685735954,0.9353543000000002,0.04032510000000045,0.9756862999999996,ok,same_stridge_core,Hx;D_x^1.848426 H,0.05999999999999999,2.110526670803804
0.5841555853519856,1.6529662656663584,3.618371209832954,-0.9950476177820613,-0.0712750624821;0;-0.995047617782;3.61837120983;7.53005646172;0;-0.598078778344;-1.93149000467;-5.63299290829;0.0507243830285;0.127150273231;0.542047868868,53154.38378480769,0.005,16,3e-06,3.2673186616962626,,0.0014212859227078578,0.9146830000000001,0.04721649999999755,0.9619078000000023,ok,same_stridge_core,1;Hx;D_x^1.652966 H;Hxxx;H*Hx;H*Hxx;H*Hxxx;H^2*Hx;H^2*Hxx;H^2*Hxxx,0.02538888888888889,1.672687148152032
0.7196157247965254,1.0545833624534255,0.047668223461429945,-1.1701227921573103,0.0149311415799;0;-1.17012279216;0.0476682234614;0;0;0;0.0582278492668;0;0;0;0,53535.8152376426,0.005,17,3e-06,1.5666551665806865,,0.00044726583904209575,0.9186075000000002,0.04474220000000173,0.9633575999999984,ok,same_stridge_core,1;Hx;D_x^1.054583 H;H*Hxx,0.01,0.9242253837289752
0.38130778395924786,1.5482120653716076,6.834058807330278,-1.591205714914874,-0.266369659277;0;-1.59120571491;6.83405880733;-9.14963548281;0;-1.62921335678;-4.51821537933;-8.31104445116;0.14414186483;0.273244674124;0.945264115384,52930.249421710505,0.005,18,3e-06,5.482001507890425,,0.007859011249329877,0.9350363000000002,0.04893030000000209,0.9839731,ok,same_stridge_core,1;Hx;D_x^1.548212 H;Hxxx;H*Hx;H*Hxx;H*Hxxx;H^2*Hx;H^2*Hxx;H^2*Hxxx,0.08166666666666662,3.8940940252391103
0.10787678371950143,1.5005149961146462,15.005760132395052,-3.376893701065822,-0.922330719432;-0.100193319245;-3.37689370107;15.0057601324;-76.2619126009;0.0262218739979;-4.12508918804;-10.7122756659;-8.49160139635;0.387697166282;0.679778642209;1.50019762833,52949.663806556164,0.005,19,3e-06,12.558530244348974,,0.059805688318091466,0.9447997999999984,0.035648200000000685,0.9804560999999978,ok,same_stridge_core,1;H;Hx;D_x^1.500515 H;Hxxx;H^2;H*Hx;H*Hxx;H*Hxxx;H^2*Hx;H^2*Hxx;H^2*Hxxx,0.005,10.652342347312953
0.26588866376413955,1.022521899032092,1.3536536559611945,-4.357291439913318,0.0491258153172;-0.104109345795;-4.35729143991;1.35365365596;-84.3543586738;0;-1.25223499965;-3.64054128505;11.0475135471;0.131252573987;0.233027274106;-0.495926629906,53570.387189732864,0.005,20,3e-06,7.706983137740605,,0.018687928715776653,0.9124841000000004,0.053187799999999896,0.9656777000000005,ok,same_stridge_core,1;H;Hx;D_x^1.022522 H;Hxxx;H*Hx;H*Hxx;H*Hxxx;H^2*Hx;H^2*Hxx;H^2*Hxxx,0.09214285714285718,5.939160360479421
0.35859582962079406,1.3901220833128705,3.6836520338093215,-2.732072501237731,-0.294184511153;0;-2.73207250124;3.68365203381;-40.460554382;0;-1.32798193803;-3.31036319121;1.05579490868;0.125368893455;0.189746516317;0.18928244777,53083.51541311626,0.005,21,3e-06,5.663330399632901,,0.008658238078933761,0.9551351999999973,0.046817000000000775,1.0019592000000017,ok,same_stridge_core,1;Hx;D_x^1.390122 H;Hxxx;H*Hx;H*Hxx;H*Hxxx;H^2*Hx;H^2*Hxx;H^2*Hxxx,0.06999999999999999,4.070824937239413
0.910601616259219,1.4680659307852015,-0.6442373750885065,-0.8669963281347136,0.0769781088624;0;-0.866996328135;-0.644237375089;4.64576523799;0;0.277998550817;0.418137042736;0.223092822519;-0.0237300056919;0;-0.0127820080283,52980.817883701064,0.005,22,3e-06,2.0715178049710024,,0.00020683735204663644,0.9170590999999995,0.03836559999999878,0.9554289000000011,ok,same_stridge_core,1;Hx;D_x^1.468066 H;Hxxx;H*Hx;H*Hxx;H*Hxxx;H^2*Hx;H^2*Hxxx,0.005,0.6410357221110735
0.7765095474649211,1.2477516783339972,0.0,-0.9786852137563745,0;0;-0.978685213756;0;-0.253869850379;0;0;0.0842572182985;0;0;0;0,53292.1711988635,0.005,23,3e-06,1.4970469244216684,,0.0005224122588843285,0.9278472999999998,0.04242770000000107,0.9702833999999996,ok,same_stridge_core,Hx;Hxxx;H*Hxx,0.03494485294117647,1.017417383631897
0.0682928147924477,1.7954378427927467,63.165718068699285,7.082457483634155,0;-1.11416450953;7.08245748363;63.1657180687;168.893584616;0.176436198035;-8.38654622166;-29.6380868435;-94.6654932385;0.771308458996;2.39300458272;8.86170413371,55634.25407842896,0.005,24,3e-06,21.5828301159772,,0.202617058952061,0.9305570999999979,0.046691599999999056,0.977256999999998,ok,same_stridge_core,H;Hx;D_x^1.795438 H;Hxxx;H^2;H*Hx;H*Hxx;H*Hxxx;H^2*Hx;H^2*Hxx;H^2*Hxxx,0.029500000000000012,19.746899731389043
0.42371849724476185,1.7575025216622855,14.643001169712456,0.1845949674640019,-0.25346885983;0;0.184594967464;14.6430011697;43.8518823965;0;-1.84811204293;-7.30199839572;-23.2697941477;0.156493389855;0.509977890314;2.1745434261,54501.07027733016,0.005,25,3e-06,6.344929991915785,,0.011410353094871767,0.9182757000000024,0.056429399999998964,0.9747105000000005,ok,same_stridge_core,1;Hx;D_x^1.757503 H;Hxxx;H*Hx;H*Hxx;H*Hxxx;H^2*Hx;H^2*Hxx;H^2*Hxxx,0.05011111111111113,4.70989788359588
0.13668014758538355,1.1162035326876283,2.9340935522511176,-6.1469279186814925,-0.266800519118;-0.0910416482047;-6.14692791868;2.93409355225;-137.45814928;0;-2.07886554799;-5.87647404856;17.6231610924;0.218177603577;0.368388259996;-0.757135230583,53464.73437964532,0.005,26,3e-06,11.226253264633478,,0.04770584839339565,0.8960498000000001,0.04137980000000141,0.9374357999999994,ok,same_stridge_core,1;H;Hx;D_x^1.116204 H;Hxxx;H*Hx;H*Hxx;H*Hxxx;H^2*Hx;H^2*Hxx;H^2*Hxxx,0.12500000000000003,9.461917030105182
0.7595405068525503,1.6254598683444204,0.33841752752369836,-1.0835767875369904,0;0;-1.08357678754;0.338417527524;0;0;0;0;0;0;0;0,53037.76568885706,0.005,27,3e-06,1.3028818484571314,,0.0004980426189223917,0.9143585999999999,0.03827920000000162,0.9526438000000006,ok,same_stridge_core,Hx;D_x^1.62546 H,0.04014705882352939,0.984655254323989
0.22607527189059945,1.7009071595819696,27.50075000776478,-1.389688913135749,-1.87716550728;0.263644594257;-1.38968891314;27.5007500078;8.76601441437;0;-3.42676461252;-13.1092841515;-26.0440182736;0.310777298439;0.859450660612;2.82004103845,53539.905777376734,0.005,28,3e-06,10.42869165699159,,0.03879161669824365,0.9229579000000001,0.043996700000001,0.9669619000000012,ok,same_stridge_core,1;H;Hx;D_x^1.700907 H;Hxxx;H*Hx;H*Hxx;H*Hxxx;H^2*Hx;H^2*Hxx;H^2*Hxxx,0.07500000000000001,8.661874766338158
0.2804664843816254,1.5859417896736618,12.399902589431353,-1.2537667417706293,-0.41664077739;0;-1.25376674177;12.3999025894;-1.44054823193;0;-2.66925492115;-7.83998234216;-17.1952245482;0.234117970169;0.487137387846;1.84313715376,52952.78812648617,0.005,29,3e-06,7.704173743942425,,0.019515090667018148,0.921256200000002,0.04525180000000262,0.9665141000000013,ok,same_stridge_core,1;Hx;D_x^1.585942 H;Hxxx;H*Hx;H*Hxx;H*Hxxx;H^2*Hx;H^2*Hxx;H^2*Hxxx,0.12000000000000004,6.115590100147839
0.8694873130429859,1.099401330120707,-0.12794641046873084,-0.570762016580325,0;0;-0.57076201658;-0.127946410469;0;0;0;0.172734901768;0.15778661474;0;0;0,53484.73367918907,0.005,30,3e-06,1.9053248192740595,,0.0008405218827639235,0.9032111,0.04312630000000084,0.9463414999999991,ok,same_stridge_core,Hx;D_x^1.099401 H;H*Hxx;H*Hxxx,0.03432677123996453,1.2635080151237905
