case,radius_swept,value,delta_alpha_cap,delta_beta_cap,sparsity_lamb,returncode,equation,alpha,beta
tsfade_clean,delta_beta,0.05,0.25,0.05,3e-06,0,D_t^0.75325757 H = -1.072*Hx + 0.3987 D_x^1.754801 H,0.75325757,1.7548007
tsfade_clean,delta_beta,0.075,0.25,0.075,3e-06,0,D_t^0.75395528 H = -1.068*Hx + 0.4058 D_x^1.763782 H,0.75395528,1.7637822
tsfade_clean,delta_beta,0.1,0.25,0.1,3e-06,0,D_t^0.75595937 H = -1.06*Hx + 0.4198 D_x^1.778942 H,0.75595937,1.7789421
tsfade_clean,delta_beta,0.15,0.25,0.15,3e-06,0,D_t^0.75528291 H = -1.047*Hx + 0.47 D_x^1.85 H,0.75528291,1.85
tsfade_clean,delta_beta,0.2,0.25,0.2,3e-06,0,D_t^0.75526738 H = -1.063*Hx + 0.4133 D_x^1.77131 H,0.75526738,1.77131
tsfade_clean,delta_beta,0.25,0.25,0.25,3e-06,0,D_t^0.75528291 H = -1.063*Hx + 0.4161 D_x^1.77559 H,0.75528291,1.7755902
tsfade_clean,delta_beta,0.3,0.25,0.3,3e-06,0,D_t^0.75528291 H = -1.063*Hx + 0.4161 D_x^1.77559 H,0.75528291,1.7755902
tsfade_clean,delta_beta,0.35,0.25,0.35,3e-06,0,D_t^0.75528291 H = -1.063*Hx + 0.4161 D_x^1.77559 H,0.75528291,1.7755902
tsfade_clean,delta_alpha,0.05,0.05,0.15,3e-06,0,D_t^0.75983308 H = -1.039*Hx + 0.4664 D_x^1.831696 H,0.75983308,1.8316963
tsfade_clean,delta_alpha,0.075,0.075,0.15,3e-06,0,D_t^0.75834059 H = -1.05*Hx + 0.4389 D_x^1.799351 H,0.75834059,1.7993508
tsfade_clean,delta_alpha,0.1,0.1,0.15,3e-06,0,D_t^0.76352118 H = -1.025*Hx + 0.4937 D_x^1.854642 H,0.76352118,1.8546422
tsfade_clean,delta_alpha,0.15,0.15,0.15,3e-06,0,D_t^0.75638795 H = -1.058*Hx + 0.4236 D_x^1.783317 H,0.75638795,1.7833167
tsfade_clean,delta_alpha,0.2,0.2,0.15,3e-06,0,D_t^0.75205065 H = -1.079*Hx + 0.3839 D_x^1.734007 H,0.75205065,1.7340072
tsfade_clean,delta_alpha,0.25,0.25,0.15,3e-06,0,D_t^0.75528291 H = -1.047*Hx + 0.47 D_x^1.85 H,0.75528291,1.85
tsfade_clean,delta_alpha,0.3,0.3,0.15,3e-06,0,D_t^0.74832065 H = -1.082*Hx + 0.3941 D_x^1.763842 H,0.74832065,1.7638417
tsfade_clean,delta_alpha,0.35,0.35,0.15,3e-06,0,D_t^0.74464904 H = -1.052*Hx + 0.07491*H*Hxx,0.74464904,1.7566086
tsfade_clean,delta_alpha,0.4,0.4,0.15,3e-06,0,D_t^0.74464904 H = -1.052*Hx + 0.07491*H*Hxx,0.74464904,1.7566086
tsfade_noise5,delta_beta,0.05,0.25,0.05,2.5e-05,0,D_t^0.74658525 H = -1.089*Hx + 0.3992 D_x^1.750288 H,0.74658525,1.7502885
tsfade_noise5,delta_beta,0.075,0.25,0.075,2.5e-05,0,D_t^0.74658525 H = -1.089*Hx + 0.3992 D_x^1.750288 H,0.74658525,1.7502885
tsfade_noise5,delta_beta,0.1,0.25,0.1,2.5e-05,0,D_t^0.74557889 H = -1.099*Hx + 0.3747 D_x^1.711274 H,0.74557889,1.7112741
tsfade_noise5,delta_beta,0.15,0.25,0.15,2.5e-05,0,D_t^0.74728922 H = -1.092*Hx + 0.3873 D_x^1.727821 H,0.74728922,1.727821
tsfade_noise5,delta_beta,0.2,0.25,0.2,2.5e-05,0,D_t^0.7474379 H = -1.091*Hx + 0.388 D_x^1.728562 H,0.7474379,1.7285625
tsfade_noise5,delta_beta,0.25,0.25,0.25,2.5e-05,0,D_t^0.7474379 H = -1.091*Hx + 0.388 D_x^1.728562 H,0.7474379,1.7285625
tsfade_noise5,delta_beta,0.3,0.25,0.3,2.5e-05,0,D_t^0.7474379 H = -1.091*Hx + 0.388 D_x^1.728562 H,0.7474379,1.7285625
tsfade_noise5,delta_beta,0.35,0.25,0.35,2.5e-05,0,D_t^0.7474379 H = -1.091*Hx + 0.388 D_x^1.728562 H,0.7474379,1.7285625
tsfade_noise5,delta_alpha,0.05,0.05,0.15,2.5e-05,0,D_t^0.79 H = -0.9392*Hx + 0.6525 D_x^1.928094 H,0.79,1.9280945
tsfade_noise5,delta_alpha,0.075,0.075,0.15,2.5e-05,0,D_t^0.74780699 H = -1.088*Hx + 0.3945 D_x^1.738361 H,0.74780699,1.7383613
tsfade_noise5,delta_alpha,0.1,0.1,0.15,2.5e-05,0,D_t^0.74923687 H = -1.084*Hx + 0.3992 D_x^1.741522 H,0.74923687,1.7415215
tsfade_noise5,delta_alpha,0.15,0.15,0.15,2.5e-05,0,D_t^0.74743071 H = -1.093*Hx + 0.3827 D_x^1.719421 H,0.74743071,1.7194212
tsfade_noise5,delta_alpha,0.2,0.2,0.15,2.5e-05,0,D_t^0.79 H = -0.9335*Hx + 0.6802 D_x^1.95 H,0.79,1.95
tsfade_noise5,delta_alpha,0.25,0.25,0.15,2.5e-05,0,D_t^0.74728922 H = -1.092*Hx + 0.3873 D_x^1.727821 H,0.74728922,1.727821
tsfade_noise5,delta_alpha,0.3,0.3,0.15,2.5e-05,0,D_t^0.74441889 H = -1.104*Hx + 0.3664 D_x^1.7 H,0.74441889,1.7
tsfade_noise5,delta_alpha,0.35,0.35,0.15,2.5e-05,0,D_t^0.74450746 H = -1.104*Hx + 0.3666 D_x^1.7 H,0.74450746,1.7
tsfade_noise5,delta_alpha,0.4,0.4,0.15,2.5e-05,0,D_t^0.74450746 H = -1.104*Hx + 0.3666 D_x^1.7 H,0.74450746,1.7
tsfade_noise25,delta_beta,0.05,0.25,0.05,0.0001,0,D_t^0.74 H = -1.064*Hx + 0.3501 D_x^1.85 H,0.74,1.85
tsfade_noise25,delta_beta,0.075,0.25,0.075,0.0001,0,D_t^0.74 H = -1.075*Hx + 0.3123 D_x^1.775 H,0.74,1.775
tsfade_noise25,delta_beta,0.1,0.25,0.1,0.0001,0,D_t^0.74 H = -1.071*Hx + 0.3242 D_x^1.8 H,0.74,1.8
tsfade_noise25,delta_beta,0.15,0.25,0.15,0.0001,0,D_t^0.74 H = -1.065*Hx + 0.3452 D_x^1.841091 H,0.74,1.8410912
tsfade_noise25,delta_beta,0.2,0.25,0.2,0.0001,0,D_t^0.74 H = -1.065*Hx + 0.3452 D_x^1.841091 H,0.74,1.8410912
tsfade_noise25,delta_beta,0.25,0.25,0.25,0.0001,0,D_t^0.74 H = -1.065*Hx + 0.3452 D_x^1.841091 H,0.74,1.8410912
tsfade_noise25,delta_beta,0.3,0.25,0.3,0.0001,0,D_t^0.74 H = -1.065*Hx + 0.3452 D_x^1.841091 H,0.74,1.8410912
tsfade_noise25,delta_beta,0.35,0.25,0.35,0.0001,0,D_t^0.74 H = -1.065*Hx + 0.3452 D_x^1.841091 H,0.74,1.8410912
tsfade_noise25,delta_alpha,0.05,0.05,0.15,0.0001,0,D_t^0.94 H = -0.6452*Hx + 0.6774 D_x^1.841091 H,0.94,1.8410912
tsfade_noise25,delta_alpha,0.075,0.075,0.15,0.0001,0,D_t^0.84 H = -0.8364*Hx + 0.5474 D_x^1.841091 H,0.84,1.8410912
tsfade_noise25,delta_alpha,0.1,0.1,0.15,0.0001,0,D_t^0.79 H = -0.9293*Hx + 0.5231 D_x^1.919183 H,0.79,1.9191833
tsfade_noise25,delta_alpha,0.15,0.15,0.15,0.0001,0,D_t^0.71306804 H = -1.134*Hx + 0.2764 D_x^1.841091 H,0.71306804,1.8410912
tsfade_noise25,delta_alpha,0.2,0.2,0.15,0.0001,0,D_t^0.79 H = -0.9457*Hx + 0.4563 D_x^1.841091 H,0.79,1.8410912
tsfade_noise25,delta_alpha,0.25,0.25,0.15,0.0001,0,D_t^0.74 H = -1.065*Hx + 0.3452 D_x^1.841091 H,0.74,1.8410912
tsfade_noise25,delta_alpha,0.3,0.3,0.15,0.0001,0,D_t^0.7309197 H = -1.117*Hx + 0.2465 D_x^1.65 H,0.7309197,1.65
tsfade_noise25,delta_alpha,0.35,0.35,0.15,0.0001,0,D_t^0.7309197 H = -1.117*Hx + 0.2465 D_x^1.65 H,0.7309197,1.65
tsfade_noise25,delta_alpha,0.4,0.4,0.15,0.0001,0,D_t^0.7309197 H = -1.117*Hx + 0.2465 D_x^1.65 H,0.7309197,1.65
