alpha,beta,objective,mse,support,n_support,coef_dbeta,correct,status
0.55,1.83,134.03130752372707,0.003872944227248549,"('1', 'D_x^1.83 H', 'H', 'H*Hx', 'H*Hxx', 'H*Hxxx', 'H^2*Hx', 'H^2*Hxx', 'H^2*Hxxx', 'Hx', 'Hxxx')",11,10.466390128542587,False,ok
0.5587755102040817,1.83,51.60187588985029,0.007729099706971736,"('H*Hxx', 'H^2*Hxx', 'Hx', 'Hxxx')",4,0.0,False,ok
0.5675510204081633,1.83,51.37643075723191,0.0068502930738511564,"('H*Hxx', 'H^2*Hxx', 'Hx', 'Hxxx')",4,0.0,False,ok
0.5763265306122449,1.83,51.15848343273483,0.006051050092866759,"('H*Hxx', 'H^2*Hxx', 'Hx', 'Hxxx')",4,0.0,False,ok
0.5851020408163266,1.83,50.94802491118185,0.005326236803854269,"('H*Hxx', 'H^2*Hxx', 'Hx', 'Hxxx')",4,0.0,False,ok
0.5938775510204082,1.83,50.74506986291811,0.004670980339979696,"('H*Hxx', 'H^2*Hxx', 'Hx', 'Hxxx')",4,0.0,False,ok
0.6026530612244898,1.83,27.281638079045916,0.005960957791371293,"('Hx', 'Hxxx')",2,0.0,False,ok
0.6114285714285714,1.83,62.178686846020426,0.0032716663114140524,"('D_x^1.83 H', 'H*Hxx', 'H^2*Hxx', 'Hx', 'Hxxx')",5,0.9605448756539805,False,ok
0.6202040816326531,1.83,62.000838764456056,0.0028216488172366342,"('D_x^1.83 H', 'H*Hxx', 'H^2*Hxx', 'Hx', 'Hxxx')",5,0.9194331713085938,False,ok
0.6289795918367347,1.83,14.77741943820384,0.0040871175475921855,"('Hx',)",1,0.0,False,ok
0.6377551020408163,1.83,38.20934058641282,0.002979046497494295,"('D_x^1.83 H', 'H*Hxx', 'Hx')",3,-0.5033150323358019,False,ok
0.6465306122448979,1.83,38.01910036513381,0.0025261355347355823,"('D_x^1.83 H', 'H*Hxx', 'Hx')",3,-0.4293655680680791,False,ok
0.6553061224489796,1.83,49.76313326070332,0.0020938369227171964,"('D_x^1.83 H', 'H*Hxx', 'H*Hxxx', 'Hx')",4,-0.38429616533560007,False,ok
0.6640816326530613,1.83,37.66720916432423,0.0017867764592026639,"('D_x^1.83 H', 'H*Hxx', 'Hx')",3,-0.288017165448497,False,ok
0.6728571428571429,1.83,37.50668142948289,0.0014919227523939994,"('D_x^1.83 H', 'H*Hxx', 'Hx')",3,-0.22053448386867858,False,ok
0.6816326530612246,1.83,37.35749367289487,0.00124174107631836,"('D_x^1.83 H', 'H*Hxx', 'Hx')",3,-0.15512476430324895,False,ok
0.6904081632653062,1.83,49.1439185732755,0.0010266756265081341,"('D_x^1.83 H', 'H*Hxx', 'Hx', 'Hxxx')",4,-0.07068740087226487,False,ok
0.6991836734693878,1.83,14.47795616486584,0.0033175207033169624,"('Hx',)",1,0.0,False,ok
0.7079591836734694,1.83,96.50575387280419,0.0005584638848440835,"('1', 'D_x^1.83 H', 'H', 'H*Hxx', 'H*Hxxx', 'H^2*Hxx', 'Hx', 'Hxxx')",8,0.5867681179342714,False,ok
0.7167346938775511,1.83,48.82662905774818,0.0006152074030212158,"('D_x^1.83 H', 'H*Hxx', 'Hx', 'Hxxx')",4,0.1016285513309289,False,ok
0.7255102040816327,1.83,36.84594775401854,0.0005562533243737722,"('H*Hxx', 'Hx', 'Hxxx')",3,0.0,False,ok
0.7342857142857143,1.83,24.880897289315392,0.0005191519124068776,"('H*Hxx', 'Hx')",2,0.0,False,ok
0.743061224489796,1.83,36.775551136177775,0.000489455584644621,"('D_x^1.83 H', 'Hx', 'Hxxx')",3,0.450856512246945,False,ok
0.7518367346938776,1.83,36.760792360827814,0.0004750733975048646,"('D_x^1.83 H', 'Hx', 'Hxxx')",3,0.470087314955422,False,ok
0.7606122448979592,1.83,36.753587377278215,0.00046657292600359233,"('D_x^1.83 H', 'H*Hxx', 'Hx')",3,0.3467694595385816,False,ok
0.7693877551020408,1.83,24.97570700835191,0.0006139841184748824,"('H*Hxx', 'Hx')",2,0.0,False,ok
0.7781632653061225,1.83,25.03971452283378,0.0006862682984279023,"('H*Hxx', 'Hx')",2,0.0,False,ok
0.7869387755102041,1.83,96.3285953525454,0.00040475560799795924,"('1', 'D_x^1.83 H', 'H', 'H*Hxx', 'H*Hxxx', 'H^2*Hxxx', 'Hx', 'Hxxx')",8,0.0017261520194992404,False,ok
0.7957142857142857,1.83,60.68071109197701,0.000540479822393535,"('1', 'H*Hxx', 'H*Hxxx', 'Hx', 'Hxxx')",5,0.0,False,ok
0.8044897959183674,1.83,60.7291509718496,0.0005940904107782207,"('1', 'H*Hxx', 'H*Hxxx', 'Hx', 'Hxxx')",5,0.0,False,ok
0.8132653061224491,1.83,60.78084564268482,0.0006538670687593678,"('1', 'H*Hxx', 'H*Hxxx', 'Hx', 'Hxxx')",5,0.0,False,ok
0.8220408163265307,1.83,25.204784768064027,0.0009212992032991194,"('D_x^1.83 H', 'Hx')",2,0.6058728935864202,True,ok
0.8308163265306123,1.83,37.20240003431369,0.0010177563907057328,"('D_x^1.83 H', 'Hx', 'Hxxx')",3,0.6119438899521689,False,ok
0.839591836734694,1.83,25.34795114972222,0.0011279378742992921,"('D_x^1.83 H', 'Hx')",2,0.6347166783512453,True,ok
0.8483673469387756,1.83,37.3415479884141,0.0012303184499354246,"('D_x^1.83 H', 'Hx', 'Hxxx')",3,0.6364389563185513,False,ok
0.8571428571428572,1.83,25.488889269341925,0.0013514661946114764,"('D_x^1.83 H', 'Hx')",2,0.6611711254663847,True,ok
0.8659183673469388,1.83,25.55722262013019,0.0014670247966488215,"('D_x^1.83 H', 'Hx')",2,0.6735315973665331,True,ok
0.8746938775510205,1.83,25.62368995676271,0.0015839246820708937,"('D_x^1.83 H', 'Hx')",2,0.6853295835130069,True,ok
0.8834693877551021,1.83,25.6880658142255,0.0017013699139656999,"('D_x^1.83 H', 'Hx')",2,0.6965763476979376,True,ok
0.8922448979591837,1.83,25.750185246163635,0.0018186357558279153,"('D_x^1.83 H', 'Hx')",2,0.7072830363254582,True,ok
0.9010204081632653,1.83,25.80993157473537,0.0019350652994443672,"('D_x^1.83 H', 'Hx')",2,0.717460656324623,True,ok
0.909795918367347,1.83,25.86722439505854,0.0020500633465382373,"('D_x^1.83 H', 'Hx')",2,0.727120068485529,True,ok
0.9185714285714286,1.83,25.922011419971568,0.0021630950808385484,"('D_x^1.83 H', 'Hx')",2,0.73627196150823,True,ok
0.9273469387755102,1.83,25.974264354350584,0.0022736820124894808,"('D_x^1.83 H', 'Hx')",2,0.7449268868121787,True,ok
0.9361224489795918,1.83,26.02397041716837,0.002381396212174136,"('D_x^1.83 H', 'Hx')",2,0.7530952728458016,True,ok
0.9448979591836735,1.83,26.07113287835415,0.0024858603575136666,"('D_x^1.83 H', 'Hx')",2,0.7607873918018727,True,ok
0.9536734693877551,1.83,73.32526371363923,0.0015870263188393686,"('1', 'D_x^1.83 H', 'H*Hxx', 'H*Hxxx', 'Hx', 'Hxxx')",6,0.617323864987518,False,ok
0.9624489795918367,1.83,73.35616570934165,0.0016431499794959344,"('1', 'D_x^1.83 H', 'H*Hxx', 'H*Hxxx', 'Hx', 'Hxxx')",6,0.6256891066288192,False,ok
0.9712244897959184,1.83,26.19753817433266,0.0027766457429854105,"('D_x^1.83 H', 'Hx')",2,0.7811067476312993,True,ok
0.98,1.83,26.234743715796125,0.002865206656572432,"('D_x^1.83 H', 'Hx')",2,0.7869937131717323,True,ok
