"case","repeat","total","load","base_field","order_total","fractional_operator","regression","overhead"
"tsfade_clean","1","6.9413313","0.00719749999999975","0.0939728","6.840161","5.90640369999999","0.4683051","0.465452200000009"
"tsfade_clean","2","6.6932991","0.00884490000000016","0.0852985999999998","6.5991556","5.6992797","0.466229100000003","0.433646799999995"
"tsfade_clean","3","6.7281377","0.00870510000000024","0.1047117","6.6147209","5.70992089999999","0.475729300000001","0.429070700000004"
"tsfade_noise5","1","5.7057864","0.00783080000000025","0.0869124000000001","5.6110432","4.8626838","0.393442400000001","0.354916999999995"
"tsfade_noise5","2","5.686168","0.0090309000000004","0.1074616","5.5696755","4.8120275","0.393844399999998","0.363803600000002"
"tsfade_noise5","3","5.6904947","0.00852329999999979","0.1169422","5.5650292","4.83081690000001","0.380607500000001","0.353604799999992"
"tsfade_noise25","1","5.308065","0.00871560000000038","0.1058862","5.1934632","4.5562573","0.3938422","0.243363700000002"
"tsfade_noise25","2","5.1896073","0.00957920000000012","0.1160519","5.0639762","4.43924079999999","0.362500499999999","0.262234900000006"
"tsfade_noise25","3","5.1154597","0.00693440000000001","0.0915586000000004","5.0169667","4.3983452","0.3683528","0.250268699999999"
