step,train_loss,val_loss,periodic_boundary_loss,periodic_derivative_loss,early_time_loss,spectral_loss,integer_derivative_loss,train_objective,is_best
0,0.02478228695690632,0.025250772014260292,0.00021278043277561665,0.00030847141169942915,0.0454401932656765,8.918549428926781e-05,0.00802147202193737,0.27911211144528353,1
200,0.0011668079532682896,0.0011914484202861786,0.0005659005255438387,0.0033529133070260286,0.002810961101204157,3.594200279621873e-06,0.006863560061901808,0.01700304526995751,1
400,0.0005680067697539926,0.0005388440331444144,0.00011164301395183429,0.01778346486389637,0.0009243147214874625,2.96476741823426e-06,0.0022104093804955482,0.006234861804223328,1
600,0.0002487597812432796,0.00022655299108009785,3.0662962672067806e-05,0.012163523584604263,0.000547675066627562,6.912250114510243e-07,0.0024944839533418417,0.0032750552595553015,1
800,0.00014281026960816234,0.0001321004529017955,5.692480772268027e-05,0.009374120272696018,0.0003197724581696093,3.072913727919513e-07,0.0011280406033620238,0.001913345592083715,1
1000,0.00012977822916582227,0.00012392716598697007,0.00011076397640863433,0.0062646460719406605,0.0002567452611401677,3.947156130834628e-07,0.0014332863502204418,0.001671348922204743,1
1200,8.127540786517784e-05,7.734383689239621e-05,1.4605105207010638e-05,0.0039023496210575104,0.00015372900816146284,2.429641199341859e-07,0.0005031340406276286,0.000947477470672311,1
1400,6.805944576626644e-05,6.296149513218552e-05,2.325741297681816e-05,0.002749241655692458,0.0001230293419212103,1.5818891085928044e-07,0.0005269201938062906,0.000764458645483046,1
1600,4.062400330440141e-05,3.6235713196219876e-05,1.4378896594280377e-05,0.0019896046724170446,9.24285122891888e-05,1.1103477248752824e-07,0.00023636186961084604,0.0005551831304831012,1
1800,3.616670801420696e-05,3.2071351597551256e-05,1.7718295566737652e-05,0.0017029695445671678,7.950492727104574e-05,5.1387338828590146e-08,0.0005002113757655025,0.00047683006910006044,1
2000,2.7442672944744118e-05,2.2984500901657157e-05,1.0303788258170243e-05,0.0015636266907677054,6.615598249481991e-05,1.098043043157304e-07,0.00013344324543140829,0.0004041365298803612,1
2200,3.350376209709793e-05,3.0220133339753374e-05,1.1558969163161237e-05,0.0016234532231464982,6.313124322332442e-05,7.45633172982707e-08,0.00025960305356420577,0.00038828000363764657,0
2400,4.981312667950988e-05,4.676973549067043e-05,4.409415851114318e-05,0.001565423677675426,8.801928925095126e-05,1.4556123062448023e-07,0.0008115319651551545,0.0005939027399358565,0
2600,3.698773798532784e-05,3.3901782444445416e-05,1.165546382253524e-05,0.0017189433565363288,5.866258652531542e-05,1.274138128337654e-07,0.0002272786368848756,0.0003847258510222673,0
2800,1.7225176634383388e-05,1.4696117432322353e-05,8.437901669822168e-06,0.0019866544753313065,4.304826506995596e-05,7.538413626662077e-08,0.00010261155694024637,0.0002655718756727765,1
3000,6.54069081065245e-05,6.104738713474944e-05,1.4001359886606224e-05,0.001934701343998313,9.59357712417841e-05,2.4964998601717525e-07,0.00012424011947587132,0.0006364669223967212,0
3200,2.5323843146907166e-05,2.4337901777471416e-05,1.2581079317897093e-05,0.0020767536479979753,4.5283391955308616e-05,1.306510313270337e-07,0.00016649435565341264,0.0003068470787525257,0
3400,1.300367421208648e-05,1.1107861610071268e-05,3.311325144750299e-06,0.0020183285232633352,2.9536024158005603e-05,5.390435120489201e-08,0.0002978940319735557,0.0001861243061478035,1
3600,1.3710162420466077e-05,1.2348307791398838e-05,1.3994685104989912e-05,0.0020852673333138227,3.322798147564754e-05,6.036770372475075e-08,7.576670031994581e-05,0.00021347040002751784,0
3800,1.1026999345631339e-05,9.331507499155123e-06,2.3489615159633104e-06,0.0019028863171115518,2.5285220544901676e-05,5.2119176530140976e-08,5.688664532499388e-05,0.0001565755494516452,1
4000,1.3071735338598955e-05,1.1948609426326584e-05,1.1859380720125046e-05,0.0018838978139683604,2.7218280592933297e-05,4.2004174360954494e-08,0.00010965942055918276,0.0001758169597428605,0
4200,1.0064411981147714e-05,9.010483154270332e-06,6.609428965020925e-06,0.001748011214658618,2.3383467123494484e-05,2.3888258482429592e-08,0.00013784597103949636,0.00014351457352915987,1
4400,1.8842067220248282e-05,1.726578557281755e-05,4.544773219095077e-06,0.0014101872220635414,3.27659618051257e-05,6.669036167750164e-08,0.00013002210471313447,0.00020982420006248503,0
4600,7.671101229789201e-06,7.043032383080572e-06,1.7220351082869456e-06,0.0015160456532612443,1.8474263924872503e-05,1.6104536371130962e-08,0.00010466384992469102,0.00010868909387227177,1
4800,1.3738445886701811e-05,1.3382556062424555e-05,1.235139188793255e-05,0.0014877496287226677,2.6322213670937344e-05,5.2259274241350795e-08,0.00017855118494480848,0.0001769497121006225,0
5000,1.3008880159759428e-05,1.2192524991405662e-05,1.232466001965804e-05,0.0013644767459481955,2.2470223484560847e-05,4.6536129616470134e-08,0.0001976635685423389,0.00015559876785800953,0
5200,7.4519889494695235e-06,6.885315997351427e-06,1.4702877706440631e-06,0.0012712763855233788,1.7429540093871765e-05,2.0863755167965792e-08,0.0008541782153770328,0.0001194126680474028,1
5400,1.0644100257195532e-05,1.0260209819534793e-05,1.1850009968839004e-06,0.001303067896515131,2.2907644961378537e-05,3.60247476294262e-08,2.900164690800011e-05,0.00013775478328796,0
5600,1.2919013897771947e-05,1.2743294064421207e-05,7.3960704867204186e-06,0.0011511421762406826,1.9623577827587724e-05,6.010506581333175e-08,3.417964035179466e-05,0.0001371480860734664,0
5800,1.3264790140965488e-05,1.3101564036333002e-05,1.1033700502594002e-05,0.0011069632600992918,2.7803231205325574e-05,3.822356475779998e-08,3.6264849768485874e-05,0.00017550701309289706,0
6000,6.229725386219798e-06,6.1751093198836315e-06,2.727338141994551e-06,0.0010813353583216667,1.3839169696439058e-05,2.2177639280585026e-08,4.06009130529128e-05,8.56182220556434e-05,1
6200,1.4390147043741308e-05,1.3749432582699228e-05,2.1301631932146847e-05,0.0010429475223645568,3.012573506566696e-05,5.466674934950788e-08,0.00031768271583132446,0.0002090741334257018,0
6400,5.0867442951130215e-06,4.789328158949502e-06,7.811456725903554e-07,0.0008864382980391383,1.2624397641047835e-05,1.3955507860430316e-08,0.00014168942288961262,7.60103189888639e-05,1
6600,5.107215201860527e-06,4.855006409343332e-06,1.6285700894513866e-06,0.0008713073912076652,1.2162990060460288e-05,3.990780328422261e-08,8.80467050592415e-05,8.128401068006496e-05,0
6800,2.866801332856994e-05,2.7581298127188347e-05,8.577109838370234e-06,0.0007720748544670641,5.0371021643513814e-05,1.0043961395922452e-07,0.00022019530297257006,0.000323636021631728,0
7000,5.453677204059204e-06,5.2107088777120225e-06,4.123363851249451e-06,0.000819986336864531,1.189076738228323e-05,1.0445555531646278e-08,0.00019102019723504782,7.598494857091964e-05,0
7200,5.395432253862964e-06,5.1904344218201e-06,2.953076545963995e-06,0.000800800567958504,1.17479357868433e-05,1.1818348966130543e-08,4.750609150505625e-05,7.158381425398375e-05,0
7400,3.7608201637340244e-06,3.804602556556347e-06,6.045048621672322e-07,0.0007570328889414668,9.620912351238076e-06,7.497537701794954e-09,2.5983292289311066e-05,5.523881393841634e-05,1
7600,3.681243470055051e-06,3.552396265149582e-06,3.785755779972533e-07,0.000710823864210397,9.343441888631787e-06,9.071550621797542e-09,1.55114885274088e-05,5.380872344829868e-05,1
7800,3.7946867905702675e-06,3.67093957720499e-06,6.329017878670129e-07,0.0006916961865499616,8.903300113161094e-06,9.40011357641879e-09,9.90792759694159e-05,5.374570873655671e-05,0
8000,5.396719188865973e-06,4.857106432609726e-06,2.1418998130684486e-06,0.0006941041792742908,1.1469998753455002e-05,1.904315105605292e-08,0.00046935866703279316,7.998873142668117e-05,0
8200,3.5318753361934796e-06,3.4021472856693435e-06,1.2562912843350205e-06,0.0006734311464242637,8.252194675151259e-06,1.0838026298642944e-07,6.113952258601785e-05,7.978600934393398e-05,1
8400,4.4785534555558115e-05,4.5179680455476046e-05,1.8947621356346644e-05,0.0006560521433129907,3.120573455817066e-05,1.9145559804201184e-07,0.0003131306148134172,0.00028346112041163,0
8600,2.983168997161556e-06,2.9156294658605475e-06,2.84160762475949e-07,0.0005793775198981166,7.51966081224964e-06,9.555805924321703e-09,5.941955896560103e-05,4.492076677749424e-05,1
8800,4.339205133874202e-06,4.217419700580649e-06,6.126806511019822e-07,0.0005178771680220962,8.034952770685777e-06,2.2208419991898154e-08,2.5919594918377697e-05,5.230756753434207e-05,0
9000,3.338484930281993e-06,3.317525170132285e-06,1.200013230118202e-06,0.0005079925758764148,7.219168765004724e-06,9.229037800650985e-08,7.140525849536061e-05,6.974956055728398e-05,0
9200,6.7274786488269456e-06,6.714362370985327e-06,1.1090041880379431e-05,0.0005882507539354265,1.8037044355878606e-05,2.5684748550247605e-08,4.149730011704378e-05,0.00011653811287601457,0
9400,7.832212759240065e-06,7.563750841654837e-06,2.1258340439089807e-06,0.0004320817824918777,1.9045783119508997e-05,2.027720391595267e-08,6.065842171665281e-05,0.00011248329200981288,0
9600,5.5605696616112255e-06,5.625679023069097e-06,1.515296935394872e-05,0.00044485312537290156,1.0956585356325377e-05,2.8778906369097967e-08,6.193456647451967e-05,8.536882903740661e-05,0
9800,8.033446647459641e-06,8.069789146247786e-06,6.7651772042154334e-06,0.0004856114974245429,1.2102392247470561e-05,4.3899390789192694e-08,9.155346197076142e-05,9.031147156520092e-05,0
10000,6.209677849255968e-06,6.113802555773873e-06,5.519354090210982e-06,0.00043684622505679727,8.60050568007864e-06,2.2150427270162254e-08,7.65256118029356e-05,6.290720075696754e-05,0
10200,4.088819878234062e-06,3.837515578197781e-06,3.976746938860742e-06,0.00042549928184598684,5.918338501942344e-06,1.2846743224770307e-08,4.821959009859711e-05,4.247567409620956e-05,0
10400,2.1636469682562165e-06,2.1310606825863943e-06,2.605161739666073e-07,0.0004283097805455327,5.172067176317796e-06,3.277286886316233e-09,2.6532756237429567e-05,2.9798340214455266e-05,1
10600,2.2428337160818046e-06,2.1376060885813786e-06,9.987506928155199e-07,0.00046414046664722264,5.475170837598853e-06,7.012719738241913e-09,9.360071999253705e-05,3.4593268918214905e-05,0
10800,6.126168045739178e-06,5.918699571338948e-06,5.806108219985617e-06,0.00046996489982120693,1.5802736015757546e-05,1.8800969669996448e-08,5.6068674894049764e-05,9.770762074339246e-05,0
11000,2.1566686427831883e-06,2.0490094811975723e-06,3.0789354354965326e-07,0.0003906851343344897,4.889781848760322e-06,7.49174677849851e-09,3.961987385991961e-05,2.9953392940882394e-05,1
11200,2.3344480268860934e-06,2.195116167058586e-06,5.820388082611316e-07,0.0003797754179686308,4.794956112164073e-06,6.843555944158197e-09,0.00029877701308578253,3.49198744409307e-05,0
11400,2.0385757579788333e-06,2.0304153167671757e-06,6.211209324646916e-07,0.00038350262911990285,4.973850991518702e-06,6.5672547400197345e-09,5.3080584621056914e-05,3.0560739762464094e-05,1
11600,2.424663762212731e-06,2.5066958642128156e-06,1.099711880669929e-06,0.0003814084629993886,4.68125563202193e-06,7.3126420474523e-09,2.272727942909114e-05,2.9578992005809823e-05,0
11800,2.8272193048906047e-06,2.5970252863771748e-06,1.5558661061731982e-06,0.0003701132663991302,4.933874606649624e-06,3.219201971660368e-08,3.3213575079571456e-05,3.937433586088446e-05,0
12000,3.55382894667855e-06,3.379421968929819e-06,5.783641086054558e-07,0.00036686594830825925,5.6985409173648804e-06,1.4533553915896391e-08,1.919792703120038e-05,3.7368922357501335e-05,0
12200,1.7839518022810807e-06,1.6870716308403644e-06,4.333727474659099e-07,0.00038142656558193266,4.0090571928885765e-06,5.5425442013756765e-08,4.598667874233797e-05,3.980997669316366e-05,1
12400,2.7381445306673413e-06,2.608702061479562e-06,6.649000283687201e-07,0.0003487229405436665,5.50931417819811e-06,1.0436768782540184e-08,9.737654181662947e-05,3.6028176921121255e-05,0
12600,2.252186277473811e-06,2.316032578164595e-06,5.17977923664148e-07,0.00036452911444939673,3.918807578884298e-06,5.5993552017241655e-09,4.8442030674777925e-05,2.5012849269572257e-05,0
12800,3.593089104469982e-06,3.6791891488974215e-06,4.893257482763147e-06,0.00042342362576164305,9.327430234407075e-06,7.006943469889393e-09,2.936543751275167e-05,5.781288955049035e-05,0
13000,6.004941951687215e-06,5.619001967716031e-06,7.170826847868739e-06,0.00031280843541026115,1.5701923985034227e-05,1.69363456592464e-08,0.00016906310338526964,0.0001001475544902064,0
13200,2.1385808395280037e-06,1.9852243440254824e-06,4.32359115620784e-07,0.0003422051668167114,3.8402208701882046e-06,6.219887715985806e-09,1.8053520761895925e-05,2.3999081036123472e-05,0
13400,1.7416464288544375e-06,1.64875416430732e-06,2.206813860539114e-07,0.00035063910763710737,3.3612973311392125e-06,4.728136993037424e-09,2.0543164282571524e-05,2.059811885416707e-05,1
13600,7.500715582864359e-06,7.715025276411325e-06,6.09393828199245e-06,0.0003760141262318939,8.174684808182064e-06,2.7421922510484364e-08,1.9030296243727207e-05,6.307526058378699e-05,0
13800,2.7673436306940857e-06,2.4681794457137585e-06,2.297034370712936e-06,0.0003445615875534713,6.0638176364591345e-06,8.435037557319447e-09,6.364440196193755e-05,3.918686549013728e-05,0
14000,1.6055371361289872e-06,1.6644222569084377e-06,7.506381507482729e-07,0.00035557037335820496,3.279026259406237e-06,4.0103889098475065e-09,2.4429658878943883e-05,2.0443016434441573e-05,0
14200,1.3391836546361446e-06,1.3216915704106214e-06,2.7013763315153483e-07,0.0003169701376464218,2.9537416139646666e-06,1.140681327171933e-08,3.1104718800634146e-05,2.0422167715139494e-05,1
14400,2.290251586600789e-06,2.2730196178599726e-06,1.3525045687856618e-06,0.0003111553378403187,3.918697984772734e-06,8.197797107811766e-09,5.260627222014591e-05,2.674771065599657e-05,0
14600,1.0378706974734087e-05,1.0812696018547285e-05,9.951456377166323e-06,0.00029533597989939153,1.3204610695538577e-05,3.70498476343073e-08,0.00025866320356726646,0.00010264143519123081,0
14800,1.497780885983957e-06,1.5746863937238231e-06,6.670246079920616e-07,0.00029081074171699584,3.1125073292059824e-06,7.757276598852059e-09,2.06282056751661e-05,2.046708923316487e-05,0
15000,1.6583148862991948e-06,1.745250187923375e-06,1.018805846797477e-06,0.0002795546897687018,2.7017433694709325e-06,7.0471366520052925e-09,2.4961867893580347e-05,1.879921593392453e-05,0
15200,2.6947368496621493e-06,2.688230324565666e-06,1.0932886880254955e-06,0.0002595171390566975,3.144300308122183e-06,8.828978437236401e-09,5.525266897166148e-05,2.326327398890271e-05,0
15400,6.491920430562459e-06,6.376470537361456e-06,3.7319903185561998e-06,0.00023423534003086388,6.90625302013359e-06,2.5467295827752423e-08,3.921715688193217e-05,5.317970773575098e-05,0
15600,1.6414387573604472e-06,1.5363027614512248e-06,1.1409378686266791e-07,0.00023104554566089064,3.373254912730772e-06,5.413143711052726e-09,2.9481554520316422e-05,2.083538131159912e-05,0
15800,2.517352413633489e-06,2.6374975732323946e-06,2.263126361867762e-06,0.0002294464793521911,4.329456260165898e-06,8.012260188650089e-09,2.563727684901096e-05,2.9344183669905987e-05,0
16000,1.977660576812923e-05,2.0209132344461977e-05,1.8153670680476353e-05,0.0003140800690744072,5.036804577684961e-05,1.1045887760019468e-07,0.00010964108514599502,0.00032510099031583193,0
16200,9.268371286452748e-06,9.509369192528538e-06,6.165461400087224e-06,0.00021460991411004215,8.0950867413776e-06,3.958401251225041e-08,8.711186819709837e-05,6.952670751104506e-05,0
16400,5.8177788559987675e-06,5.76973343413556e-06,3.7225797768769553e-06,0.00021082739112898707,3.825104158750037e-06,2.8727699330488576e-08,8.324508598889224e-06,3.7450679397750266e-05,0
16600,2.164083298339392e-06,2.270883669552859e-06,5.45251077710418e-06,0.00021080968144815415,3.849109361908631e-06,9.785500409975612e-09,2.6366433303337544e-05,3.0325119674046164e-05,0
16800,2.617711743369e-06,2.655395064721233e-06,2.4504822704329854e-06,0.00018192104471381754,2.6693685413192725e-06,7.003642554792577e-09,5.2043047617189586e-05,2.155699043917991e-05,0
17000,2.016023472606321e-06,1.8537177766120294e-06,8.445133516943315e-07,0.0001828759122872725,4.326914222474443e-06,8.332671441735329e-09,2.8356174880173057e-05,2.7562032866796925e-05,0
17200,1.0080567562908982e-06,1.062879960045393e-06,3.42184819146496e-07,0.00016675802180543542,1.9177255126123782e-06,2.53577203679356e-09,4.3923275370616466e-05,1.2578066256949682e-05,1
17400,2.0940758531651227e-06,2.2554095266968943e-06,1.5738158936073887e-06,0.0001802030164981261,5.282900019665249e-06,6.32738927919263e-09,3.872446541208774e-05,3.27550979370983e-05,0
17600,1.015849989016715e-06,1.2343087973931688e-06,4.4738723659065727e-07,0.0001784766500350088,2.5937806640286e-06,4.0043199867056956e-09,7.479848136426881e-06,1.578303350449062e-05,0
17800,4.682303824665723e-06,5.07825370732462e-06,9.497891369392164e-06,0.00020252054673619568,1.4876480236125644e-05,4.656788288315283e-09,1.0247436875943094e-05,9.016458159869955e-05,0
18000,1.7019227698256145e-06,1.6735086774133379e-06,1.4042757356946822e-06,0.00015519755834247917,3.0906739993952215e-06,5.241073797179752e-09,4.322626773500815e-05,2.0996415996350492e-05,0
18200,1.8996745438926155e-06,1.99692703972687e-06,8.202620733754884e-07,0.0001568510488141328,2.1612188447761582e-06,6.960847898085376e-09,5.832024908158928e-05,1.6780690192206293e-05,0
18400,7.974009577083052e-07,7.960636594361858e-07,5.718860052184027e-07,0.00014382079825736582,1.6831196489874856e-06,2.236007823341879e-09,2.625774868647568e-05,1.0980842528596213e-05,1
18600,7.834629514036351e-07,9.312109341408359e-07,5.468439780997869e-07,0.0001499843638157472,1.882829792521079e-06,2.451933545088991e-09,1.311934283876326e-05,1.174242281241078e-05,0
18800,3.7092436286911834e-06,3.860398464894388e-06,4.7050452849362046e-06,0.00013598833174910396,9.191284334519878e-06,1.6524388968264248e-08,0.0001211179478559643,6.175038623382534e-05,0
19000,8.508040991728194e-07,8.983962516140309e-07,4.4354135297908215e-07,0.00013571861200034618,1.6029091511882143e-06,3.794325298400736e-09,2.6296695068595e-05,1.0973122698985093e-05,0
19200,8.24050948722288e-06,8.351529686478898e-06,1.8949290279124398e-06,0.00014351167192216963,6.577026852028212e-06,3.2874886812805926e-08,2.8648624720517546e-05,5.345601131352851e-05,0
19400,2.19222238229122e-06,2.364692591072526e-06,5.5624918786634225e-06,0.00014075456419959664,5.4230226851359475e-06,7.594019635348559e-09,4.93736588396132e-05,3.8135506754031214e-05,0
19600,1.0776418548630318e-06,1.0565589718680712e-06,8.661771744300495e-07,0.00012650512508116663,2.074375061056344e-06,3.5197678105447494e-09,1.3960690012027044e-05,1.3650838477978766e-05,0
19800,4.124411589145893e-06,4.23856545239687e-06,7.251269835251151e-06,0.00012713491742033511,5.610825155599741e-06,2.0599639327656405e-08,7.781456952216104e-05,4.716599039113589e-05,0
20000,9.875114983515232e-07,9.300729857386614e-07,7.709626288487925e-07,0.00011573404481168836,2.703814516280545e-06,2.1528769877932064e-09,0.00019718986004590988,1.98672070058592e-05,0
