noise_level,derivative_type,operator,relative_l2_vs_clean,rmse_vs_clean,max_abs_vs_clean,runtime_seconds,reference,checkpoint_clean,checkpoint_noisy,truth_alpha_for_order,truth_beta_for_order,fit_window,grid_note
5.0,space,FFT/Fourier,0.29810079385375515,0.04164379159418798,0.161652897310114,0.0013874000000000386,same-operator clean surrogate derivative column,D:\OneDrive - HHU\ML codes\DL-PDE\Linear_fractional\data\models\tsfade_retrained_alpha078_beta183_tanh\draft-2000-0\best.pkl,D:\OneDrive - HHU\ML codes\DL-PDE\Linear_fractional\data\models\tsfade_retrained_alpha078_beta183_tanh\draft-2000-5\best.pkl,0.78,1.83,"x in [4,26), t in [3,14)","full raw spatial grid FFT, then interior crop"
5.0,space,G-L/pycaputo spatial,0.2920558968158011,0.0408819233459219,0.1518865214442966,1.0261267999999997,same-operator clean surrogate derivative column,D:\OneDrive - HHU\ML codes\DL-PDE\Linear_fractional\data\models\tsfade_retrained_alpha078_beta183_tanh\draft-2000-0\best.pkl,D:\OneDrive - HHU\ML codes\DL-PDE\Linear_fractional\data\models\tsfade_retrained_alpha078_beta183_tanh\draft-2000-5\best.pkl,0.78,1.83,"x in [4,26), t in [3,14)","raw grid, interior crop"
5.0,space,G-J spatial,0.2803075589861477,0.04151051352177158,0.15824381984061914,1.3488959000000005,same-operator clean surrogate derivative column,D:\OneDrive - HHU\ML codes\DL-PDE\Linear_fractional\data\models\tsfade_retrained_alpha078_beta183_tanh\draft-2000-0\best.pkl,D:\OneDrive - HHU\ML codes\DL-PDE\Linear_fractional\data\models\tsfade_retrained_alpha078_beta183_tanh\draft-2000-5\best.pkl,0.78,1.83,"x in [4,26), t in [3,14)","full-domain G-J operator grid, then interior crop"
5.0,time,L1/pycaputo Caputo,0.040574621576223366,0.02297880686627357,0.08508383592444207,0.555282,same-operator clean surrogate derivative column,D:\OneDrive - HHU\ML codes\DL-PDE\Linear_fractional\data\models\tsfade_retrained_alpha078_beta183_tanh\draft-2000-0\best.pkl,D:\OneDrive - HHU\ML codes\DL-PDE\Linear_fractional\data\models\tsfade_retrained_alpha078_beta183_tanh\draft-2000-5\best.pkl,0.78,1.83,"x in [4,26), t in [3,14)","raw grid, interior crop"
5.0,time,G-J Caputo,0.04041752804169217,0.02286486489861728,0.0845677983688522,0.0,same-operator clean surrogate derivative column,D:\OneDrive - HHU\ML codes\DL-PDE\Linear_fractional\data\models\tsfade_retrained_alpha078_beta183_tanh\draft-2000-0\best.pkl,D:\OneDrive - HHU\ML codes\DL-PDE\Linear_fractional\data\models\tsfade_retrained_alpha078_beta183_tanh\draft-2000-5\best.pkl,0.78,1.83,"x in [4,26), t in [3,14)","full-domain G-J time column reused from G-J spatial/time evaluation, then interior crop"
25.0,space,FFT/Fourier,0.7346341332980476,0.10262619682941655,0.5252502954557433,0.005384300000000231,same-operator clean surrogate derivative column,D:\OneDrive - HHU\ML codes\DL-PDE\Linear_fractional\data\models\tsfade_retrained_alpha078_beta183_tanh\draft-2000-0\best.pkl,D:\OneDrive - HHU\ML codes\DL-PDE\Linear_fractional\data\models\tsfade_retrained_alpha078_beta183_tanh\draft-2000-25\best.pkl,0.78,1.83,"x in [4,26), t in [3,14)","full raw spatial grid FFT, then interior crop"
25.0,space,G-L/pycaputo spatial,0.7207005334783634,0.10088350992484876,0.482408991888721,0.4693506000000003,same-operator clean surrogate derivative column,D:\OneDrive - HHU\ML codes\DL-PDE\Linear_fractional\data\models\tsfade_retrained_alpha078_beta183_tanh\draft-2000-0\best.pkl,D:\OneDrive - HHU\ML codes\DL-PDE\Linear_fractional\data\models\tsfade_retrained_alpha078_beta183_tanh\draft-2000-25\best.pkl,0.78,1.83,"x in [4,26), t in [3,14)","raw grid, interior crop"
25.0,space,G-J spatial,0.6867737947250852,0.1017037606671994,0.47548399768206445,1.2985426000000002,same-operator clean surrogate derivative column,D:\OneDrive - HHU\ML codes\DL-PDE\Linear_fractional\data\models\tsfade_retrained_alpha078_beta183_tanh\draft-2000-0\best.pkl,D:\OneDrive - HHU\ML codes\DL-PDE\Linear_fractional\data\models\tsfade_retrained_alpha078_beta183_tanh\draft-2000-25\best.pkl,0.78,1.83,"x in [4,26), t in [3,14)","full-domain G-J operator grid, then interior crop"
25.0,time,L1/pycaputo Caputo,0.14670907381596854,0.08308640578234079,0.3790141901271089,0.46389809999999976,same-operator clean surrogate derivative column,D:\OneDrive - HHU\ML codes\DL-PDE\Linear_fractional\data\models\tsfade_retrained_alpha078_beta183_tanh\draft-2000-0\best.pkl,D:\OneDrive - HHU\ML codes\DL-PDE\Linear_fractional\data\models\tsfade_retrained_alpha078_beta183_tanh\draft-2000-25\best.pkl,0.78,1.83,"x in [4,26), t in [3,14)","raw grid, interior crop"
25.0,time,G-J Caputo,0.14587603517356182,0.08252448870076388,0.3737719267937285,0.0,same-operator clean surrogate derivative column,D:\OneDrive - HHU\ML codes\DL-PDE\Linear_fractional\data\models\tsfade_retrained_alpha078_beta183_tanh\draft-2000-0\best.pkl,D:\OneDrive - HHU\ML codes\DL-PDE\Linear_fractional\data\models\tsfade_retrained_alpha078_beta183_tanh\draft-2000-25\best.pkl,0.78,1.83,"x in [4,26), t in [3,14)","full-domain G-J time column reused from G-J spatial/time evaluation, then interior crop"
