paper_example,noise_label,winner_equation,epoch,rank,selected,structure,raw_structure,eqgpt_source_equation,eqgpt_reward,eqgpt_selection_mode,eqgpt_r2,complexity_score,structure_penalty,endpoint_penalty,iter_start_beta,alpha,beta,coef_hx,coef_dbeta,objective,augmented_objective,validation_residual_norm,condition,support
candidate_select_tsfade_clean,clean,D_t^0.76023929 H = -1.051*Hx + 0.4383 D_x^1.799668 H,0,1,True,Hx + D_x^beta H,Hxx + Hx,uxx+ut+ux,0.938568,,0.998696,2.5,0.125,0,2,0.760239,1.79967,-1.05061,0.438294,1.24791,1.12291,0.943029,89.9385,Hx+D_x^1.799668 H
candidate_select_tsfade_clean,clean,D_t^0.76023929 H = -1.051*Hx + 0.4383 D_x^1.799668 H,0,2,False,Hx,Hx,ux,0.995102,,0.995102,1,0.05,0,2,0.675796,n/a,-1.26534,n/a,2.4305,2.3805,2.37126,9.23525,Hx
candidate_select_tsfade_clean,clean,D_t^0.76023929 H = -1.051*Hx + 0.4383 D_x^1.799668 H,0,3,False,D_x^beta H,Hxx,utt+uxx,0.976969,,0.976969,1.5,0.075,0.1,2,0.999,2,n/a,2.74751,2.46401,2.28901,2.25653,32.4795,D_x^2 H
candidate_select_tsfade_clean,clean,D_t^0.76023929 H = -1.051*Hx + 0.4383 D_x^1.799668 H,0,4,False,H + Hx + D_x^beta H + Hxxx,Hx + H + Hxxx + Hxx,ux+utt+u+uxxx+uxx,0.938565,,0.998692,5.5,0.275,0,2,0.75811,1.79918,-1.04952,0.438979,2.48464,2.20964,0.929153,6.402e+02,Hx+D_x^1.799176 H
candidate_select_tsfade_clean,clean,D_t^0.76023929 H = -1.051*Hx + 0.4383 D_x^1.799668 H,0,5,False,Hx + H*Hx,H*Hx + Hx,uxxt+ut+ux*u+ux,0.995102,,0.995102,3,0.15,0,2,0.675796,n/a,-1.26534,n/a,2.55077,2.40077,2.37126,29.5095,Hx
candidate_select_tsfade_clean,clean,D_t^0.76023929 H = -1.051*Hx + 0.4383 D_x^1.799668 H,0,6,False,H + D_x^beta H,Hxx + H,utt+uxx+u,0.923811,,0.982993,2.5,0.125,0.1,2,0.999,2,n/a,2.69863,2.56512,2.34012,1.9052,2.175e+02,H+D_x^2 H
candidate_select_tsfade_clean,clean,D_t^0.76023929 H = -1.051*Hx + 0.4383 D_x^1.799668 H,0,7,False,Hx + Hxxx,Hxxx + Hx,ut+uxxx+ux,0.931755,,0.991446,3,0.15,0,2,0.666336,n/a,-1.30651,n/a,2.60854,2.45854,2.25961,99.4661,Hx+Hxxx
candidate_select_tsfade_clean,clean,D_t^0.76023929 H = -1.051*Hx + 0.4383 D_x^1.799668 H,0,8,False,D_x^beta H + H*Hx,H*Hx + Hxx,ux*u+uxx,0.976969,,0.976969,3.5,0.175,0.1,2,0.999,2,n/a,2.74751,2.68308,2.40808,2.25653,1.515e+02,D_x^2 H
candidate_select_tsfade_clean,clean,D_t^0.76023929 H = -1.051*Hx + 0.4383 D_x^1.799668 H,0,9,False,D_x^beta H + Hxxx + H*Hx,Hxx + H*Hx + Hxxx,ut+uxx+ux*u+uxxx,0.921187,,0.980201,5.5,0.275,0.1,2,0.999,2,-1.39491,2.78969,2.89906,2.52406,2.02531,2.494e+02,D_x^2 H+Hxxx
candidate_select_tsfade_clean,clean,D_t^0.76023929 H = -1.051*Hx + 0.4383 D_x^1.799668 H,0,10,False,H + D_x^beta H + H^2,H + H^2 + Hxx,utt+u+u^2+uxx,0.977749,,0.977749,4,0.2,0.1,2,0.999,2,n/a,2.77854,4.16481,3.86481,2.26637,1.598e+03,D_x^2 H
candidate_select_tsfade_clean,clean,D_t^0.76023929 H = -1.051*Hx + 0.4383 D_x^1.799668 H,0,11,False,H + H^2,H + H^2,u+u^2+ut,0.867652,,0.923236,2.5,0.125,0,2,0.999,n/a,n/a,n/a,4.22792,4.10292,4.0015,50.7104,H+H^2
candidate_select_tsfade_clean,clean,D_t^0.76023929 H = -1.051*Hx + 0.4383 D_x^1.799668 H,0,12,False,Hx + Hxxx + H^2*Hx,H^2*Hx + Hxxx + Hx,ux*u^2+ut+uxxx+ux,0.935321,,0.99524,5.5,0.275,0,2,0.688266,n/a,-1.27757,n/a,5.23403,4.95903,2.2408,1.359e+03,Hx+Hxxx
candidate_select_tsfade_clean,clean,D_t^0.76023929 H = -1.051*Hx + 0.4383 D_x^1.799668 H,0,13,False,Hxxx + H*Hx,Hxxx + H*Hx,uxxx+ut+u*ux,0.797688,,0.84879,4,0.2,0,2,0.999,n/a,-4.20247,n/a,6.19013,5.99013,5.55331,2.184e+02,Hxxx+H*Hx
candidate_select_tsfade_clean,clean,D_t^0.76023929 H = -1.051*Hx + 0.4383 D_x^1.799668 H,0,14,False,H*Hx,H*Hx,u*ux+ut+uxt,0.811119,,0.811119,2,0.1,0,2,0.999,n/a,n/a,n/a,6.49493,6.39493,6.38341,11.5148,H*Hx
candidate_select_tsfade_clean,clean,D_t^0.76023929 H = -1.051*Hx + 0.4383 D_x^1.799668 H,0,15,False,H^2 + H*Hx,H^2 + H*Hx,ut+u^2+u*ux,0.811119,,0.811119,3.5,0.175,0,2,0.999,n/a,n/a,n/a,6.71892,6.54392,6.38341,1.605e+02,H*Hx
candidate_select_tsfade_clean,clean,D_t^0.76023929 H = -1.051*Hx + 0.4383 D_x^1.799668 H,0,16,False,H^2*Hx,H^2*Hx,ut+u^2*ux+uxxt,0.790171,,0.790171,2.5,0.125,0,2,0.999,n/a,n/a,n/a,6.85892,6.73392,6.68917,44.7497,H^2*Hx
candidate_select_tsfade_clean,clean,D_t^0.76023929 H = -1.051*Hx + 0.4383 D_x^1.799668 H,0,17,False,Hx + D_x^beta H + H^2,H^2 + Hx + Hxx,ut+u^2+ux+uxx,0.933672,,0.993486,4,0.2,0.1,2,0.74,2,-0.984917,1.15399,6.99618,6.69618,1.20387,2.746e+03,Hx+D_x^2 H
candidate_select_tsfade_clean,clean,D_t^0.76023929 H = -1.051*Hx + 0.4383 D_x^1.799668 H,0,18,False,Hxxx + H^2*Hx,H^2*Hx + Hxxx,ux*u^2+ut+uxxx,0.80419,,0.80419,4.5,0.225,0,2,0.999,n/a,-4.59453,n/a,7.86335,7.63835,6.24848,1.390e+03,Hxxx
candidate_select_tsfade_clean,clean,D_t^0.76023929 H = -1.051*Hx + 0.4383 D_x^1.799668 H,0,19,False,Hxxx + H^2 + H*Hx,H*Hx + Hxxx + H^2,ux*u+uxxx+u^2+ut,0.80419,,0.80419,5.5,0.275,0,2,0.999,n/a,-4.59453,n/a,9.55265,9.27765,6.24848,3.029e+03,Hxxx
candidate_select_tsfade_clean,clean,D_t^0.76023929 H = -1.051*Hx + 0.4383 D_x^1.799668 H,0,20,False,H^2,H^2,u^2,0.762665,,0.762665,1.5,0.075,0,2,0.999,n/a,n/a,n/a,inf,7.24095,7.24095,48.7031,alpha_correction
candidate_select_tsfade_clean,clean,D_t^0.76023929 H = -1.051*Hx + 0.4383 D_x^1.799668 H,1,1,False,Hx + D_x^beta H,Hxx + Hx,uxx+ux,0.938568,,0.998696,2.5,0.125,0,2,0.760239,1.79967,-1.05061,0.438294,1.24791,1.12291,0.943029,89.9385,Hx+D_x^1.799668 H
candidate_select_tsfade_clean,clean,D_t^0.76023929 H = -1.051*Hx + 0.4383 D_x^1.799668 H,1,2,False,Hx + D_x^beta H + Hxxx,Hxx + Hxxx + Hx,ut+uxx+uxxx+ux,0.903396,,0.998696,4.5,0.225,0,2,0.757588,1.78657,-1.0554,0.426076,1.52831,1.30331,0.928899,1.248e+02,Hx+D_x^1.78657 H+Hxxx
candidate_select_tsfade_clean,clean,D_t^0.76023929 H = -1.051*Hx + 0.4383 D_x^1.799668 H,1,3,False,H + Hx + D_x^beta H,H + Hxx + Hx,u+uxx+ux,0.938615,,0.998746,3.5,0.175,0,2,0.755036,1.76865,-1.06461,0.411106,1.73089,1.55589,0.92848,3.137e+02,Hx+D_x^1.768651 H
candidate_select_tsfade_clean,clean,D_t^0.76023929 H = -1.051*Hx + 0.4383 D_x^1.799668 H,1,4,False,H + Hx,H + Hx,ut+u+ux,0.937077,,0.997109,2,0.1,0,2,0.703241,n/a,-1.19334,n/a,1.83289,1.73289,1.66577,33.559,H+Hx
candidate_select_tsfade_clean,clean,D_t^0.76023929 H = -1.051*Hx + 0.4383 D_x^1.799668 H,1,5,False,Hx + H^2,Hx + H^2,ux+ut+u^2,0.937706,,0.997779,2.5,0.125,0,2,0.716238,n/a,-1.15524,n/a,2.06099,1.93599,1.39931,2.683e+02,Hx+H^2
candidate_select_tsfade_clean,clean,D_t^0.76023929 H = -1.051*Hx + 0.4383 D_x^1.799668 H,1,6,False,Hx,Hx,ux,0.995102,,0.995102,1,0.05,0,2,0.675796,n/a,-1.26534,n/a,2.4305,2.3805,2.37126,9.23525,Hx
candidate_select_tsfade_clean,clean,D_t^0.76023929 H = -1.051*Hx + 0.4383 D_x^1.799668 H,1,7,False,D_x^beta H,Hxx,ut^3+utt+ut+uxx,0.976969,,0.976969,1.5,0.075,0.1,2,0.999,2,n/a,2.74751,2.46401,2.28901,2.25653,32.4795,D_x^2 H
candidate_select_tsfade_clean,clean,D_t^0.76023929 H = -1.051*Hx + 0.4383 D_x^1.799668 H,1,8,False,Hx + H*Hx,Hx + H*Hx,ux+u*ux+ut+uxxt,0.995102,,0.995102,3,0.15,0,2,0.675796,n/a,-1.26534,n/a,2.55077,2.40077,2.37126,29.5095,Hx
candidate_select_tsfade_clean,clean,D_t^0.76023929 H = -1.051*Hx + 0.4383 D_x^1.799668 H,1,9,False,H + D_x^beta H,Hxx + H,uxx+ut+u,0.923811,,0.982993,2.5,0.125,0.1,2,0.999,2,n/a,2.69863,2.56512,2.34012,1.9052,2.175e+02,H+D_x^2 H
candidate_select_tsfade_clean,clean,D_t^0.76023929 H = -1.051*Hx + 0.4383 D_x^1.799668 H,1,10,False,Hx + Hxxx,Hxxx + Hx,uxxx+ut+ux,0.931755,,0.991446,3,0.15,0,2,0.666336,n/a,-1.30651,n/a,2.60854,2.45854,2.25961,99.4661,Hx+Hxxx
candidate_select_tsfade_clean,clean,D_t^0.76023929 H = -1.051*Hx + 0.4383 D_x^1.799668 H,1,11,False,D_x^beta H + H*Hx,H*Hx + Hxx,ut+ux*u+uxx,0.976969,,0.976969,3.5,0.175,0.1,2,0.999,2,n/a,2.74751,2.68308,2.40808,2.25653,1.515e+02,D_x^2 H
candidate_select_tsfade_clean,clean,D_t^0.76023929 H = -1.051*Hx + 0.4383 D_x^1.799668 H,1,12,False,H + Hx + Hxxx,Hxxx + Hx + H,uxxx+ux+u,0.902577,,0.997791,4,0.2,0,2,0.721723,n/a,-1.20126,n/a,2.77634,2.57634,1.37388,4.008e+02,H+Hx+Hxxx
candidate_select_tsfade_clean,clean,D_t^0.76023929 H = -1.051*Hx + 0.4383 D_x^1.799668 H,1,13,False,H + D_x^beta H + H*Hx,Hxx + H + H*Hx,uxx+u+ux*u+ut,0.976969,,0.976969,4.5,0.225,0.1,2,0.999,2,n/a,2.74751,2.86883,2.54383,2.25653,2.873e+02,D_x^2 H
candidate_select_tsfade_clean,clean,D_t^0.76023929 H = -1.051*Hx + 0.4383 D_x^1.799668 H,1,14,False,Hx + Hxxx + H*Hx,Hxxx + H*Hx + Hx,ut+uxxx+u*ux+ux,0.934852,,0.994741,5,0.25,0,2,0.689445,n/a,-1.2757,n/a,2.96115,2.71115,2.24004,2.356e+02,Hx+Hxxx
candidate_select_tsfade_clean,clean,D_t^0.76023929 H = -1.051*Hx + 0.4383 D_x^1.799668 H,1,15,False,D_x^beta H + H^2,H^2 + Hxx,u^2+uxx+utt,0.977749,,0.977749,3,0.15,0.1,2,0.999,2,n/a,2.77854,4.08935,3.83935,2.26637,1.573e+03,D_x^2 H
candidate_select_tsfade_clean,clean,D_t^0.76023929 H = -1.051*Hx + 0.4383 D_x^1.799668 H,1,16,False,H*Hx + H*Hxxx,H*Hx + H*Hxxx,ux*u+u*uxxx,0.812354,,0.864396,5,0.25,0,2,0.999,n/a,n/a,n/a,5.59897,5.34897,5.28336,32.805,H*Hx+H*Hxxx
candidate_select_tsfade_clean,clean,D_t^0.76023929 H = -1.051*Hx + 0.4383 D_x^1.799668 H,1,17,False,H + H*Hx,H + H*Hx,ut+u+u*ux,0.812068,,0.864092,3,0.15,0,2,0.999,n/a,n/a,n/a,5.70234,5.55234,5.50863,21.8537,H+H*Hx
candidate_select_tsfade_clean,clean,D_t^0.76023929 H = -1.051*Hx + 0.4383 D_x^1.799668 H,1,18,False,H,H,ut+u,0.831065,,0.831065,1,0.05,0,2,0.999,n/a,n/a,n/a,6.17334,6.12334,6.11658,6.75952,H
candidate_select_tsfade_clean,clean,D_t^0.76023929 H = -1.051*Hx + 0.4383 D_x^1.799668 H,1,19,False,Hxxx + H*Hx,Hxxx + H*Hx,uxxx+u*ux+ut+uxt,0.797688,,0.84879,4,0.2,0,2,0.999,n/a,-4.20247,n/a,6.19013,5.99013,5.55331,2.184e+02,Hxxx+H*Hx
candidate_select_tsfade_clean,clean,D_t^0.76023929 H = -1.051*Hx + 0.4383 D_x^1.799668 H,1,20,False,Hxxx,Hxxx,ut+uxxx,0.80419,,0.80419,2,0.1,0,2,0.999,n/a,-4.59453,n/a,6.40859,6.30859,6.24848,60.101,Hxxx
candidate_select_tsfade_clean,clean,D_t^0.76023929 H = -1.051*Hx + 0.4383 D_x^1.799668 H,1,21,False,H*Hx,H*Hx,ux*u+ut^3+ut,0.811119,,0.811119,2,0.1,0,2,0.999,n/a,n/a,n/a,6.49493,6.39493,6.38341,11.5148,H*Hx
candidate_select_tsfade_clean,clean,D_t^0.76023929 H = -1.051*Hx + 0.4383 D_x^1.799668 H,1,22,False,H^2 + H*Hx,H*Hx + H^2,u*ux+ut+u^2,0.811119,,0.811119,3.5,0.175,0,2,0.999,n/a,n/a,n/a,6.71892,6.54392,6.38341,1.605e+02,H*Hx
candidate_select_tsfade_clean,clean,D_t^0.76023929 H = -1.051*Hx + 0.4383 D_x^1.799668 H,1,23,False,H + Hxxx + H^2*Hx,H^2*Hx + Hxxx + H,ut+ux*u^2+uxxx+u,0.820325,,0.872877,5.5,0.275,0,2,0.999,n/a,-4.41341,n/a,8.19557,7.92057,5.14032,1.390e+03,H+Hxxx
candidate_select_tsfade_clean,clean,D_t^0.76023929 H = -1.051*Hx + 0.4383 D_x^1.799668 H,1,24,False,H^2,H^2,u^2,0.762665,,0.762665,1.5,0.075,0,2,0.999,n/a,n/a,n/a,inf,7.24095,7.24095,48.7031,alpha_correction
candidate_select_tsfade_clean,clean,D_t^0.76023929 H = -1.051*Hx + 0.4383 D_x^1.799668 H,2,1,False,Hx + D_x^beta H,Hxx + Hx,uxx+ut+ux,0.93839,,0.998506,2.5,0.125,0,2,0.763848,1.85659,-1.01718,0.504365,1.26748,1.14248,0.933426,1.045e+02,Hx+D_x^1.856593 H
candidate_select_tsfade_clean,clean,D_t^0.76023929 H = -1.051*Hx + 0.4383 D_x^1.799668 H,2,2,False,Hx + D_x^beta H + H*Hx,Hxx + H*Hx + Hx,ut+uxx+ux*u+ux,0.938565,,0.998692,4.5,0.225,0,2,0.75811,1.79918,-1.04952,0.438979,1.63135,1.40635,0.929153,2.386e+02,Hx+D_x^1.799176 H
candidate_select_tsfade_clean,clean,D_t^0.76023929 H = -1.051*Hx + 0.4383 D_x^1.799668 H,2,3,False,Hx + H^2,H^2 + Hx,ut+u^2+ux,0.937706,,0.997779,2.5,0.125,0,2,0.716238,n/a,-1.15524,n/a,2.06099,1.93599,1.39931,2.683e+02,Hx+H^2
candidate_select_tsfade_clean,clean,D_t^0.76023929 H = -1.051*Hx + 0.4383 D_x^1.799668 H,2,4,False,H + Hx + H^2,Hx + H^2 + H,ux+ut+u^2+u,0.90323,,0.998513,3.5,0.175,0,2,0.73637,n/a,-1.09393,n/a,2.20726,2.03226,1.06118,3.237e+02,H+Hx+H^2
candidate_select_tsfade_clean,clean,D_t^0.76023929 H = -1.051*Hx + 0.4383 D_x^1.799668 H,2,5,False,Hx + H*Hxxx,Hx + H*Hxxx + Hx,uxxt+ut+ux+uxxx*u+ux,0.935935,,0.995894,4,0.2,0,2,0.690371,n/a,-1.28306,n/a,2.29059,2.09059,2.05456,18.012,Hx+H*Hxxx
candidate_select_tsfade_clean,clean,D_t^0.76023929 H = -1.051*Hx + 0.4383 D_x^1.799668 H,2,6,False,Hx,Hx,ux,0.995102,,0.995102,1,0.05,0,2,0.675796,n/a,-1.26534,n/a,2.4305,2.3805,2.37126,9.23525,Hx
candidate_select_tsfade_clean,clean,D_t^0.76023929 H = -1.051*Hx + 0.4383 D_x^1.799668 H,2,7,False,D_x^beta H,Hxx,uxx+uxt+utt,0.976969,,0.976969,1.5,0.075,0.1,2,0.999,2,n/a,2.74751,2.46401,2.28901,2.25653,32.4795,D_x^2 H
candidate_select_tsfade_clean,clean,D_t^0.76023929 H = -1.051*Hx + 0.4383 D_x^1.799668 H,2,8,False,Hx + H*Hx,H*Hx + Hx,u*ux+ux+uxxt+ut,0.995102,,0.995102,3,0.15,0,2,0.675796,n/a,-1.26534,n/a,2.55077,2.40077,2.37126,29.5095,Hx
candidate_select_tsfade_clean,clean,D_t^0.76023929 H = -1.051*Hx + 0.4383 D_x^1.799668 H,2,9,False,H + D_x^beta H,H + Hxx,u+uxx+ut,0.923811,,0.982993,2.5,0.125,0.1,2,0.999,2,n/a,2.69863,2.56512,2.34012,1.9052,2.175e+02,H+D_x^2 H
candidate_select_tsfade_clean,clean,D_t^0.76023929 H = -1.051*Hx + 0.4383 D_x^1.799668 H,2,10,False,Hx + Hxxx,Hxxx + Hx,uxxx+ut+ux,0.931755,,0.991446,3,0.15,0,2,0.666336,n/a,-1.30651,n/a,2.60854,2.45854,2.25961,99.4661,Hx+Hxxx
candidate_select_tsfade_clean,clean,D_t^0.76023929 H = -1.051*Hx + 0.4383 D_x^1.799668 H,2,11,False,D_x^beta H + H*Hx,Hxx + H*Hx,uxx+u*ux+ut,0.976969,,0.976969,3.5,0.175,0.1,2,0.999,2,n/a,2.74751,2.68308,2.40808,2.25653,1.515e+02,D_x^2 H
candidate_select_tsfade_clean,clean,D_t^0.76023929 H = -1.051*Hx + 0.4383 D_x^1.799668 H,2,12,False,D_x^beta H + Hxxx + H*Hx,H*Hx + Hxx + Hxxx,u*ux+ut+uxx+uxxx,0.921187,,0.980201,5.5,0.275,0.1,2,0.999,2,-1.39491,2.78969,2.89906,2.52406,2.02531,2.494e+02,D_x^2 H+Hxxx
candidate_select_tsfade_clean,clean,D_t^0.76023929 H = -1.051*Hx + 0.4383 D_x^1.799668 H,2,13,False,D_x^beta H + H^2,Hxx + H^2,utt+uxx+u^2,0.977749,,0.977749,3,0.15,0.1,2,0.999,2,n/a,2.77854,4.08935,3.83935,2.26637,1.573e+03,D_x^2 H
candidate_select_tsfade_clean,clean,D_t^0.76023929 H = -1.051*Hx + 0.4383 D_x^1.799668 H,2,14,False,H + H^2,H + H^2,u+ut+u^2,0.867652,,0.923236,2.5,0.125,0,2,0.999,n/a,n/a,n/a,4.22792,4.10292,4.0015,50.7104,H+H^2
candidate_select_tsfade_clean,clean,D_t^0.76023929 H = -1.051*Hx + 0.4383 D_x^1.799668 H,2,15,False,H + H*Hx,H + H*Hx,u+u*ux+ut,0.812068,,0.864092,3,0.15,0,2,0.999,n/a,n/a,n/a,5.70234,5.55234,5.50863,21.8537,H+H*Hx
candidate_select_tsfade_clean,clean,D_t^0.76023929 H = -1.051*Hx + 0.4383 D_x^1.799668 H,2,16,False,H,H,u,0.831065,,0.831065,1,0.05,0,2,0.999,n/a,n/a,n/a,6.17334,6.12334,6.11658,6.75952,H
candidate_select_tsfade_clean,clean,D_t^0.76023929 H = -1.051*Hx + 0.4383 D_x^1.799668 H,2,17,False,Hxxx + H*Hx,H*Hx + Hxxx,ut+ux*u+uxxx,0.797688,,0.84879,4,0.2,0,2,0.999,n/a,-4.20247,n/a,6.19013,5.99013,5.55331,2.184e+02,Hxxx+H*Hx
candidate_select_tsfade_clean,clean,D_t^0.76023929 H = -1.051*Hx + 0.4383 D_x^1.799668 H,2,18,False,Hxxx,Hxxx,uxxx+ut,0.80419,,0.80419,2,0.1,0,2,0.999,n/a,-4.59453,n/a,6.40859,6.30859,6.24848,60.101,Hxxx
candidate_select_tsfade_clean,clean,D_t^0.76023929 H = -1.051*Hx + 0.4383 D_x^1.799668 H,2,19,False,H*Hx,H*Hx,ut+ux*u,0.811119,,0.811119,2,0.1,0,2,0.999,n/a,n/a,n/a,6.49493,6.39493,6.38341,11.5148,H*Hx
candidate_select_tsfade_clean,clean,D_t^0.76023929 H = -1.051*Hx + 0.4383 D_x^1.799668 H,2,20,False,Hxxx + H^2*Hx,Hxxx + H^2*Hx,uxxx+ux*u*u+ut,0.80419,,0.80419,4.5,0.225,0,2,0.999,n/a,-4.59453,n/a,7.86335,7.63835,6.24848,1.390e+03,Hxxx
candidate_select_tsfade_clean,clean,D_t^0.76023929 H = -1.051*Hx + 0.4383 D_x^1.799668 H,2,21,False,Hxxx + H*Hx + H^2*Hx,H*Hx + Hxxx + H^2*Hx,ux*u+uxxx+u^2*ux+ut,0.892667,,0.986835,6.5,0.325,0,2,0.725144,n/a,-4.25549,n/a,7.925,7.6,3.26176,1.446e+03,Hxxx+H*Hx+H^2*Hx
candidate_select_tsfade_clean,clean,D_t^0.76023929 H = -1.051*Hx + 0.4383 D_x^1.799668 H,3,1,False,Hx + D_x^beta H,Hxx + Hx,uxx+ux,0.93839,,0.998506,2.5,0.125,0,2,0.763848,1.85659,-1.01718,0.504365,1.26748,1.14248,0.933426,1.045e+02,Hx+D_x^1.856593 H
candidate_select_tsfade_clean,clean,D_t^0.76023929 H = -1.051*Hx + 0.4383 D_x^1.799668 H,3,2,False,H + Hx,Hx + H,ux+u,0.937077,,0.997109,2,0.1,0,2,0.703241,n/a,-1.19334,n/a,1.83289,1.73289,1.66577,33.559,H+Hx
candidate_select_tsfade_clean,clean,D_t^0.76023929 H = -1.051*Hx + 0.4383 D_x^1.799668 H,3,3,False,Hx + H^2,H^2 + Hx,u^2+ut+ux,0.937706,,0.997779,2.5,0.125,0,2,0.716238,n/a,-1.15524,n/a,2.06099,1.93599,1.39931,2.683e+02,Hx+H^2
candidate_select_tsfade_clean,clean,D_t^0.76023929 H = -1.051*Hx + 0.4383 D_x^1.799668 H,3,4,False,Hx,Hx,ux,0.995102,,0.995102,1,0.05,0,2,0.675796,n/a,-1.26534,n/a,2.4305,2.3805,2.37126,9.23525,Hx
candidate_select_tsfade_clean,clean,D_t^0.76023929 H = -1.051*Hx + 0.4383 D_x^1.799668 H,3,5,False,D_x^beta H,Hxx,utt+uxx+ut^2,0.976969,,0.976969,1.5,0.075,0.1,2,0.999,2,n/a,2.74751,2.46401,2.28901,2.25653,32.4795,D_x^2 H
candidate_select_tsfade_clean,clean,D_t^0.76023929 H = -1.051*Hx + 0.4383 D_x^1.799668 H,3,6,False,Hx + H*Hx,H*Hx + Hx,ut+uxxt+ux*u+ux,0.995102,,0.995102,3,0.15,0,2,0.675796,n/a,-1.26534,n/a,2.55077,2.40077,2.37126,29.5095,Hx
candidate_select_tsfade_clean,clean,D_t^0.76023929 H = -1.051*Hx + 0.4383 D_x^1.799668 H,3,7,False,H + D_x^beta H,Hxx + H,uxx+u+utt,0.923811,,0.982993,2.5,0.125,0.1,2,0.999,2,n/a,2.69863,2.56512,2.34012,1.9052,2.175e+02,H+D_x^2 H
candidate_select_tsfade_clean,clean,D_t^0.76023929 H = -1.051*Hx + 0.4383 D_x^1.799668 H,3,8,False,Hx + Hxxx,Hxxx + Hx,ut+uxxx+ux,0.931755,,0.991446,3,0.15,0,2,0.666336,n/a,-1.30651,n/a,2.60854,2.45854,2.25961,99.4661,Hx+Hxxx
candidate_select_tsfade_clean,clean,D_t^0.76023929 H = -1.051*Hx + 0.4383 D_x^1.799668 H,3,9,False,D_x^beta H + H*Hx,H*Hx + Hxx,ux*u+ut+uxx,0.976969,,0.976969,3.5,0.175,0.1,2,0.999,2,n/a,2.74751,2.68308,2.40808,2.25653,1.515e+02,D_x^2 H
candidate_select_tsfade_clean,clean,D_t^0.76023929 H = -1.051*Hx + 0.4383 D_x^1.799668 H,3,10,False,D_x^beta H + Hxxx + H*Hx,Hxx + H*Hx + Hxxx,uxx+ux*u+ut+uxxx,0.921187,,0.980201,5.5,0.275,0.1,2,0.999,2,-1.39491,2.78969,2.89906,2.52406,2.02531,2.494e+02,D_x^2 H+Hxxx
candidate_select_tsfade_clean,clean,D_t^0.76023929 H = -1.051*Hx + 0.4383 D_x^1.799668 H,3,11,False,Hx + Hxxx + H*Hx,Hxxx + H*Hx + Hx,uxxx+ut+u*ux+ux,0.934852,,0.994741,5,0.25,0,2,0.689445,n/a,-1.2757,n/a,2.96115,2.71115,2.24004,2.356e+02,Hx+Hxxx
candidate_select_tsfade_clean,clean,D_t^0.76023929 H = -1.051*Hx + 0.4383 D_x^1.799668 H,3,12,False,H + H*Hxx,H*Hxx + H,u*uxx+u,0.89745,,0.954944,3,0.15,0,2,0.999,n/a,n/a,n/a,3.30798,3.15798,3.13027,13.8523,H+H*Hxx
candidate_select_tsfade_clean,clean,D_t^0.76023929 H = -1.051*Hx + 0.4383 D_x^1.799668 H,3,13,False,D_x^beta H + H^2,Hxx + H^2,uxx+ut^3+u^2+ut,0.977749,,0.977749,3,0.15,0.1,2,0.999,2,n/a,2.77854,4.08935,3.83935,2.26637,1.573e+03,D_x^2 H
candidate_select_tsfade_clean,clean,D_t^0.76023929 H = -1.051*Hx + 0.4383 D_x^1.799668 H,3,14,False,H + D_x^beta H + H^2,H + H^2 + Hxx,u+ut+u^2+uxx,0.977749,,0.977749,4,0.2,0.1,2,0.999,2,n/a,2.77854,4.16481,3.86481,2.26637,1.598e+03,D_x^2 H
candidate_select_tsfade_clean,clean,D_t^0.76023929 H = -1.051*Hx + 0.4383 D_x^1.799668 H,3,15,False,Hx + Hxxx + H^2*Hx,H^2*Hx + Hxxx + Hx,ut+ux*u^2+utt+uxxx+ux,0.935321,,0.99524,5.5,0.275,0,2,0.688266,n/a,-1.27757,n/a,5.23403,4.95903,2.2408,1.359e+03,Hx+Hxxx
candidate_select_tsfade_clean,clean,D_t^0.76023929 H = -1.051*Hx + 0.4383 D_x^1.799668 H,3,16,False,H + H*Hx,H*Hx + H,ux*u+u+ut,0.812068,,0.864092,3,0.15,0,2,0.999,n/a,n/a,n/a,5.70234,5.55234,5.50863,21.8537,H+H*Hx
candidate_select_tsfade_clean,clean,D_t^0.76023929 H = -1.051*Hx + 0.4383 D_x^1.799668 H,3,17,False,H,H,u,0.831065,,0.831065,1,0.05,0,2,0.999,n/a,n/a,n/a,6.17334,6.12334,6.11658,6.75952,H
candidate_select_tsfade_clean,clean,D_t^0.76023929 H = -1.051*Hx + 0.4383 D_x^1.799668 H,3,18,False,H*Hx,H*Hx,uxxt+ux*u,0.811119,,0.811119,2,0.1,0,2,0.999,n/a,n/a,n/a,6.49493,6.39493,6.38341,11.5148,H*Hx
candidate_select_tsfade_clean,clean,D_t^0.76023929 H = -1.051*Hx + 0.4383 D_x^1.799668 H,3,19,False,Hxxx + H^2*Hx,Hxxx + H^2*Hx,uxxx+ux*u^2+ut,0.80419,,0.80419,4.5,0.225,0,2,0.999,n/a,-4.59453,n/a,7.86335,7.63835,6.24848,1.390e+03,Hxxx
candidate_select_tsfade_clean,clean,D_t^0.76023929 H = -1.051*Hx + 0.4383 D_x^1.799668 H,3,20,False,D_x^beta H + Hxxx + H^2,H^2 + Hxx + Hxxx,u^2+utt+uxx+uxxx,0.977749,,0.977749,5,0.25,0.1,2,0.999,2,n/a,2.77854,7.88072,7.53072,2.26637,5.264e+03,D_x^2 H
candidate_select_tsfade_clean,clean,D_t^0.76023929 H = -1.051*Hx + 0.4383 D_x^1.799668 H,3,21,False,Hxxx + H*Hx + H^2*Hx,Hxxx + H^2*Hx + H*Hx,ut+uxxx+u^2*ux+u*ux,0.892667,,0.986835,6.5,0.325,0,2,0.725144,n/a,-4.25549,n/a,7.925,7.6,3.26176,1.446e+03,Hxxx+H*Hx+H^2*Hx
candidate_select_tsfade_clean,clean,D_t^0.76023929 H = -1.051*Hx + 0.4383 D_x^1.799668 H,4,1,False,Hx + D_x^beta H,Hx + Hxx,ux+ut+uxx,0.938568,,0.998696,2.5,0.125,0,2,0.760239,1.79967,-1.05061,0.438294,1.24791,1.12291,0.943029,89.9385,Hx+D_x^1.799668 H
candidate_select_tsfade_clean,clean,D_t^0.76023929 H = -1.051*Hx + 0.4383 D_x^1.799668 H,4,2,False,Hx + D_x^beta H + H*Hx,Hx + H*Hx + Hxx,ux+ut+u*ux+uxx,0.938615,,0.998746,4.5,0.225,0,2,0.755036,1.76865,-1.06461,0.411106,1.50666,1.28166,0.92848,1.766e+02,Hx+D_x^1.768651 H
candidate_select_tsfade_clean,clean,D_t^0.76023929 H = -1.051*Hx + 0.4383 D_x^1.799668 H,4,3,False,Hx + D_x^beta H + Hxxx + H*Hx,Hxx + Hxxx + Hx + H*Hx,uxx+ut+uxxx+ux+u*ux,0.938565,,0.998692,6.5,0.325,0,2,0.75811,1.79918,-1.04952,0.438979,1.83135,1.50635,0.929153,2.886e+02,Hx+D_x^1.799176 H
candidate_select_tsfade_clean,clean,D_t^0.76023929 H = -1.051*Hx + 0.4383 D_x^1.799668 H,4,4,False,Hx + H^2,H^2 + Hx,u^2+ut+ux,0.936699,,0.996707,2.5,0.125,0,2,0.703749,n/a,-1.17377,n/a,2.17777,2.05277,1.39628,3.282e+02,Hx+H^2
candidate_select_tsfade_clean,clean,D_t^0.76023929 H = -1.051*Hx + 0.4383 D_x^1.799668 H,4,5,False,Hx,Hx,ut+ux,0.995102,,0.995102,1,0.05,0,2,0.675796,n/a,-1.26534,n/a,2.4305,2.3805,2.37126,9.23525,Hx
candidate_select_tsfade_clean,clean,D_t^0.76023929 H = -1.051*Hx + 0.4383 D_x^1.799668 H,4,6,False,D_x^beta H + Hxxx,Hxxx + Hxx,uxxx+ut+ut^3+uxx,0.921187,,0.980201,3.5,0.175,0.1,2,0.999,2,-1.39491,2.78969,2.43956,2.16456,2.02531,69.6232,D_x^2 H+Hxxx
candidate_select_tsfade_clean,clean,D_t^0.76023929 H = -1.051*Hx + 0.4383 D_x^1.799668 H,4,7,False,D_x^beta H,Hxx,uxx+utt+ut,0.976969,,0.976969,1.5,0.075,0.1,2,0.999,2,n/a,2.74751,2.46401,2.28901,2.25653,32.4795,D_x^2 H
candidate_select_tsfade_clean,clean,D_t^0.76023929 H = -1.051*Hx + 0.4383 D_x^1.799668 H,4,8,False,Hx + H*Hx,Hx + H*Hx,ux+ut+uxxt+u*ux,0.995102,,0.995102,3,0.15,0,2,0.675796,n/a,-1.26534,n/a,2.55077,2.40077,2.37126,29.5095,Hx
candidate_select_tsfade_clean,clean,D_t^0.76023929 H = -1.051*Hx + 0.4383 D_x^1.799668 H,4,9,False,H + D_x^beta H,Hxx + H,uxx+u+utt,0.923811,,0.982993,2.5,0.125,0.1,2,0.999,2,n/a,2.69863,2.56512,2.34012,1.9052,2.175e+02,H+D_x^2 H
candidate_select_tsfade_clean,clean,D_t^0.76023929 H = -1.051*Hx + 0.4383 D_x^1.799668 H,4,10,False,Hx + Hxxx,Hxxx + Hx + Hx,uxxx+ut+ux+ux,0.931755,,0.991446,3,0.15,0,2,0.666336,n/a,-1.30651,n/a,2.60854,2.45854,2.25961,99.4661,Hx+Hxxx
candidate_select_tsfade_clean,clean,D_t^0.76023929 H = -1.051*Hx + 0.4383 D_x^1.799668 H,4,11,False,D_x^beta H + H*Hx,H*Hx + Hxx,ut+ux*u+uxx,0.976969,,0.976969,3.5,0.175,0.1,2,0.999,2,n/a,2.74751,2.68308,2.40808,2.25653,1.515e+02,D_x^2 H
candidate_select_tsfade_clean,clean,D_t^0.76023929 H = -1.051*Hx + 0.4383 D_x^1.799668 H,4,12,False,H + Hx + Hxxx + H*Hx,Hx + H*Hx + Hxxx + H,ux+u*ux+uxxx+ut+u,0.902577,,0.997791,6,0.3,0,2,0.721723,n/a,-1.20126,n/a,2.89336,2.59336,1.37388,4.065e+02,H+Hx+Hxxx
candidate_select_tsfade_clean,clean,D_t^0.76023929 H = -1.051*Hx + 0.4383 D_x^1.799668 H,4,13,False,D_x^beta H + H^2,Hxx + H^2,ut+uxx+uxt+u^2,0.977749,,0.977749,3,0.15,0.1,2,0.999,2,n/a,2.77854,4.08935,3.83935,2.26637,1.573e+03,D_x^2 H
candidate_select_tsfade_clean,clean,D_t^0.76023929 H = -1.051*Hx + 0.4383 D_x^1.799668 H,4,14,False,H + D_x^beta H + H^2,H^2 + Hxx + H,utt+u^2+uxx+u,0.977749,,0.977749,4,0.2,0.1,2,0.999,2,n/a,2.77854,4.16481,3.86481,2.26637,1.598e+03,D_x^2 H
candidate_select_tsfade_clean,clean,D_t^0.76023929 H = -1.051*Hx + 0.4383 D_x^1.799668 H,4,15,False,H + H^2,H + H^2,u+ut+u^2,0.867652,,0.923236,2.5,0.125,0,2,0.999,n/a,n/a,n/a,4.22792,4.10292,4.0015,50.7104,H+H^2
candidate_select_tsfade_clean,clean,D_t^0.76023929 H = -1.051*Hx + 0.4383 D_x^1.799668 H,4,16,False,H*Hx + H^2*Hx,H^2*Hx + H*Hx,ux*u^2+u*ux+ut,0.921776,,0.980828,4.5,0.225,0,2,0.694349,n/a,n/a,n/a,4.75024,4.52524,4.40243,61.4074,H*Hx+H^2*Hx
candidate_select_tsfade_clean,clean,D_t^0.76023929 H = -1.051*Hx + 0.4383 D_x^1.799668 H,4,17,False,Hx + Hxxx + H^2*Hx,Hx + H^2*Hx + Hxxx,ux+u^2*ux+uxxx+ut,0.935321,,0.99524,5.5,0.275,0,2,0.688266,n/a,-1.27757,n/a,5.23403,4.95903,2.2408,1.359e+03,Hx+Hxxx
candidate_select_tsfade_clean,clean,D_t^0.76023929 H = -1.051*Hx + 0.4383 D_x^1.799668 H,4,18,False,H + H*Hx,H + H*Hx,u+u*ux+ut,0.812068,,0.864092,3,0.15,0,2,0.999,n/a,n/a,n/a,5.70234,5.55234,5.50863,21.8537,H+H*Hx
candidate_select_tsfade_clean,clean,D_t^0.76023929 H = -1.051*Hx + 0.4383 D_x^1.799668 H,4,19,False,H,H,u,0.831065,,0.831065,1,0.05,0,2,0.999,n/a,n/a,n/a,6.17334,6.12334,6.11658,6.75952,H
candidate_select_tsfade_clean,clean,D_t^0.76023929 H = -1.051*Hx + 0.4383 D_x^1.799668 H,4,20,False,Hxxx + H*Hx,H*Hx + Hxxx,ux*u+ut+uxxx,0.797688,,0.84879,4,0.2,0,2,0.999,n/a,-4.20247,n/a,6.19013,5.99013,5.55331,2.184e+02,Hxxx+H*Hx
candidate_select_tsfade_clean,clean,D_t^0.76023929 H = -1.051*Hx + 0.4383 D_x^1.799668 H,4,21,False,Hxxx,Hxxx,uxxx,0.80419,,0.80419,2,0.1,0,2,0.999,n/a,-4.59453,n/a,6.40859,6.30859,6.24848,60.101,Hxxx
candidate_select_tsfade_clean,clean,D_t^0.76023929 H = -1.051*Hx + 0.4383 D_x^1.799668 H,4,22,False,H*Hxxx,H*Hxxx,u*uxxx,0.801676,,0.801676,3,0.15,0,2,0.999,n/a,n/a,n/a,6.47234,6.32234,6.3132,9.14168,H*Hxxx
candidate_select_tsfade_clean,clean,D_t^0.76023929 H = -1.051*Hx + 0.4383 D_x^1.799668 H,4,23,False,H*Hx,H*Hx,ux*u+ut,0.811119,,0.811119,2,0.1,0,2,0.999,n/a,n/a,n/a,6.49493,6.39493,6.38341,11.5148,H*Hx
candidate_select_tsfade_clean,clean,D_t^0.76023929 H = -1.051*Hx + 0.4383 D_x^1.799668 H,4,24,False,Hxxx + H^2*Hx,H^2*Hx + Hxxx,ux*u^2+ut+uxxx,0.804324,,0.804324,4.5,0.225,0,2,0.999,n/a,-4.51142,n/a,8.00673,7.78173,6.38898,1.393e+03,Hxxx
candidate_select_tsfade_clean,clean,D_t^0.76023929 H = -1.051*Hx + 0.4383 D_x^1.799668 H,4,25,False,H^2,H^2,u^2,0.762665,,0.762665,1.5,0.075,0,2,0.999,n/a,n/a,n/a,inf,7.24095,7.24095,48.7031,alpha_correction
candidate_select_tsfade_noise5,5%,D_t^0.7437404 H = -1.106*Hx + 0.3657 D_x^1.700993 H,0,1,True,Hx + D_x^beta H,Hxx + Hx,uxx+ut+ux,0.938627,,0.998758,2.5,0.125,0,2,0.74374,1.70099,-1.10586,0.365716,1.20749,1.08249,0.959943,61.2745,Hx+D_x^1.700993 H
candidate_select_tsfade_noise5,5%,D_t^0.7437404 H = -1.106*Hx + 0.3657 D_x^1.700993 H,0,2,False,Hx,Hx,ux,0.994983,,0.994983,1,0.05,0,2,0.671218,n/a,-1.27684,n/a,2.50503,2.45503,2.44575,9.27928,Hx
candidate_select_tsfade_noise5,5%,D_t^0.7437404 H = -1.106*Hx + 0.3657 D_x^1.700993 H,0,3,False,D_x^beta H,Hxx,utt+uxx,0.975959,,0.975959,1.5,0.075,0.1,2,0.999,2,n/a,2.88134,2.50577,2.33077,2.29765,33.1185,D_x^2 H
candidate_select_tsfade_noise5,5%,D_t^0.7437404 H = -1.106*Hx + 0.3657 D_x^1.700993 H,0,4,False,Hx + H*Hx,H*Hx + Hx,uxxt+ut+ux*u+ux,0.994257,,0.994257,3,0.15,0,2,0.673027,n/a,-1.27385,n/a,2.6255,2.4755,2.44546,30.0411,Hx
candidate_select_tsfade_noise5,5%,D_t^0.7437404 H = -1.106*Hx + 0.3657 D_x^1.700993 H,0,5,False,H + D_x^beta H,Hxx + H,utt+uxx+u,0.922296,,0.981381,2.5,0.125,0.1,2,0.999,2,n/a,2.8373,2.65098,2.42598,1.98429,2.208e+02,H+D_x^2 H
candidate_select_tsfade_noise5,5%,D_t^0.7437404 H = -1.106*Hx + 0.3657 D_x^1.700993 H,0,6,False,Hx + Hxxx,Hxxx + Hx,ut+uxxx+ux,0.931152,,0.990804,3,0.15,0,2,0.660307,n/a,-1.32007,n/a,2.71232,2.56232,2.35654,1.029e+02,Hx+Hxxx
candidate_select_tsfade_noise5,5%,D_t^0.7437404 H = -1.106*Hx + 0.3657 D_x^1.700993 H,0,7,False,D_x^beta H + H*Hx,H*Hx + Hxx,ux*u+uxx,0.975959,,0.975959,3.5,0.175,0.1,2,0.999,2,n/a,2.88134,2.73707,2.46207,2.29765,1.644e+02,D_x^2 H
candidate_select_tsfade_noise5,5%,D_t^0.7437404 H = -1.106*Hx + 0.3657 D_x^1.700993 H,0,8,False,D_x^beta H + Hxxx + H*Hx,Hxx + H*Hx + Hxxx,ut+uxx+ux*u+uxxx,0.919407,,0.978307,5.5,0.275,0.1,2,0.999,2,-1.23684,2.91359,3.0181,2.6431,2.12468,2.592e+02,D_x^2 H+Hxxx
candidate_select_tsfade_noise5,5%,D_t^0.7437404 H = -1.106*Hx + 0.3657 D_x^1.700993 H,0,9,False,H + Hx + D_x^beta H + Hxxx,Hx + H + Hxxx + Hxx,ux+utt+u+uxxx+uxx,0.932599,,0.992344,5.5,0.275,0.1,2,0.74,2,-0.959632,1.26103,3.23515,2.86015,1.30813,7.760e+02,Hx+D_x^2 H
candidate_select_tsfade_noise5,5%,D_t^0.7437404 H = -1.106*Hx + 0.3657 D_x^1.700993 H,0,10,False,H + D_x^beta H + H^2,H + H^2 + Hxx,utt+u+u^2+uxx,0.976791,,0.976791,4,0.2,0.1,2,0.999,2,n/a,2.91123,4.23895,3.93895,2.30673,1.632e+03,D_x^2 H
candidate_select_tsfade_noise5,5%,D_t^0.7437404 H = -1.106*Hx + 0.3657 D_x^1.700993 H,0,11,False,H + H^2,H + H^2,u+u^2+ut,0.862665,,0.91793,2.5,0.125,0,2,0.999,n/a,n/a,n/a,4.38262,4.25762,4.15635,50.6358,H+H^2
candidate_select_tsfade_noise5,5%,D_t^0.7437404 H = -1.106*Hx + 0.3657 D_x^1.700993 H,0,12,False,Hx + Hxxx + H^2*Hx,H^2*Hx + Hxxx + Hx,ux*u^2+ut+uxxx+ux,0.935161,,0.99507,5.5,0.275,0,2,0.683263,n/a,-1.29053,n/a,5.45214,5.17714,2.32745,1.425e+03,Hx+Hxxx
candidate_select_tsfade_noise5,5%,D_t^0.7437404 H = -1.106*Hx + 0.3657 D_x^1.700993 H,0,13,False,Hxxx + H*Hx,Hxxx + H*Hx,uxxx+ut+u*ux,0.796928,,0.847982,4,0.2,0,2,0.999,n/a,-4.55357,n/a,6.23522,6.03522,5.5828,2.262e+02,Hxxx+H*Hx
candidate_select_tsfade_noise5,5%,D_t^0.7437404 H = -1.106*Hx + 0.3657 D_x^1.700993 H,0,14,False,H*Hx,H*Hx,u*ux+ut+uxt,0.806396,,0.806396,2,0.1,0,2,0.999,n/a,n/a,n/a,6.59012,6.49012,6.47874,11.3861,H*Hx
candidate_select_tsfade_noise5,5%,D_t^0.7437404 H = -1.106*Hx + 0.3657 D_x^1.700993 H,0,15,False,H^2 + H*Hx,H^2 + H*Hx,ut+u^2+u*ux,0.806396,,0.806396,3.5,0.175,0,2,0.999,n/a,n/a,n/a,6.81131,6.63631,6.47874,1.576e+02,H*Hx
candidate_select_tsfade_noise5,5%,D_t^0.7437404 H = -1.106*Hx + 0.3657 D_x^1.700993 H,0,16,False,H^2*Hx,H^2*Hx,ut+u^2*ux+uxxt,0.786272,,0.786272,2.5,0.125,0,2,0.999,n/a,n/a,n/a,6.94095,6.81595,6.77127,44.6759,H^2*Hx
candidate_select_tsfade_noise5,5%,D_t^0.7437404 H = -1.106*Hx + 0.3657 D_x^1.700993 H,0,17,False,Hx + D_x^beta H + H^2,H^2 + Hx + Hxx,ut+u^2+ux+uxx,0.932599,,0.992344,4,0.2,0.1,2,0.74,2,-0.959632,1.26103,7.16387,6.86387,1.30813,2.778e+03,Hx+D_x^2 H
candidate_select_tsfade_noise5,5%,D_t^0.7437404 H = -1.106*Hx + 0.3657 D_x^1.700993 H,0,18,False,Hxxx + H^2*Hx,H^2*Hx + Hxxx,ux*u^2+ut+uxxx,0.798511,,0.798511,4.5,0.225,0,2,0.999,n/a,-4.689,n/a,8.03746,7.81246,6.36889,1.444e+03,Hxxx
candidate_select_tsfade_noise5,5%,D_t^0.7437404 H = -1.106*Hx + 0.3657 D_x^1.700993 H,0,19,False,Hxxx + H^2 + H*Hx,H*Hx + Hxxx + H^2,ux*u+uxxx+u^2+ut,0.798511,,0.798511,5.5,0.275,0,2,0.999,n/a,-4.689,n/a,9.77931,9.50431,6.36889,3.135e+03,Hxxx
candidate_select_tsfade_noise5,5%,D_t^0.7437404 H = -1.106*Hx + 0.3657 D_x^1.700993 H,0,20,False,H^2,H^2,u^2,0.758306,,0.758306,1.5,0.075,0,2,0.999,n/a,n/a,n/a,inf,7.33374,7.33374,48.6514,alpha_correction
candidate_select_tsfade_noise5,5%,D_t^0.7437404 H = -1.106*Hx + 0.3657 D_x^1.700993 H,1,1,False,Hx + D_x^beta H,Hxx + Hx,uxx+ux,0.938627,,0.998758,2.5,0.125,0,2,0.74374,1.70099,-1.10586,0.365716,1.20749,1.08249,0.959943,61.2745,Hx+D_x^1.700993 H
candidate_select_tsfade_noise5,5%,D_t^0.7437404 H = -1.106*Hx + 0.3657 D_x^1.700993 H,1,2,False,H + Hx + D_x^beta H,H + Hxx + Hx,u+uxx+ux,0.938627,,0.998758,3.5,0.175,0,2,0.74374,1.70099,-1.10586,0.365716,1.58836,1.41336,0.959943,2.267e+02,Hx+D_x^1.700993 H
candidate_select_tsfade_noise5,5%,D_t^0.7437404 H = -1.106*Hx + 0.3657 D_x^1.700993 H,1,3,False,Hx + D_x^beta H + Hxxx,Hxx + Hxxx + Hx,ut+uxx+uxxx+ux,0.903381,,0.998679,4.5,0.225,0,2,0.752389,1.80922,-1.05456,0.458372,1.5932,1.3682,0.965985,1.341e+02,Hx+D_x^1.809222 H+Hxxx
candidate_select_tsfade_noise5,5%,D_t^0.7437404 H = -1.106*Hx + 0.3657 D_x^1.700993 H,1,4,False,H + Hx,H + Hx,ut+u+ux,0.937125,,0.99716,2,0.1,0,2,0.698773,n/a,-1.20407,n/a,1.85438,1.75438,1.68821,33.0883,H+Hx
candidate_select_tsfade_noise5,5%,D_t^0.7437404 H = -1.106*Hx + 0.3657 D_x^1.700993 H,1,5,False,Hx + H^2,Hx + H^2,ux+ut+u^2,0.937784,,0.997862,2.5,0.125,0,2,0.711655,n/a,-1.16593,n/a,2.06086,1.93586,1.40733,2.643e+02,Hx+H^2
candidate_select_tsfade_noise5,5%,D_t^0.7437404 H = -1.106*Hx + 0.3657 D_x^1.700993 H,1,6,False,Hx,Hx,ux,0.994983,,0.994983,1,0.05,0,2,0.671218,n/a,-1.27684,n/a,2.50503,2.45503,2.44575,9.27928,Hx
candidate_select_tsfade_noise5,5%,D_t^0.7437404 H = -1.106*Hx + 0.3657 D_x^1.700993 H,1,7,False,D_x^beta H,Hxx,ut^3+utt+ut+uxx,0.975959,,0.975959,1.5,0.075,0.1,2,0.999,2,n/a,2.88134,2.50577,2.33077,2.29765,33.1185,D_x^2 H
candidate_select_tsfade_noise5,5%,D_t^0.7437404 H = -1.106*Hx + 0.3657 D_x^1.700993 H,1,8,False,Hx + H*Hx,Hx + H*Hx,ux+u*ux+ut+uxxt,0.994257,,0.994257,3,0.15,0,2,0.673027,n/a,-1.27385,n/a,2.6255,2.4755,2.44546,30.0411,Hx
candidate_select_tsfade_noise5,5%,D_t^0.7437404 H = -1.106*Hx + 0.3657 D_x^1.700993 H,1,9,False,H + D_x^beta H,Hxx + H,uxx+ut+u,0.922296,,0.981381,2.5,0.125,0.1,2,0.999,2,n/a,2.8373,2.65098,2.42598,1.98429,2.208e+02,H+D_x^2 H
candidate_select_tsfade_noise5,5%,D_t^0.7437404 H = -1.106*Hx + 0.3657 D_x^1.700993 H,1,10,False,Hx + Hxxx,Hxxx + Hx,uxxx+ut+ux,0.931152,,0.990804,3,0.15,0,2,0.660307,n/a,-1.32007,n/a,2.71232,2.56232,2.35654,1.029e+02,Hx+Hxxx
candidate_select_tsfade_noise5,5%,D_t^0.7437404 H = -1.106*Hx + 0.3657 D_x^1.700993 H,1,11,False,D_x^beta H + H*Hx,H*Hx + Hxx,ut+ux*u+uxx,0.975959,,0.975959,3.5,0.175,0.1,2,0.999,2,n/a,2.88134,2.73707,2.46207,2.29765,1.644e+02,D_x^2 H
candidate_select_tsfade_noise5,5%,D_t^0.7437404 H = -1.106*Hx + 0.3657 D_x^1.700993 H,1,12,False,H + Hx + Hxxx,Hxxx + Hx + H,uxxx+ux+u,0.902585,,0.997799,4,0.2,0,2,0.716889,n/a,-1.21439,n/a,2.84928,2.64928,1.40965,4.132e+02,H+Hx+Hxxx
candidate_select_tsfade_noise5,5%,D_t^0.7437404 H = -1.106*Hx + 0.3657 D_x^1.700993 H,1,13,False,H + D_x^beta H + H*Hx,Hxx + H + H*Hx,uxx+u+ux*u+ut,0.975959,,0.975959,4.5,0.225,0.1,2,0.999,2,n/a,2.88134,2.9331,2.6081,2.29765,3.105e+02,D_x^2 H
candidate_select_tsfade_noise5,5%,D_t^0.7437404 H = -1.106*Hx + 0.3657 D_x^1.700993 H,1,14,False,Hx + Hxxx + H*Hx,Hxxx + H*Hx + Hx,ut+uxxx+u*ux+ux,0.934654,,0.99453,5,0.25,0,2,0.684659,n/a,-1.28825,n/a,3.07065,2.82065,2.32598,2.473e+02,Hx+Hxxx
candidate_select_tsfade_noise5,5%,D_t^0.7437404 H = -1.106*Hx + 0.3657 D_x^1.700993 H,1,15,False,D_x^beta H + H^2,H^2 + Hxx,u^2+uxx+utt,0.976791,,0.976791,3,0.15,0.1,2,0.999,2,n/a,2.91123,4.1571,3.9071,2.30673,1.600e+03,D_x^2 H
candidate_select_tsfade_noise5,5%,D_t^0.7437404 H = -1.106*Hx + 0.3657 D_x^1.700993 H,1,16,False,H*Hx + H*Hxxx,H*Hx + H*Hxxx,ux*u+u*uxxx,0.812268,,0.864304,5,0.25,0,2,0.999,n/a,n/a,n/a,5.62302,5.37302,5.30571,33.6575,H*Hx+H*Hxxx
candidate_select_tsfade_noise5,5%,D_t^0.7437404 H = -1.106*Hx + 0.3657 D_x^1.700993 H,1,17,False,H^2,H^2,u^2,0.862849,,0.862849,1.5,0.075,0,2,0.999,n/a,n/a,n/a,5.77786,5.70286,5.6542,48.6514,H^2
candidate_select_tsfade_noise5,5%,D_t^0.7437404 H = -1.106*Hx + 0.3657 D_x^1.700993 H,1,18,False,H + H*Hx,H + H*Hx,ut+u+u*ux,0.80874,,0.86055,3,0.15,0,2,0.999,n/a,n/a,n/a,5.78854,5.63854,5.59572,21.4061,H+H*Hx
candidate_select_tsfade_noise5,5%,D_t^0.7437404 H = -1.106*Hx + 0.3657 D_x^1.700993 H,1,19,False,Hxxx + H*Hx,Hxxx + H*Hx,uxxx+u*ux+ut+uxt,0.796928,,0.847982,4,0.2,0,2,0.999,n/a,-4.55357,n/a,6.23522,6.03522,5.5828,2.262e+02,Hxxx+H*Hx
candidate_select_tsfade_noise5,5%,D_t^0.7437404 H = -1.106*Hx + 0.3657 D_x^1.700993 H,1,20,False,H,H,ut+u,0.826395,,0.826395,1,0.05,0,2,0.999,n/a,n/a,n/a,6.27801,6.22801,6.22128,6.7365,H
candidate_select_tsfade_noise5,5%,D_t^0.7437404 H = -1.106*Hx + 0.3657 D_x^1.700993 H,1,21,False,Hxxx,Hxxx,ut+uxxx,0.798511,,0.798511,2,0.1,0,2,0.999,n/a,-4.689,n/a,6.53114,6.43114,6.36889,62.2536,Hxxx
candidate_select_tsfade_noise5,5%,D_t^0.7437404 H = -1.106*Hx + 0.3657 D_x^1.700993 H,1,22,False,H*Hx,H*Hx,ux*u+ut^3+ut,0.806396,,0.806396,2,0.1,0,2,0.999,n/a,n/a,n/a,6.59012,6.49012,6.47874,11.3861,H*Hx
candidate_select_tsfade_noise5,5%,D_t^0.7437404 H = -1.106*Hx + 0.3657 D_x^1.700993 H,1,23,False,H^2 + H*Hx,H*Hx + H^2,u*ux+ut+u^2,0.806396,,0.806396,3.5,0.175,0,2,0.999,n/a,n/a,n/a,6.81131,6.63631,6.47874,1.576e+02,H*Hx
candidate_select_tsfade_noise5,5%,D_t^0.7437404 H = -1.106*Hx + 0.3657 D_x^1.700993 H,1,24,False,H + Hxxx + H^2*Hx,H^2*Hx + Hxxx + H,ut+ux*u^2+uxxx+u,0.798511,,0.798511,5.5,0.275,0,2,0.999,n/a,-4.689,n/a,8.0879,7.8129,6.36889,1.444e+03,Hxxx
candidate_select_tsfade_noise5,5%,D_t^0.7437404 H = -1.106*Hx + 0.3657 D_x^1.700993 H,2,1,False,Hx + D_x^beta H,Hxx + Hx,uxx+ut+ux,0.9383,,0.99841,2.5,0.125,0,2,0.75728,1.86303,-1.03041,0.514573,1.31153,1.18653,0.973774,1.064e+02,Hx+D_x^1.863028 H
candidate_select_tsfade_noise5,5%,D_t^0.7437404 H = -1.106*Hx + 0.3657 D_x^1.700993 H,2,2,False,Hx + D_x^beta H + H*Hx,Hxx + H*Hx + Hx,ut+uxx+ux*u+ux,0.938627,,0.998758,4.5,0.225,0,2,0.74374,1.70099,-1.10586,0.365716,1.45382,1.22882,0.959943,1.344e+02,Hx+D_x^1.700993 H
candidate_select_tsfade_noise5,5%,D_t^0.7437404 H = -1.106*Hx + 0.3657 D_x^1.700993 H,2,3,False,Hx + H^2,H^2 + Hx,ut+u^2+ux,0.936712,,0.99672,2.5,0.125,0,2,0.698503,n/a,-1.18454,n/a,2.1892,2.0642,1.41154,3.263e+02,Hx+H^2
candidate_select_tsfade_noise5,5%,D_t^0.7437404 H = -1.106*Hx + 0.3657 D_x^1.700993 H,2,4,False,H + Hx + H^2,Hx + H^2 + H,ux+ut+u^2+u,0.903292,,0.998581,3.5,0.175,0,2,0.730701,n/a,-1.10729,n/a,2.19133,2.01633,1.07009,3.154e+02,H+Hx+H^2
candidate_select_tsfade_noise5,5%,D_t^0.7437404 H = -1.106*Hx + 0.3657 D_x^1.700993 H,2,5,False,Hx + H*Hxxx,Hx + H*Hxxx + Hx,uxxt+ut+ux+uxxx*u+ux,0.935832,,0.995784,4,0.2,0,2,0.685046,n/a,-1.29925,n/a,2.36684,2.16684,2.1299,18.473,Hx+H*Hxxx
candidate_select_tsfade_noise5,5%,D_t^0.7437404 H = -1.106*Hx + 0.3657 D_x^1.700993 H,2,6,False,Hx,Hx,ux,0.994983,,0.994983,1,0.05,0,2,0.671218,n/a,-1.27684,n/a,2.50503,2.45503,2.44575,9.27928,Hx
candidate_select_tsfade_noise5,5%,D_t^0.7437404 H = -1.106*Hx + 0.3657 D_x^1.700993 H,2,7,False,D_x^beta H,Hxx,uxx+uxt+utt,0.975959,,0.975959,1.5,0.075,0.1,2,0.999,2,n/a,2.88134,2.50577,2.33077,2.29765,33.1185,D_x^2 H
candidate_select_tsfade_noise5,5%,D_t^0.7437404 H = -1.106*Hx + 0.3657 D_x^1.700993 H,2,8,False,Hx + H*Hx,H*Hx + Hx,u*ux+ux+uxxt+ut,0.994257,,0.994257,3,0.15,0,2,0.673027,n/a,-1.27385,n/a,2.6255,2.4755,2.44546,30.0411,Hx
candidate_select_tsfade_noise5,5%,D_t^0.7437404 H = -1.106*Hx + 0.3657 D_x^1.700993 H,2,9,False,H + D_x^beta H,H + Hxx,u+uxx+ut,0.922296,,0.981381,2.5,0.125,0.1,2,0.999,2,n/a,2.8373,2.65098,2.42598,1.98429,2.208e+02,H+D_x^2 H
candidate_select_tsfade_noise5,5%,D_t^0.7437404 H = -1.106*Hx + 0.3657 D_x^1.700993 H,2,10,False,Hx + Hxxx,Hxxx + Hx,uxxx+ut+ux,0.931152,,0.990804,3,0.15,0,2,0.660307,n/a,-1.32007,n/a,2.71232,2.56232,2.35654,1.029e+02,Hx+Hxxx
candidate_select_tsfade_noise5,5%,D_t^0.7437404 H = -1.106*Hx + 0.3657 D_x^1.700993 H,2,11,False,D_x^beta H + H*Hx,Hxx + H*Hx,uxx+u*ux+ut,0.975959,,0.975959,3.5,0.175,0.1,2,0.999,2,n/a,2.88134,2.73707,2.46207,2.29765,1.644e+02,D_x^2 H
candidate_select_tsfade_noise5,5%,D_t^0.7437404 H = -1.106*Hx + 0.3657 D_x^1.700993 H,2,12,False,D_x^beta H + Hxxx + H*Hx,H*Hx + Hxx + Hxxx,u*ux+ut+uxx+uxxx,0.919407,,0.978307,5.5,0.275,0.1,2,0.999,2,-1.23684,2.91359,3.0181,2.6431,2.12468,2.592e+02,D_x^2 H+Hxxx
candidate_select_tsfade_noise5,5%,D_t^0.7437404 H = -1.106*Hx + 0.3657 D_x^1.700993 H,2,13,False,D_x^beta H + H^2,Hxx + H^2,utt+uxx+u^2,0.976791,,0.976791,3,0.15,0.1,2,0.999,2,n/a,2.91123,4.1571,3.9071,2.30673,1.600e+03,D_x^2 H
candidate_select_tsfade_noise5,5%,D_t^0.7437404 H = -1.106*Hx + 0.3657 D_x^1.700993 H,2,14,False,H + H^2,H + H^2,u+ut+u^2,0.862665,,0.91793,2.5,0.125,0,2,0.999,n/a,n/a,n/a,4.38262,4.25762,4.15635,50.6358,H+H^2
candidate_select_tsfade_noise5,5%,D_t^0.7437404 H = -1.106*Hx + 0.3657 D_x^1.700993 H,2,15,False,H + H*Hx,H + H*Hx,u+u*ux+ut,0.80874,,0.86055,3,0.15,0,2,0.999,n/a,n/a,n/a,5.78854,5.63854,5.59572,21.4061,H+H*Hx
candidate_select_tsfade_noise5,5%,D_t^0.7437404 H = -1.106*Hx + 0.3657 D_x^1.700993 H,2,16,False,Hxxx + H*Hx,H*Hx + Hxxx,ut+ux*u+uxxx,0.796928,,0.847982,4,0.2,0,2,0.999,n/a,-4.55357,n/a,6.23522,6.03522,5.5828,2.262e+02,Hxxx+H*Hx
candidate_select_tsfade_noise5,5%,D_t^0.7437404 H = -1.106*Hx + 0.3657 D_x^1.700993 H,2,17,False,H,H,u,0.826395,,0.826395,1,0.05,0,2,0.999,n/a,n/a,n/a,6.27801,6.22801,6.22128,6.7365,H
candidate_select_tsfade_noise5,5%,D_t^0.7437404 H = -1.106*Hx + 0.3657 D_x^1.700993 H,2,18,False,Hxxx,Hxxx,uxxx+ut,0.798511,,0.798511,2,0.1,0,2,0.999,n/a,-4.689,n/a,6.53114,6.43114,6.36889,62.2536,Hxxx
candidate_select_tsfade_noise5,5%,D_t^0.7437404 H = -1.106*Hx + 0.3657 D_x^1.700993 H,2,19,False,H*Hx,H*Hx,ut+ux*u,0.806396,,0.806396,2,0.1,0,2,0.999,n/a,n/a,n/a,6.59012,6.49012,6.47874,11.3861,H*Hx
candidate_select_tsfade_noise5,5%,D_t^0.7437404 H = -1.106*Hx + 0.3657 D_x^1.700993 H,2,20,False,Hxxx + H^2*Hx,Hxxx + H^2*Hx,uxxx+ux*u*u+ut,0.798511,,0.798511,4.5,0.225,0,2,0.999,n/a,-4.689,n/a,8.03746,7.81246,6.36889,1.444e+03,Hxxx
candidate_select_tsfade_noise5,5%,D_t^0.7437404 H = -1.106*Hx + 0.3657 D_x^1.700993 H,2,21,False,Hxxx + H*Hx + H^2*Hx,H*Hx + Hxxx + H^2*Hx,ux*u+uxxx+u^2*ux+ut,0.891548,,0.985598,6.5,0.325,0,2,0.721418,n/a,-4.1883,n/a,8.28498,7.95998,3.45651,1.501e+03,Hxxx+H*Hx+H^2*Hx
candidate_select_tsfade_noise5,5%,D_t^0.7437404 H = -1.106*Hx + 0.3657 D_x^1.700993 H,3,1,False,Hx + D_x^beta H,Hxx + Hx,uxx+ux,0.938627,,0.998758,2.5,0.125,0,2,0.74374,1.70099,-1.10586,0.365716,1.20749,1.08249,0.959943,61.2745,Hx+D_x^1.700993 H
candidate_select_tsfade_noise5,5%,D_t^0.7437404 H = -1.106*Hx + 0.3657 D_x^1.700993 H,3,2,False,H + Hx,Hx + H,ux+u,0.937125,,0.99716,2,0.1,0,2,0.698773,n/a,-1.20407,n/a,1.85438,1.75438,1.68821,33.0883,H+Hx
candidate_select_tsfade_noise5,5%,D_t^0.7437404 H = -1.106*Hx + 0.3657 D_x^1.700993 H,3,3,False,Hx + H^2,H^2 + Hx,u^2+ut+ux,0.936712,,0.99672,2.5,0.125,0,2,0.698503,n/a,-1.18454,n/a,2.1892,2.0642,1.41154,3.263e+02,Hx+H^2
candidate_select_tsfade_noise5,5%,D_t^0.7437404 H = -1.106*Hx + 0.3657 D_x^1.700993 H,3,4,False,Hx,Hx,ux,0.994983,,0.994983,1,0.05,0,2,0.671218,n/a,-1.27684,n/a,2.50503,2.45503,2.44575,9.27928,Hx
candidate_select_tsfade_noise5,5%,D_t^0.7437404 H = -1.106*Hx + 0.3657 D_x^1.700993 H,3,5,False,D_x^beta H,Hxx,utt+uxx+ut^2,0.975959,,0.975959,1.5,0.075,0.1,2,0.999,2,n/a,2.88134,2.50577,2.33077,2.29765,33.1185,D_x^2 H
candidate_select_tsfade_noise5,5%,D_t^0.7437404 H = -1.106*Hx + 0.3657 D_x^1.700993 H,3,6,False,Hx + H*Hx,H*Hx + Hx,ut+uxxt+ux*u+ux,0.994257,,0.994257,3,0.15,0,2,0.673027,n/a,-1.27385,n/a,2.6255,2.4755,2.44546,30.0411,Hx
candidate_select_tsfade_noise5,5%,D_t^0.7437404 H = -1.106*Hx + 0.3657 D_x^1.700993 H,3,7,False,H + D_x^beta H,Hxx + H,uxx+u+utt,0.922296,,0.981381,2.5,0.125,0.1,2,0.999,2,n/a,2.8373,2.65098,2.42598,1.98429,2.208e+02,H+D_x^2 H
candidate_select_tsfade_noise5,5%,D_t^0.7437404 H = -1.106*Hx + 0.3657 D_x^1.700993 H,3,8,False,Hx + Hxxx,Hxxx + Hx,ut+uxxx+ux,0.931152,,0.990804,3,0.15,0,2,0.660307,n/a,-1.32007,n/a,2.71232,2.56232,2.35654,1.029e+02,Hx+Hxxx
candidate_select_tsfade_noise5,5%,D_t^0.7437404 H = -1.106*Hx + 0.3657 D_x^1.700993 H,3,9,False,D_x^beta H + H*Hx,H*Hx + Hxx,ux*u+ut+uxx,0.975959,,0.975959,3.5,0.175,0.1,2,0.999,2,n/a,2.88134,2.73707,2.46207,2.29765,1.644e+02,D_x^2 H
candidate_select_tsfade_noise5,5%,D_t^0.7437404 H = -1.106*Hx + 0.3657 D_x^1.700993 H,3,10,False,D_x^beta H + Hxxx + H*Hx,Hxx + H*Hx + Hxxx,uxx+ux*u+ut+uxxx,0.919407,,0.978307,5.5,0.275,0.1,2,0.999,2,-1.23684,2.91359,3.0181,2.6431,2.12468,2.592e+02,D_x^2 H+Hxxx
candidate_select_tsfade_noise5,5%,D_t^0.7437404 H = -1.106*Hx + 0.3657 D_x^1.700993 H,3,11,False,Hx + Hxxx + H*Hx,Hxxx + H*Hx + Hx,uxxx+ut+u*ux+ux,0.934654,,0.99453,5,0.25,0,2,0.684659,n/a,-1.28825,n/a,3.07065,2.82065,2.32598,2.473e+02,Hx+Hxxx
candidate_select_tsfade_noise5,5%,D_t^0.7437404 H = -1.106*Hx + 0.3657 D_x^1.700993 H,3,12,False,H + H*Hxx,H*Hxx + H,u*uxx+u,0.890997,,0.948077,3,0.15,0,2,0.999,n/a,n/a,n/a,3.53786,3.38786,3.36062,13.6211,H+H*Hxx
candidate_select_tsfade_noise5,5%,D_t^0.7437404 H = -1.106*Hx + 0.3657 D_x^1.700993 H,3,13,False,D_x^beta H + H^2,Hxx + H^2,uxx+ut^3+u^2+ut,0.976791,,0.976791,3,0.15,0.1,2,0.999,2,n/a,2.91123,4.1571,3.9071,2.30673,1.600e+03,D_x^2 H
candidate_select_tsfade_noise5,5%,D_t^0.7437404 H = -1.106*Hx + 0.3657 D_x^1.700993 H,3,14,False,H + D_x^beta H + H^2,H + H^2 + Hxx,u+ut+u^2+uxx,0.976791,,0.976791,4,0.2,0.1,2,0.999,2,n/a,2.91123,4.23895,3.93895,2.30673,1.632e+03,D_x^2 H
candidate_select_tsfade_noise5,5%,D_t^0.7437404 H = -1.106*Hx + 0.3657 D_x^1.700993 H,3,15,False,Hx + Hxxx + H^2*Hx,H^2*Hx + Hxxx + Hx,ut+ux*u^2+utt+uxxx+ux,0.935161,,0.99507,5.5,0.275,0,2,0.683263,n/a,-1.29053,n/a,5.45214,5.17714,2.32745,1.425e+03,Hx+Hxxx
candidate_select_tsfade_noise5,5%,D_t^0.7437404 H = -1.106*Hx + 0.3657 D_x^1.700993 H,3,16,False,H + H*Hx,H*Hx + H,ux*u+u+ut,0.80874,,0.86055,3,0.15,0,2,0.999,n/a,n/a,n/a,5.78854,5.63854,5.59572,21.4061,H+H*Hx
candidate_select_tsfade_noise5,5%,D_t^0.7437404 H = -1.106*Hx + 0.3657 D_x^1.700993 H,3,17,False,H,H,u,0.826395,,0.826395,1,0.05,0,2,0.999,n/a,n/a,n/a,6.27801,6.22801,6.22128,6.7365,H
candidate_select_tsfade_noise5,5%,D_t^0.7437404 H = -1.106*Hx + 0.3657 D_x^1.700993 H,3,18,False,H*Hx,H*Hx,uxxt+ux*u,0.806396,,0.806396,2,0.1,0,2,0.999,n/a,n/a,n/a,6.59012,6.49012,6.47874,11.3861,H*Hx
candidate_select_tsfade_noise5,5%,D_t^0.7437404 H = -1.106*Hx + 0.3657 D_x^1.700993 H,3,19,False,Hxxx + H^2*Hx,Hxxx + H^2*Hx,uxxx+ux*u^2+ut,0.798511,,0.798511,4.5,0.225,0,2,0.999,n/a,-4.689,n/a,8.03746,7.81246,6.36889,1.444e+03,Hxxx
candidate_select_tsfade_noise5,5%,D_t^0.7437404 H = -1.106*Hx + 0.3657 D_x^1.700993 H,3,20,False,Hxxx + H*Hx + H^2*Hx,Hxxx + H^2*Hx + H*Hx,ut+uxxx+u^2*ux+u*ux,0.891548,,0.985598,6.5,0.325,0,2,0.721418,n/a,-4.1883,n/a,8.28498,7.95998,3.45651,1.501e+03,Hxxx+H*Hx+H^2*Hx
candidate_select_tsfade_noise5,5%,D_t^0.7437404 H = -1.106*Hx + 0.3657 D_x^1.700993 H,3,21,False,D_x^beta H + Hxxx + H^2,H^2 + Hxx + Hxxx,u^2+utt+uxx+uxxx,0.919407,,0.978307,5,0.25,0.1,2,0.999,2,-1.23684,2.91359,13.4923,13.1423,2.12468,5.509e+03,D_x^2 H+Hxxx
candidate_select_tsfade_noise5,5%,D_t^0.7437404 H = -1.106*Hx + 0.3657 D_x^1.700993 H,4,1,False,Hx + D_x^beta H,Hx + Hxx,ux+ut+uxx,0.9383,,0.99841,2.5,0.125,0,2,0.75728,1.86303,-1.03041,0.514573,1.31153,1.18653,0.973774,1.064e+02,Hx+D_x^1.863028 H
candidate_select_tsfade_noise5,5%,D_t^0.7437404 H = -1.106*Hx + 0.3657 D_x^1.700993 H,4,2,False,Hx + D_x^beta H + H*Hx,Hx + H*Hx + Hxx,ux+ut+u*ux+uxx,0.938627,,0.998758,4.5,0.225,0,2,0.74374,1.70099,-1.10586,0.365716,1.45382,1.22882,0.959943,1.344e+02,Hx+D_x^1.700993 H
candidate_select_tsfade_noise5,5%,D_t^0.7437404 H = -1.106*Hx + 0.3657 D_x^1.700993 H,4,3,False,Hx + D_x^beta H + Hxxx + H*Hx,Hxx + Hxxx + Hx + H*Hx,uxx+ut+uxxx+ux+u*ux,0.938543,,0.998668,6.5,0.325,0,2,0.749237,1.74152,-1.07943,0.401402,1.91136,1.58636,0.96448,3.109e+02,Hx+D_x^1.741521 H
candidate_select_tsfade_noise5,5%,D_t^0.7437404 H = -1.106*Hx + 0.3657 D_x^1.700993 H,4,4,False,Hx + H^2,H^2 + Hx,u^2+ut+ux,0.937784,,0.997862,2.5,0.125,0,2,0.711655,n/a,-1.16593,n/a,2.06086,1.93586,1.40733,2.643e+02,Hx+H^2
candidate_select_tsfade_noise5,5%,D_t^0.7437404 H = -1.106*Hx + 0.3657 D_x^1.700993 H,4,5,False,Hx,Hx,ut+ux,0.994983,,0.994983,1,0.05,0,2,0.671218,n/a,-1.27684,n/a,2.50503,2.45503,2.44575,9.27928,Hx
candidate_select_tsfade_noise5,5%,D_t^0.7437404 H = -1.106*Hx + 0.3657 D_x^1.700993 H,4,6,False,D_x^beta H,Hxx,uxx+utt+ut,0.975959,,0.975959,1.5,0.075,0.1,2,0.999,2,n/a,2.88134,2.50577,2.33077,2.29765,33.1185,D_x^2 H
candidate_select_tsfade_noise5,5%,D_t^0.7437404 H = -1.106*Hx + 0.3657 D_x^1.700993 H,4,7,False,D_x^beta H + Hxxx,Hxxx + Hxx,uxxx+ut+ut^3+uxx,0.919407,,0.978307,3.5,0.175,0.1,2,0.999,2,-1.23684,2.91359,2.54463,2.26963,2.12468,72.478,D_x^2 H+Hxxx
candidate_select_tsfade_noise5,5%,D_t^0.7437404 H = -1.106*Hx + 0.3657 D_x^1.700993 H,4,8,False,Hx + H*Hx,Hx + H*Hx,ux+ut+uxxt+u*ux,0.994257,,0.994257,3,0.15,0,2,0.673027,n/a,-1.27385,n/a,2.6255,2.4755,2.44546,30.0411,Hx
candidate_select_tsfade_noise5,5%,D_t^0.7437404 H = -1.106*Hx + 0.3657 D_x^1.700993 H,4,9,False,H + D_x^beta H,Hxx + H,uxx+u+utt,0.922296,,0.981381,2.5,0.125,0.1,2,0.999,2,n/a,2.8373,2.65098,2.42598,1.98429,2.208e+02,H+D_x^2 H
candidate_select_tsfade_noise5,5%,D_t^0.7437404 H = -1.106*Hx + 0.3657 D_x^1.700993 H,4,10,False,Hx + Hxxx,Hxxx + Hx + Hx,uxxx+ut+ux+ux,0.931152,,0.990804,3,0.15,0,2,0.660307,n/a,-1.32007,n/a,2.71232,2.56232,2.35654,1.029e+02,Hx+Hxxx
candidate_select_tsfade_noise5,5%,D_t^0.7437404 H = -1.106*Hx + 0.3657 D_x^1.700993 H,4,11,False,D_x^beta H + H*Hx,H*Hx + Hxx,ut+ux*u+uxx,0.975959,,0.975959,3.5,0.175,0.1,2,0.999,2,n/a,2.88134,2.73707,2.46207,2.29765,1.644e+02,D_x^2 H
candidate_select_tsfade_noise5,5%,D_t^0.7437404 H = -1.106*Hx + 0.3657 D_x^1.700993 H,4,12,False,H + Hx + Hxxx + H*Hx,Hx + H*Hx + Hxxx + H,ux+u*ux+uxxx+ut+u,0.902585,,0.997799,6,0.3,0,2,0.716889,n/a,-1.21439,n/a,2.981,2.681,1.40965,4.238e+02,H+Hx+Hxxx
candidate_select_tsfade_noise5,5%,D_t^0.7437404 H = -1.106*Hx + 0.3657 D_x^1.700993 H,4,13,False,D_x^beta H + H^2,Hxx + H^2,ut+uxx+uxt+u^2,0.976791,,0.976791,3,0.15,0.1,2,0.999,2,n/a,2.91123,4.1571,3.9071,2.30673,1.600e+03,D_x^2 H
candidate_select_tsfade_noise5,5%,D_t^0.7437404 H = -1.106*Hx + 0.3657 D_x^1.700993 H,4,14,False,H + D_x^beta H + H^2,H^2 + Hxx + H,utt+u^2+uxx+u,0.976791,,0.976791,4,0.2,0.1,2,0.999,2,n/a,2.91123,4.23895,3.93895,2.30673,1.632e+03,D_x^2 H
candidate_select_tsfade_noise5,5%,D_t^0.7437404 H = -1.106*Hx + 0.3657 D_x^1.700993 H,4,15,False,H + H^2,H + H^2,u+ut+u^2,0.862665,,0.91793,2.5,0.125,0,2,0.999,n/a,n/a,n/a,4.38262,4.25762,4.15635,50.6358,H+H^2
candidate_select_tsfade_noise5,5%,D_t^0.7437404 H = -1.106*Hx + 0.3657 D_x^1.700993 H,4,16,False,H*Hx + H^2*Hx,H^2*Hx + H*Hx,ux*u^2+u*ux+ut,0.921789,,0.980842,4.5,0.225,0,2,0.68901,n/a,n/a,n/a,4.81959,4.59459,4.47117,61.7078,H*Hx+H^2*Hx
candidate_select_tsfade_noise5,5%,D_t^0.7437404 H = -1.106*Hx + 0.3657 D_x^1.700993 H,4,17,False,Hx + Hxxx + H^2*Hx,Hx + H^2*Hx + Hxxx,ux+u^2*ux+uxxx+ut,0.935161,,0.99507,5.5,0.275,0,2,0.683263,n/a,-1.29053,n/a,5.45214,5.17714,2.32745,1.425e+03,Hx+Hxxx
candidate_select_tsfade_noise5,5%,D_t^0.7437404 H = -1.106*Hx + 0.3657 D_x^1.700993 H,4,18,False,H + H*Hx,H + H*Hx,u+u*ux+ut,0.80874,,0.86055,3,0.15,0,2,0.999,n/a,n/a,n/a,5.78854,5.63854,5.59572,21.4061,H+H*Hx
candidate_select_tsfade_noise5,5%,D_t^0.7437404 H = -1.106*Hx + 0.3657 D_x^1.700993 H,4,19,False,Hxxx + H*Hx,H*Hx + Hxxx,ux*u+ut+uxxx,0.796928,,0.847982,4,0.2,0,2,0.999,n/a,-4.55357,n/a,6.23522,6.03522,5.5828,2.262e+02,Hxxx+H*Hx
candidate_select_tsfade_noise5,5%,D_t^0.7437404 H = -1.106*Hx + 0.3657 D_x^1.700993 H,4,20,False,H,H,u,0.826395,,0.826395,1,0.05,0,2,0.999,n/a,n/a,n/a,6.27801,6.22801,6.22128,6.7365,H
candidate_select_tsfade_noise5,5%,D_t^0.7437404 H = -1.106*Hx + 0.3657 D_x^1.700993 H,4,21,False,Hxxx,Hxxx,uxxx,0.798511,,0.798511,2,0.1,0,2,0.999,n/a,-4.689,n/a,6.53114,6.43114,6.36889,62.2536,Hxxx
candidate_select_tsfade_noise5,5%,D_t^0.7437404 H = -1.106*Hx + 0.3657 D_x^1.700993 H,4,22,False,H*Hx,H*Hx,ux*u+ut,0.806396,,0.806396,2,0.1,0,2,0.999,n/a,n/a,n/a,6.59012,6.49012,6.47874,11.3861,H*Hx
candidate_select_tsfade_noise5,5%,D_t^0.7437404 H = -1.106*Hx + 0.3657 D_x^1.700993 H,4,23,False,H*Hxxx,H*Hxxx,u*uxxx,0.792645,,0.792645,3,0.15,0,2,0.999,n/a,n/a,n/a,6.65687,6.50687,6.4976,9.27197,H*Hxxx
candidate_select_tsfade_noise5,5%,D_t^0.7437404 H = -1.106*Hx + 0.3657 D_x^1.700993 H,4,24,False,Hxxx + H^2*Hx,H^2*Hx + Hxxx,ux*u^2+ut+uxxx,0.798511,,0.798511,4.5,0.225,0,2,0.999,n/a,-4.689,n/a,8.03746,7.81246,6.36889,1.444e+03,Hxxx
candidate_select_tsfade_noise5,5%,D_t^0.7437404 H = -1.106*Hx + 0.3657 D_x^1.700993 H,4,25,False,H^2,H^2,u^2,0.758306,,0.758306,1.5,0.075,0,2,0.999,n/a,n/a,n/a,inf,7.33374,7.33374,48.6514,alpha_correction
candidate_select_tsfade_noise25,25%,D_t^0.82134276 H = -0.8609*Hx + 0.5075 D_x^1.86859 H,0,1,True,Hx + D_x^beta H,Hxx + Hx,uxx+ut+ux,0.93455,,0.99442,2.5,0.125,0,1.7,0.821343,1.86859,-0.860855,0.507527,1.92263,1.79763,1.69274,52.4492,Hx+D_x^1.86859 H
candidate_select_tsfade_noise25,25%,D_t^0.82134276 H = -0.8609*Hx + 0.5075 D_x^1.86859 H,0,2,False,H + D_x^beta H,Hxx + H,utt+uxx+u,0.918901,,0.977769,2.5,0.125,0,1.8,0.999,1.95,n/a,1.7944,2.72302,2.59802,2.44734,75.3418,H+D_x^1.95 H
candidate_select_tsfade_noise25,25%,D_t^0.82134276 H = -0.8609*Hx + 0.5075 D_x^1.86859 H,0,3,False,D_x^beta H,Hxx,utt+uxx,0.972442,,0.972442,1.5,0.075,0,1.8,0.999,1.95,n/a,1.88627,2.77019,2.69519,2.68392,11.2693,D_x^1.95 H
candidate_select_tsfade_noise25,25%,D_t^0.82134276 H = -0.8609*Hx + 0.5075 D_x^1.86859 H,0,4,False,D_x^beta H + H*Hx,H*Hx + Hxx,ux*u+uxx,0.914912,,0.973523,3.5,0.175,0,1.7,0.999,1.85,n/a,1.33078,2.88395,2.70895,2.6319,38.5261,D_x^1.85 H+H*Hx
candidate_select_tsfade_noise25,25%,D_t^0.82134276 H = -0.8609*Hx + 0.5075 D_x^1.86859 H,0,5,False,H + Hx + D_x^beta H + Hxxx,Hx + H + Hxxx + Hxx,ux+utt+u+uxxx+uxx,0.900809,,0.995836,5.5,0.275,0,2,0.818196,1.85966,-0.838128,0.546443,3.07922,2.80422,1.53951,4.216e+02,Hx+D_x^1.859661 H+Hxxx
candidate_select_tsfade_noise25,25%,D_t^0.82134276 H = -0.8609*Hx + 0.5075 D_x^1.86859 H,0,6,False,D_x^beta H + Hxxx + H*Hx,Hxx + H*Hx + Hxxx,ut+uxx+ux*u+uxxx,0.920044,,0.978984,5.5,0.275,0,1.7,0.999,1.85,1.94379,1.60738,3.08344,2.80844,2.4131,1.977e+02,D_x^1.85 H+Hxxx
candidate_select_tsfade_noise25,25%,D_t^0.82134276 H = -0.8609*Hx + 0.5075 D_x^1.86859 H,0,7,False,Hx,Hx,ux,0.984606,,0.984606,1,0.05,0,2,0.743231,n/a,-1.03699,n/a,3.46063,3.41063,3.40418,6.44689,Hx
candidate_select_tsfade_noise25,25%,D_t^0.82134276 H = -0.8609*Hx + 0.5075 D_x^1.86859 H,0,8,False,Hx + H*Hx,H*Hx + Hx,uxxt+ut+ux*u+ux,0.984619,,0.984619,3,0.15,0,2,0.742246,n/a,-1.03569,n/a,3.58163,3.43163,3.40517,26.4639,Hx
candidate_select_tsfade_noise25,25%,D_t^0.82134276 H = -0.8609*Hx + 0.5075 D_x^1.86859 H,0,9,False,Hx + Hxxx,Hxxx + Hx,ut+uxxx+ux,0.92541,,0.984695,3,0.15,0,2,0.747113,n/a,-1.04758,n/a,3.64245,3.49245,3.36079,65.8284,Hx+Hxxx
candidate_select_tsfade_noise25,25%,D_t^0.82134276 H = -0.8609*Hx + 0.5075 D_x^1.86859 H,0,10,False,H + D_x^beta H + H^2,H + H^2 + Hxx,utt+u+u^2+uxx,0.972442,,0.972442,4,0.2,0,1.8,0.999,1.95,n/a,1.88627,4.38399,4.18399,2.68392,1.500e+03,D_x^1.95 H
candidate_select_tsfade_noise25,25%,D_t^0.82134276 H = -0.8609*Hx + 0.5075 D_x^1.86859 H,0,11,False,Hx + D_x^beta H + H^2,H^2 + Hx + Hxx,ut+u^2+ux+uxx,0.92543,,0.984716,4,0.2,0,1.7,0.836735,1.85,-0.76045,0.651501,4.80266,4.60266,2.02993,1.286e+03,Hx+D_x^1.85 H
candidate_select_tsfade_noise25,25%,D_t^0.82134276 H = -0.8609*Hx + 0.5075 D_x^1.86859 H,0,12,False,Hx + Hxxx + H^2*Hx,H^2*Hx + Hxxx + Hx,ux*u^2+ut+uxxx+ux,0.92541,,0.984695,5.5,0.275,0,2,0.747113,n/a,-1.04758,n/a,5.74836,5.47336,3.36079,1.056e+03,Hx+Hxxx
candidate_select_tsfade_noise25,25%,D_t^0.82134276 H = -0.8609*Hx + 0.5075 D_x^1.86859 H,0,13,False,H + H^2,H + H^2,u+u^2+ut,0.796027,,0.847022,2.5,0.125,0,2,0.999,n/a,n/a,n/a,6.52056,6.39556,6.28243,56.5623,H+H^2
candidate_select_tsfade_noise25,25%,D_t^0.82134276 H = -0.8609*Hx + 0.5075 D_x^1.86859 H,0,14,False,Hxxx + H*Hx,Hxxx + H*Hx,uxxx+ut+u*ux,0.785452,,0.83577,4,0.2,0,2,0.999,n/a,-2.56363,n/a,7.16608,6.96608,6.64351,1.613e+02,Hxxx+H*Hx
candidate_select_tsfade_noise25,25%,D_t^0.82134276 H = -0.8609*Hx + 0.5075 D_x^1.86859 H,0,15,False,H*Hx,H*Hx,u*ux+ut+uxt,0.810322,,0.810322,2,0.1,0,2,0.999,n/a,n/a,n/a,7.3039,7.2039,7.19448,9.41925,H*Hx
candidate_select_tsfade_noise25,25%,D_t^0.82134276 H = -0.8609*Hx + 0.5075 D_x^1.86859 H,0,16,False,H^2 + H*Hx,H^2 + H*Hx,ut+u^2+u*ux,0.810322,,0.810322,3.5,0.175,0,2,0.999,n/a,n/a,n/a,7.49942,7.32442,7.19448,1.299e+02,H*Hx
candidate_select_tsfade_noise25,25%,D_t^0.82134276 H = -0.8609*Hx + 0.5075 D_x^1.86859 H,0,17,False,H^2*Hx,H^2*Hx,ut+u^2*ux+uxxt,0.777498,,0.777498,2.5,0.125,0,2,0.999,n/a,n/a,n/a,7.94112,7.81612,7.772,44.1168,H^2*Hx
candidate_select_tsfade_noise25,25%,D_t^0.82134276 H = -0.8609*Hx + 0.5075 D_x^1.86859 H,0,18,False,Hxxx + H^2*Hx,H^2*Hx + Hxxx,ux*u^2+ut+uxxx,0.748879,,0.796854,4.5,0.225,0,2,0.999,n/a,-2.22527,n/a,9.7455,9.5205,7.37453,1.073e+03,Hxxx+H^2*Hx
candidate_select_tsfade_noise25,25%,D_t^0.82134276 H = -0.8609*Hx + 0.5075 D_x^1.86859 H,0,19,False,Hxxx + H^2 + H*Hx,H*Hx + Hxxx + H^2,ux*u+uxxx+u^2+ut,0.785452,,0.83577,5.5,0.275,0,2,0.999,n/a,-2.56363,n/a,11.4579,11.1829,6.64351,2.270e+03,Hxxx+H*Hx
candidate_select_tsfade_noise25,25%,D_t^0.82134276 H = -0.8609*Hx + 0.5075 D_x^1.86859 H,0,20,False,H^2,H^2,u^2,0.706901,,0.706901,1.5,0.075,0,2,0.999,n/a,n/a,n/a,inf,9.07461,9.07461,54.06,alpha_correction
candidate_select_tsfade_noise25,25%,D_t^0.82134276 H = -0.8609*Hx + 0.5075 D_x^1.86859 H,1,1,False,Hx + D_x^beta H,Hxx + Hx,uxx+ux,0.934935,,0.994829,2.5,0.125,0,1.7,0.81657,1.83417,-0.878386,0.469244,1.92327,1.79827,1.69107,53.6005,Hx+D_x^1.834173 H
candidate_select_tsfade_noise25,25%,D_t^0.82134276 H = -0.8609*Hx + 0.5075 D_x^1.86859 H,1,2,False,Hx + D_x^beta H + Hxxx,Hxx + Hxxx + Hx,ut+uxx+uxxx+ux,0.900723,,0.995741,4.5,0.225,0,1.8,0.818203,1.85486,-0.839256,0.541772,1.96231,1.73731,1.53945,65.9518,Hx+D_x^1.854864 H+Hxxx
candidate_select_tsfade_noise25,25%,D_t^0.82134276 H = -0.8609*Hx + 0.5075 D_x^1.86859 H,1,3,False,H + Hx,H + Hx,ut+u+ux,0.933498,,0.993301,2,0.1,0,2,0.767543,n/a,-0.995413,n/a,2.30572,2.20572,2.15011,27.8046,H+Hx
candidate_select_tsfade_noise25,25%,D_t^0.82134276 H = -0.8609*Hx + 0.5075 D_x^1.86859 H,1,4,False,H + Hx + D_x^beta H,H + Hxx + Hx,u+uxx+ux,0.93455,,0.99442,3.5,0.175,0,1.7,0.821343,1.86859,-0.860855,0.507527,2.3837,2.2087,1.69274,2.580e+02,Hx+D_x^1.86859 H
candidate_select_tsfade_noise25,25%,D_t^0.82134276 H = -0.8609*Hx + 0.5075 D_x^1.86859 H,1,5,False,Hx + H^2,Hx + H^2,ux+ut+u^2,0.9346,,0.994474,2.5,0.125,0,1.8,0.779026,n/a,-0.963347,n/a,2.43665,2.31165,1.86245,2.246e+02,Hx+H^2
candidate_select_tsfade_noise25,25%,D_t^0.82134276 H = -0.8609*Hx + 0.5075 D_x^1.86859 H,1,6,False,H + D_x^beta H,Hxx + H,uxx+ut+u,0.918901,,0.977769,2.5,0.125,0,1.8,0.999,1.95,n/a,1.7944,2.72302,2.59802,2.44734,75.3418,H+D_x^1.95 H
candidate_select_tsfade_noise25,25%,D_t^0.82134276 H = -0.8609*Hx + 0.5075 D_x^1.86859 H,1,7,False,D_x^beta H,Hxx,ut^3+utt+ut+uxx,0.972442,,0.972442,1.5,0.075,0,1.8,0.999,1.95,n/a,1.88627,2.77019,2.69519,2.68392,11.2693,D_x^1.95 H
candidate_select_tsfade_noise25,25%,D_t^0.82134276 H = -0.8609*Hx + 0.5075 D_x^1.86859 H,1,8,False,H + D_x^beta H + H*Hx,Hxx + H + H*Hx,uxx+u+ux*u+ut,0.88473,,0.978061,4.5,0.225,0,1.7,0.999,1.85,n/a,1.23642,2.8526,2.6276,2.41721,70.1324,H+D_x^1.85 H+H*Hx
candidate_select_tsfade_noise25,25%,D_t^0.82134276 H = -0.8609*Hx + 0.5075 D_x^1.86859 H,1,9,False,D_x^beta H + H*Hx,H*Hx + Hxx,ut+ux*u+uxx,0.914912,,0.973523,3.5,0.175,0,1.7,0.999,1.85,n/a,1.33078,2.88395,2.70895,2.6319,38.5261,D_x^1.85 H+H*Hx
candidate_select_tsfade_noise25,25%,D_t^0.82134276 H = -0.8609*Hx + 0.5075 D_x^1.86859 H,1,10,False,H + Hx + Hxxx,Hxxx + Hx + H,uxxx+ux+u,0.898701,,0.993506,4,0.2,0,1.7,0.770543,n/a,-1.00525,n/a,3.11166,2.91166,2.09774,2.713e+02,H+Hx+Hxxx
candidate_select_tsfade_noise25,25%,D_t^0.82134276 H = -0.8609*Hx + 0.5075 D_x^1.86859 H,1,11,False,Hx,Hx,ux,0.984606,,0.984606,1,0.05,0,2,0.743231,n/a,-1.03699,n/a,3.46063,3.41063,3.40418,6.44689,Hx
candidate_select_tsfade_noise25,25%,D_t^0.82134276 H = -0.8609*Hx + 0.5075 D_x^1.86859 H,1,12,False,D_x^beta H + H^2,H^2 + Hxx,u^2+uxx+utt,0.972442,,0.972442,3,0.15,0,1.8,0.999,1.95,n/a,1.88627,3.56325,3.41325,2.68392,7.293e+02,D_x^1.95 H
candidate_select_tsfade_noise25,25%,D_t^0.82134276 H = -0.8609*Hx + 0.5075 D_x^1.86859 H,1,13,False,Hx + H*Hx,Hx + H*Hx,ux+u*ux+ut+uxxt,0.984619,,0.984619,3,0.15,0,2,0.742246,n/a,-1.03569,n/a,3.58163,3.43163,3.40517,26.4639,Hx
candidate_select_tsfade_noise25,25%,D_t^0.82134276 H = -0.8609*Hx + 0.5075 D_x^1.86859 H,1,14,False,Hx + Hxxx,Hxxx + Hx,uxxx+ut+ux,0.92541,,0.984695,3,0.15,0,2,0.747113,n/a,-1.04758,n/a,3.64245,3.49245,3.36079,65.8284,Hx+Hxxx
candidate_select_tsfade_noise25,25%,D_t^0.82134276 H = -0.8609*Hx + 0.5075 D_x^1.86859 H,1,15,False,Hx + Hxxx + H*Hx,Hxxx + H*Hx + Hx,ut+uxxx+u*ux+ux,0.92541,,0.984695,5,0.25,0,2,0.747113,n/a,-1.04758,n/a,3.95421,3.70421,3.36079,1.717e+02,Hx+Hxxx
candidate_select_tsfade_noise25,25%,D_t^0.82134276 H = -0.8609*Hx + 0.5075 D_x^1.86859 H,1,16,False,H + H*Hx,H + H*Hx,ut+u+u*ux,0.797657,,0.848757,3,0.15,0,2,0.999,n/a,n/a,n/a,6.65253,6.50253,6.4681,17.2153,H+H*Hx
candidate_select_tsfade_noise25,25%,D_t^0.82134276 H = -0.8609*Hx + 0.5075 D_x^1.86859 H,1,17,False,H*Hx + H*Hxxx,H*Hx + H*Hxxx,ux*u+u*uxxx,0.789538,,0.840118,5,0.25,0,2,0.999,n/a,n/a,n/a,6.87146,6.62146,6.57901,21.2248,H*Hx+H*Hxxx
candidate_select_tsfade_noise25,25%,D_t^0.82134276 H = -0.8609*Hx + 0.5075 D_x^1.86859 H,1,18,False,Hxxx + H*Hx,Hxxx + H*Hx,uxxx+u*ux+ut+uxt,0.785452,,0.83577,4,0.2,0,2,0.999,n/a,-2.56363,n/a,7.16608,6.96608,6.64351,1.613e+02,Hxxx+H*Hx
candidate_select_tsfade_noise25,25%,D_t^0.82134276 H = -0.8609*Hx + 0.5075 D_x^1.86859 H,1,19,False,H*Hx,H*Hx,ux*u+ut^3+ut,0.810322,,0.810322,2,0.1,0,2,0.999,n/a,n/a,n/a,7.3039,7.2039,7.19448,9.41925,H*Hx
candidate_select_tsfade_noise25,25%,D_t^0.82134276 H = -0.8609*Hx + 0.5075 D_x^1.86859 H,1,20,False,H^2 + H*Hx,H*Hx + H^2,u*ux+ut+u^2,0.810322,,0.810322,3.5,0.175,0,2,0.999,n/a,n/a,n/a,7.49942,7.32442,7.19448,1.299e+02,H*Hx
candidate_select_tsfade_noise25,25%,D_t^0.82134276 H = -0.8609*Hx + 0.5075 D_x^1.86859 H,1,21,False,H,H,ut+u,0.75661,,0.75661,1,0.05,0,2,0.999,n/a,n/a,n/a,8.15997,8.10997,8.10267,7.29954,H
candidate_select_tsfade_noise25,25%,D_t^0.82134276 H = -0.8609*Hx + 0.5075 D_x^1.86859 H,1,22,False,Hxxx,Hxxx,ut+uxxx,0.708421,,0.708421,2,0.1,0,2,0.999,n/a,-1.07411,n/a,8.99708,8.89708,8.85817,38.9128,Hxxx
candidate_select_tsfade_noise25,25%,D_t^0.82134276 H = -0.8609*Hx + 0.5075 D_x^1.86859 H,1,23,False,H + Hxxx + H^2*Hx,H^2*Hx + Hxxx + H,ut+ux*u^2+uxxx+u,0.754854,,0.834484,5.5,0.275,0,2,0.999,n/a,-1.93771,n/a,10.1856,9.91061,6.67733,1.078e+03,H+Hxxx+H^2*Hx
candidate_select_tsfade_noise25,25%,D_t^0.82134276 H = -0.8609*Hx + 0.5075 D_x^1.86859 H,1,24,False,H^2,H^2,u^2,0.706901,,0.706901,1.5,0.075,0,2,0.999,n/a,n/a,n/a,inf,9.07461,9.07461,54.06,alpha_correction
candidate_select_tsfade_noise25,25%,D_t^0.82134276 H = -0.8609*Hx + 0.5075 D_x^1.86859 H,2,1,False,Hx + D_x^beta H,Hxx + Hx,uxx+ut+ux,0.934547,,0.994417,2.5,0.125,0,1.7,0.819402,1.84698,-0.868884,0.48785,1.92554,1.80054,1.69564,52.4492,Hx+D_x^1.846983 H
candidate_select_tsfade_noise25,25%,D_t^0.82134276 H = -0.8609*Hx + 0.5075 D_x^1.86859 H,2,2,False,Hx + D_x^beta H + H*Hx,Hxx + H*Hx + Hx,ut+uxx+ux*u+ux,0.93455,,0.99442,4.5,0.225,0,1.7,0.821343,1.86859,-0.860855,0.507527,2.20586,1.98086,1.69274,1.441e+02,Hx+D_x^1.86859 H
candidate_select_tsfade_noise25,25%,D_t^0.82134276 H = -0.8609*Hx + 0.5075 D_x^1.86859 H,2,3,False,Hx + H^2,H^2 + Hx,ut+u^2+ux,0.934838,,0.994727,2.5,0.125,0,2,0.778625,n/a,-0.964371,n/a,2.42627,2.30127,1.86118,2.200e+02,Hx+H^2
candidate_select_tsfade_noise25,25%,D_t^0.82134276 H = -0.8609*Hx + 0.5075 D_x^1.86859 H,2,4,False,H + D_x^beta H,H + Hxx,utt+u+ut+uxx,0.918901,,0.977769,2.5,0.125,0,1.8,0.999,1.95,n/a,1.7944,2.72302,2.59802,2.44734,75.3418,H+D_x^1.95 H
candidate_select_tsfade_noise25,25%,D_t^0.82134276 H = -0.8609*Hx + 0.5075 D_x^1.86859 H,2,5,False,D_x^beta H,Hxx,uxx+uxt+utt,0.972442,,0.972442,1.5,0.075,0,1.8,0.999,1.95,n/a,1.88627,2.77019,2.69519,2.68392,11.2693,D_x^1.95 H
candidate_select_tsfade_noise25,25%,D_t^0.82134276 H = -0.8609*Hx + 0.5075 D_x^1.86859 H,2,6,False,D_x^beta H + H*Hx,Hxx + H*Hx,uxx+u*ux+utt,0.914912,,0.973523,3.5,0.175,0,1.7,0.999,1.85,n/a,1.33078,2.88395,2.70895,2.6319,38.5261,D_x^1.85 H+H*Hx
candidate_select_tsfade_noise25,25%,D_t^0.82134276 H = -0.8609*Hx + 0.5075 D_x^1.86859 H,2,7,False,Hx,Hx,ux,0.984606,,0.984606,1,0.05,0,2,0.743231,n/a,-1.03699,n/a,3.46063,3.41063,3.40418,6.44689,Hx
candidate_select_tsfade_noise25,25%,D_t^0.82134276 H = -0.8609*Hx + 0.5075 D_x^1.86859 H,2,8,False,Hx + H*Hxxx,Hx + H*Hxxx + Hx,uxxt+ut+ux+uxxx*u+ux,0.926065,,0.985392,4,0.2,0,2,0.749193,n/a,-1.05202,n/a,3.498,3.298,3.28015,8.92615,Hx+H*Hxxx
candidate_select_tsfade_noise25,25%,D_t^0.82134276 H = -0.8609*Hx + 0.5075 D_x^1.86859 H,2,9,False,D_x^beta H + H^2,H^2 + Hxx,utt+u^2+uxxtt+uxx,0.972442,,0.972442,3,0.15,0,1.8,0.999,1.95,n/a,1.88627,3.56325,3.41325,2.68392,7.293e+02,D_x^1.95 H
candidate_select_tsfade_noise25,25%,D_t^0.82134276 H = -0.8609*Hx + 0.5075 D_x^1.86859 H,2,10,False,Hx + H*Hx,H*Hx + Hx,u*ux+ux+uxxt+ut,0.984619,,0.984619,3,0.15,0,2,0.742246,n/a,-1.03569,n/a,3.58163,3.43163,3.40517,26.4639,Hx
candidate_select_tsfade_noise25,25%,D_t^0.82134276 H = -0.8609*Hx + 0.5075 D_x^1.86859 H,2,11,False,Hx + Hxxx,Hx + Hxxx,ux+ut+uxxx,0.92541,,0.984695,3,0.15,0,2,0.747113,n/a,-1.04758,n/a,3.64245,3.49245,3.36079,65.8284,Hx+Hxxx
candidate_select_tsfade_noise25,25%,D_t^0.82134276 H = -0.8609*Hx + 0.5075 D_x^1.86859 H,2,12,False,H + D_x^beta H + H^2,Hxx + H + H^2,uxx+ut+u+u^2,0.972442,,0.972442,4,0.2,0,1.8,0.999,1.95,n/a,1.88627,4.38399,4.18399,2.68392,1.500e+03,D_x^1.95 H
candidate_select_tsfade_noise25,25%,D_t^0.82134276 H = -0.8609*Hx + 0.5075 D_x^1.86859 H,2,13,False,H + H^2,H + H^2,u+ut+u^2,0.796027,,0.847022,2.5,0.125,0,2,0.999,n/a,n/a,n/a,6.52056,6.39556,6.28243,56.5623,H+H^2
candidate_select_tsfade_noise25,25%,D_t^0.82134276 H = -0.8609*Hx + 0.5075 D_x^1.86859 H,2,14,False,H + H*Hx,H + H*Hx,u+u*ux+ut,0.797657,,0.848757,3,0.15,0,2,0.999,n/a,n/a,n/a,6.65253,6.50253,6.4681,17.2153,H+H*Hx
candidate_select_tsfade_noise25,25%,D_t^0.82134276 H = -0.8609*Hx + 0.5075 D_x^1.86859 H,2,15,False,Hxxx + H*Hx,H*Hx + Hxxx,ut+ux*u+uxxx,0.785452,,0.83577,4,0.2,0,2,0.999,n/a,-2.56363,n/a,7.16608,6.96608,6.64351,1.613e+02,Hxxx+H*Hx
candidate_select_tsfade_noise25,25%,D_t^0.82134276 H = -0.8609*Hx + 0.5075 D_x^1.86859 H,2,16,False,H*Hx,H*Hx,ut+ux*u,0.810322,,0.810322,2,0.1,0,2,0.999,n/a,n/a,n/a,7.3039,7.2039,7.19448,9.41925,H*Hx
candidate_select_tsfade_noise25,25%,D_t^0.82134276 H = -0.8609*Hx + 0.5075 D_x^1.86859 H,2,17,False,H^2 + H*Hx,H*Hx + H^2,ux*u+u^2+ut,0.810322,,0.810322,3.5,0.175,0,2,0.999,n/a,n/a,n/a,7.49942,7.32442,7.19448,1.299e+02,H*Hx
candidate_select_tsfade_noise25,25%,D_t^0.82134276 H = -0.8609*Hx + 0.5075 D_x^1.86859 H,2,18,False,H,H,u,0.75661,,0.75661,1,0.05,0,2,0.999,n/a,n/a,n/a,8.15997,8.10997,8.10267,7.29954,H
candidate_select_tsfade_noise25,25%,D_t^0.82134276 H = -0.8609*Hx + 0.5075 D_x^1.86859 H,2,19,False,Hxxx + H*Hx + H^2*Hx,H*Hx + Hxxx + H^2*Hx,ux*u+uxxx+u^2*ux+ut,0.875078,,0.96739,6.5,0.325,0,1.8,0.769575,n/a,-2.60937,n/a,8.37023,8.04523,4.77218,1.091e+03,Hxxx+H*Hx+H^2*Hx
candidate_select_tsfade_noise25,25%,D_t^0.82134276 H = -0.8609*Hx + 0.5075 D_x^1.86859 H,2,20,False,Hxxx,Hxxx,uxxx+ut,0.708421,,0.708421,2,0.1,0,2,0.999,n/a,-1.07411,n/a,8.99708,8.89708,8.85817,38.9128,Hxxx
candidate_select_tsfade_noise25,25%,D_t^0.82134276 H = -0.8609*Hx + 0.5075 D_x^1.86859 H,2,21,False,Hxxx + H^2*Hx,Hxxx + H^2*Hx,uxxx+ux*u*u+ut,0.748879,,0.796854,4.5,0.225,0,2,0.999,n/a,-2.22527,n/a,9.7455,9.5205,7.37453,1.073e+03,Hxxx+H^2*Hx
candidate_select_tsfade_noise25,25%,D_t^0.82134276 H = -0.8609*Hx + 0.5075 D_x^1.86859 H,3,1,False,Hx + D_x^beta H,Hxx + Hx,uxx+ux,0.934547,,0.994417,2.5,0.125,0,1.7,0.819402,1.84698,-0.868884,0.48785,1.92554,1.80054,1.69564,52.4492,Hx+D_x^1.846983 H
candidate_select_tsfade_noise25,25%,D_t^0.82134276 H = -0.8609*Hx + 0.5075 D_x^1.86859 H,3,2,False,H + Hx,Hx + H,ux+u,0.933498,,0.993301,2,0.1,0,1.8,0.767543,n/a,-0.995413,n/a,2.30572,2.20572,2.15011,27.8046,H+Hx
candidate_select_tsfade_noise25,25%,D_t^0.82134276 H = -0.8609*Hx + 0.5075 D_x^1.86859 H,3,3,False,Hx + H^2,H^2 + Hx,u^2+ut+ux,0.935504,,0.995435,2.5,0.125,0,1.8,0.774716,n/a,-0.970629,n/a,2.4086,2.2836,1.87134,2.061e+02,Hx+H^2
candidate_select_tsfade_noise25,25%,D_t^0.82134276 H = -0.8609*Hx + 0.5075 D_x^1.86859 H,3,4,False,H + D_x^beta H,H + Hxx,ut+u+uxx,0.918901,,0.977769,2.5,0.125,0,1.8,0.999,1.95,n/a,1.7944,2.72302,2.59802,2.44734,75.3418,H+D_x^1.95 H
candidate_select_tsfade_noise25,25%,D_t^0.82134276 H = -0.8609*Hx + 0.5075 D_x^1.86859 H,3,5,False,D_x^beta H,Hxx,ut+uxx,0.972442,,0.972442,1.5,0.075,0,1.8,0.999,1.95,n/a,1.88627,2.77019,2.69519,2.68392,11.2693,D_x^1.95 H
candidate_select_tsfade_noise25,25%,D_t^0.82134276 H = -0.8609*Hx + 0.5075 D_x^1.86859 H,3,6,False,D_x^beta H + H*Hx,H*Hx + Hxx,ux*u+ut+uxx,0.914912,,0.973523,3.5,0.175,0,1.7,0.999,1.85,n/a,1.33078,2.88395,2.70895,2.6319,38.5261,D_x^1.85 H+H*Hx
candidate_select_tsfade_noise25,25%,D_t^0.82134276 H = -0.8609*Hx + 0.5075 D_x^1.86859 H,3,7,False,Hx,Hx,ux+ut,0.984606,,0.984606,1,0.05,0,2,0.743231,n/a,-1.03699,n/a,3.46063,3.41063,3.40418,6.44689,Hx
candidate_select_tsfade_noise25,25%,D_t^0.82134276 H = -0.8609*Hx + 0.5075 D_x^1.86859 H,3,8,False,D_x^beta H + H^2,Hxx + H^2,uxx+ut^3+u^2+ut,0.972442,,0.972442,3,0.15,0,1.8,0.999,1.95,n/a,1.88627,3.56325,3.41325,2.68392,7.293e+02,D_x^1.95 H
candidate_select_tsfade_noise25,25%,D_t^0.82134276 H = -0.8609*Hx + 0.5075 D_x^1.86859 H,3,9,False,Hx + H*Hx,Hx + H*Hx,ux+u*ux+uxxt+ut,0.984619,,0.984619,3,0.15,0,2,0.742246,n/a,-1.03569,n/a,3.58163,3.43163,3.40517,26.4639,Hx
candidate_select_tsfade_noise25,25%,D_t^0.82134276 H = -0.8609*Hx + 0.5075 D_x^1.86859 H,3,10,False,Hx + Hxxx,Hxxx + Hx,uxxx+ux+ut+uxt,0.92541,,0.984695,3,0.15,0,1.8,0.747113,n/a,-1.04758,n/a,3.64245,3.49245,3.36079,65.8284,Hx+Hxxx
candidate_select_tsfade_noise25,25%,D_t^0.82134276 H = -0.8609*Hx + 0.5075 D_x^1.86859 H,3,11,False,H + D_x^beta H + H^2,Hxx + H + H^2,ut+uxx+u+u^2,0.972442,,0.972442,4,0.2,0,1.8,0.999,1.95,n/a,1.88627,4.38399,4.18399,2.68392,1.500e+03,D_x^1.95 H
candidate_select_tsfade_noise25,25%,D_t^0.82134276 H = -0.8609*Hx + 0.5075 D_x^1.86859 H,3,12,False,H + H*Hxx,H*Hxx + H,u*uxx+u,0.844003,,0.898072,3,0.15,0,2,0.999,n/a,n/a,n/a,5.2842,5.1342,5.11185,11.1752,H+H*Hxx
candidate_select_tsfade_noise25,25%,D_t^0.82134276 H = -0.8609*Hx + 0.5075 D_x^1.86859 H,3,13,False,Hx + Hxxx + H^2*Hx,Hxxx + H^2*Hx + Hx,uxxx+u^2*ux+ux+ut,0.92541,,0.984695,5.5,0.275,0,2,0.747113,n/a,-1.04758,n/a,5.74836,5.47336,3.36079,1.056e+03,Hx+Hxxx
candidate_select_tsfade_noise25,25%,D_t^0.82134276 H = -0.8609*Hx + 0.5075 D_x^1.86859 H,3,14,False,H + H^2,H^2 + H,ut+u^2+u,0.796027,,0.847022,2.5,0.125,0,2,0.999,n/a,n/a,n/a,6.52056,6.39556,6.28243,56.5623,H+H^2
candidate_select_tsfade_noise25,25%,D_t^0.82134276 H = -0.8609*Hx + 0.5075 D_x^1.86859 H,3,15,False,H + H*Hx,H*Hx + H,ux*u+u+ut,0.797657,,0.848757,3,0.15,0,2,0.999,n/a,n/a,n/a,6.65253,6.50253,6.4681,17.2153,H+H*Hx
candidate_select_tsfade_noise25,25%,D_t^0.82134276 H = -0.8609*Hx + 0.5075 D_x^1.86859 H,3,16,False,Hxxx + H*Hx,H*Hx + Hxxx,u*ux+ut+uxxx,0.785452,,0.83577,4,0.2,0,2,0.999,n/a,-2.56363,n/a,7.16608,6.96608,6.64351,1.613e+02,Hxxx+H*Hx
candidate_select_tsfade_noise25,25%,D_t^0.82134276 H = -0.8609*Hx + 0.5075 D_x^1.86859 H,3,17,False,H*Hx,H*Hx,uxxt+ux*u,0.810322,,0.810322,2,0.1,0,2,0.999,n/a,n/a,n/a,7.3039,7.2039,7.19448,9.41925,H*Hx
candidate_select_tsfade_noise25,25%,D_t^0.82134276 H = -0.8609*Hx + 0.5075 D_x^1.86859 H,3,18,False,H,H,uxxt+u,0.75661,,0.75661,1,0.05,0,2,0.999,n/a,n/a,n/a,8.15997,8.10997,8.10267,7.29954,H
candidate_select_tsfade_noise25,25%,D_t^0.82134276 H = -0.8609*Hx + 0.5075 D_x^1.86859 H,3,19,False,Hxxx + H*Hx + H^2*Hx,Hxxx + H^2*Hx + H*Hx,ut+uxxx+u^2*ux+u*ux,0.875078,,0.96739,6.5,0.325,0,1.8,0.769575,n/a,-2.60937,n/a,8.37023,8.04523,4.77218,1.091e+03,Hxxx+H*Hx+H^2*Hx
candidate_select_tsfade_noise25,25%,D_t^0.82134276 H = -0.8609*Hx + 0.5075 D_x^1.86859 H,3,20,False,Hxxx + H^2*Hx,H^2*Hx + Hxxx,ux*u^2+ut+uxxx,0.748879,,0.796854,4.5,0.225,0,2,0.999,n/a,-2.22527,n/a,9.7455,9.5205,7.37453,1.073e+03,Hxxx+H^2*Hx
candidate_select_tsfade_noise25,25%,D_t^0.82134276 H = -0.8609*Hx + 0.5075 D_x^1.86859 H,4,1,False,Hx + D_x^beta H,Hx + Hxx,ut+ux+uxx,0.934547,,0.994417,2.5,0.125,0,1.7,0.819402,1.84698,-0.868884,0.48785,1.92554,1.80054,1.69564,52.4492,Hx+D_x^1.846983 H
candidate_select_tsfade_noise25,25%,D_t^0.82134276 H = -0.8609*Hx + 0.5075 D_x^1.86859 H,4,2,False,Hx + D_x^beta H + Hxxx,Hxxx + Hxx + Hx,uxxx+ut+uxx+ux,0.900605,,0.995611,4.5,0.225,0,1.7,0.81749,1.8291,-0.84326,0.520848,1.96616,1.74116,1.53859,67.5226,Hx+D_x^1.829102 H+Hxxx
candidate_select_tsfade_noise25,25%,D_t^0.82134276 H = -0.8609*Hx + 0.5075 D_x^1.86859 H,4,3,False,Hx + D_x^beta H + H*Hx,H*Hx + Hx + Hxx,ux*u+ux+uxx+ut,0.93455,,0.99442,4.5,0.225,0,1.7,0.821343,1.86859,-0.860855,0.507527,2.20586,1.98086,1.69274,1.441e+02,Hx+D_x^1.86859 H
candidate_select_tsfade_noise25,25%,D_t^0.82134276 H = -0.8609*Hx + 0.5075 D_x^1.86859 H,4,4,False,H + Hx,H + Hx,u+ut+uxxt+ux,0.933498,,0.993301,2,0.1,0,2,0.767543,n/a,-0.995413,n/a,2.30572,2.20572,2.15011,27.8046,H+Hx
candidate_select_tsfade_noise25,25%,D_t^0.82134276 H = -0.8609*Hx + 0.5075 D_x^1.86859 H,4,5,False,Hx + H^2,H^2 + Hx,u^2+ut+ux,0.934838,,0.994727,2.5,0.125,0,2,0.778625,n/a,-0.964371,n/a,2.42627,2.30127,1.86118,2.200e+02,Hx+H^2
candidate_select_tsfade_noise25,25%,D_t^0.82134276 H = -0.8609*Hx + 0.5075 D_x^1.86859 H,4,6,False,Hx + D_x^beta H + Hxxx + H*Hx,H*Hx + Hxxx + Hx + Hxx,u*ux+uxxx+ux+ut+uxx,0.900605,,0.995611,6.5,0.325,0,1.7,0.81749,1.8291,-0.84326,0.520848,2.43224,2.10724,1.53859,1.895e+02,Hx+D_x^1.829102 H+Hxxx
candidate_select_tsfade_noise25,25%,D_t^0.82134276 H = -0.8609*Hx + 0.5075 D_x^1.86859 H,4,7,False,D_x^beta H + Hxxx,Hxxx + Hxx,uxxx+ut+ut^3+uxx,0.920044,,0.978984,3.5,0.175,0,1.7,0.999,1.85,1.94379,1.60738,2.68372,2.50872,2.4131,47.8088,D_x^1.85 H+Hxxx
candidate_select_tsfade_noise25,25%,D_t^0.82134276 H = -0.8609*Hx + 0.5075 D_x^1.86859 H,4,8,False,H + D_x^beta H,Hxx + H,uxx+u+utt,0.918901,,0.977769,2.5,0.125,0,1.8,0.999,1.95,n/a,1.7944,2.72302,2.59802,2.44734,75.3418,H+D_x^1.95 H
candidate_select_tsfade_noise25,25%,D_t^0.82134276 H = -0.8609*Hx + 0.5075 D_x^1.86859 H,4,9,False,D_x^beta H,Hxx,uxx+utt,0.972442,,0.972442,1.5,0.075,0,1.8,0.999,1.95,n/a,1.88627,2.77019,2.69519,2.68392,11.2693,D_x^1.95 H
candidate_select_tsfade_noise25,25%,D_t^0.82134276 H = -0.8609*Hx + 0.5075 D_x^1.86859 H,4,10,False,D_x^beta H + H*Hx,H*Hx + Hxx,ut+ux*u+uxx,0.914912,,0.973523,3.5,0.175,0,1.7,0.999,1.85,n/a,1.33078,2.88395,2.70895,2.6319,38.5261,D_x^1.85 H+H*Hx
candidate_select_tsfade_noise25,25%,D_t^0.82134276 H = -0.8609*Hx + 0.5075 D_x^1.86859 H,4,11,False,H + Hx + Hxxx + H*Hx,Hx + H*Hx + Hxxx + H,ux+u*ux+uxxx+ut+u,0.898701,,0.993506,6,0.3,0,1.7,0.770543,n/a,-1.00525,n/a,3.29186,2.99186,2.09774,2.980e+02,H+Hx+Hxxx
candidate_select_tsfade_noise25,25%,D_t^0.82134276 H = -0.8609*Hx + 0.5075 D_x^1.86859 H,4,12,False,Hx,Hx,ut+ux,0.984606,,0.984606,1,0.05,0,2,0.743231,n/a,-1.03699,n/a,3.46063,3.41063,3.40418,6.44689,Hx
candidate_select_tsfade_noise25,25%,D_t^0.82134276 H = -0.8609*Hx + 0.5075 D_x^1.86859 H,4,13,False,D_x^beta H + H^2,H^2 + Hxx,utt+u^2+uxx,0.972442,,0.972442,3,0.15,0,1.8,0.999,1.95,n/a,1.88627,3.56325,3.41325,2.68392,7.293e+02,D_x^1.95 H
candidate_select_tsfade_noise25,25%,D_t^0.82134276 H = -0.8609*Hx + 0.5075 D_x^1.86859 H,4,14,False,Hx + H*Hx,Hx + H*Hx,ux+ut+uxxt+u*ux,0.984619,,0.984619,3,0.15,0,2,0.742246,n/a,-1.03569,n/a,3.58163,3.43163,3.40517,26.4639,Hx
candidate_select_tsfade_noise25,25%,D_t^0.82134276 H = -0.8609*Hx + 0.5075 D_x^1.86859 H,4,15,False,Hx + Hxxx,Hxxx + Hx + Hx,uxxx+ut+ux+ux,0.92541,,0.984695,3,0.15,0,2,0.747113,n/a,-1.04758,n/a,3.64245,3.49245,3.36079,65.8284,Hx+Hxxx
candidate_select_tsfade_noise25,25%,D_t^0.82134276 H = -0.8609*Hx + 0.5075 D_x^1.86859 H,4,16,False,Hx + H^2*Hx,H^2*Hx + Hx,ut+u^2*ux+ux,0.984619,,0.984619,3.5,0.175,0,2,0.742246,n/a,-1.03569,n/a,3.71459,3.53959,3.40517,1.344e+02,Hx
candidate_select_tsfade_noise25,25%,D_t^0.82134276 H = -0.8609*Hx + 0.5075 D_x^1.86859 H,4,17,False,Hx + Hxxx + H*Hx,Hxxx + Hx + H*Hx,uxxx+ux+ut+u*ux,0.92541,,0.984695,5,0.25,0,2,0.747113,n/a,-1.04758,n/a,3.95421,3.70421,3.36079,1.717e+02,Hx+Hxxx
candidate_select_tsfade_noise25,25%,D_t^0.82134276 H = -0.8609*Hx + 0.5075 D_x^1.86859 H,4,18,False,H + D_x^beta H + H^2,H^2 + Hxx + H,u^2+ut+uxx+u,0.972442,,0.972442,4,0.2,0,1.8,0.999,1.95,n/a,1.88627,4.38399,4.18399,2.68392,1.500e+03,D_x^1.95 H
candidate_select_tsfade_noise25,25%,D_t^0.82134276 H = -0.8609*Hx + 0.5075 D_x^1.86859 H,4,19,False,Hx + Hxxx + H^2*Hx,Hxxx + Hx + H^2*Hx,uxxx+ux+ut+u^2*ux,0.92541,,0.984695,5.5,0.275,0,2,0.747113,n/a,-1.04758,n/a,5.74836,5.47336,3.36079,1.056e+03,Hx+Hxxx
candidate_select_tsfade_noise25,25%,D_t^0.82134276 H = -0.8609*Hx + 0.5075 D_x^1.86859 H,4,20,False,H + H^2,H^2 + H,u^2+u+ut,0.796027,,0.847022,2.5,0.125,0,2,0.999,n/a,n/a,n/a,6.52056,6.39556,6.28243,56.5623,H+H^2
candidate_select_tsfade_noise25,25%,D_t^0.82134276 H = -0.8609*Hx + 0.5075 D_x^1.86859 H,4,21,False,H + H*Hx,H + H*Hx,u+ux*u+ut,0.797657,,0.848757,3,0.15,0,2,0.999,n/a,n/a,n/a,6.65253,6.50253,6.4681,17.2153,H+H*Hx
candidate_select_tsfade_noise25,25%,D_t^0.82134276 H = -0.8609*Hx + 0.5075 D_x^1.86859 H,4,22,False,Hxxx + H*Hx,H*Hx + Hxxx,u*ux+ut+uxxx,0.785452,,0.83577,4,0.2,0,2,0.999,n/a,-2.56363,n/a,7.16608,6.96608,6.64351,1.613e+02,Hxxx+H*Hx
candidate_select_tsfade_noise25,25%,D_t^0.82134276 H = -0.8609*Hx + 0.5075 D_x^1.86859 H,4,23,False,H*Hx,H*Hx,ux*u+ut,0.810322,,0.810322,2,0.1,0,2,0.999,n/a,n/a,n/a,7.3039,7.2039,7.19448,9.41925,H*Hx
candidate_select_tsfade_noise25,25%,D_t^0.82134276 H = -0.8609*Hx + 0.5075 D_x^1.86859 H,4,24,False,H^2 + H*Hx,H*Hx + H^2,ut+u*ux+u^2,0.810322,,0.810322,3.5,0.175,0,2,0.999,n/a,n/a,n/a,7.49942,7.32442,7.19448,1.299e+02,H*Hx
candidate_select_tsfade_noise25,25%,D_t^0.82134276 H = -0.8609*Hx + 0.5075 D_x^1.86859 H,4,25,False,H,H,u,0.75661,,0.75661,1,0.05,0,2,0.999,n/a,n/a,n/a,8.15997,8.10997,8.10267,7.29954,H
candidate_select_tsfade_noise25,25%,D_t^0.82134276 H = -0.8609*Hx + 0.5075 D_x^1.86859 H,4,26,False,Hxxx + H*Hx + H^2*Hx,H*Hx + H^2*Hx + Hxxx,u*ux+u^2*ux+uxxx+ut,0.872716,,0.964779,6.5,0.325,0,2,0.771997,n/a,-2.6166,n/a,8.37391,8.04891,4.77546,1.091e+03,Hxxx+H*Hx+H^2*Hx
candidate_select_tsfade_noise25,25%,D_t^0.82134276 H = -0.8609*Hx + 0.5075 D_x^1.86859 H,4,27,False,H + Hxxx,Hxxx + H,uxxx+ut+u,0.713792,,0.75952,3,0.15,0,2,0.999,n/a,-0.839058,n/a,8.73805,8.58805,8.02592,2.811e+02,H+Hxxx
candidate_select_tsfade_noise25,25%,D_t^0.82134276 H = -0.8609*Hx + 0.5075 D_x^1.86859 H,4,28,False,Hxxx,Hxxx,uxxx,0.708421,,0.708421,2,0.1,0,2,0.999,n/a,-1.07411,n/a,8.99708,8.89708,8.85817,38.9128,Hxxx
candidate_select_tsfade_noise25,25%,D_t^0.82134276 H = -0.8609*Hx + 0.5075 D_x^1.86859 H,4,29,False,H*Hxxx,H*Hxxx,u*uxxx,0.709629,,0.709629,3,0.15,0,2,0.999,n/a,n/a,n/a,8.99943,8.84943,8.84418,5.25163,H*Hxxx
candidate_select_tsfade_noise25,25%,D_t^0.82134276 H = -0.8609*Hx + 0.5075 D_x^1.86859 H,4,30,False,Hxxx + H^2*Hx,H^2*Hx + Hxxx,ut+ux*u^2+uxxx,0.748879,,0.796854,4.5,0.225,0,2,0.999,n/a,-2.22527,n/a,9.7455,9.5205,7.37453,1.073e+03,Hxxx+H^2*Hx
candidate_select_tsfade_noise25,25%,D_t^0.82134276 H = -0.8609*Hx + 0.5075 D_x^1.86859 H,4,31,False,H^2,H^2,u^2,0.706901,,0.706901,1.5,0.075,0,2,0.999,n/a,n/a,n/a,inf,9.07461,9.07461,54.06,alpha_correction
