paper_example,noise_label,winner_equation,epoch,rank,selected,structure,raw_structure,eqgpt_source_equation,eqgpt_reward,eqgpt_selection_mode,eqgpt_r2,complexity_score,structure_penalty,endpoint_penalty,iter_start_beta,alpha,beta,coef_hx,coef_dbeta,objective,augmented_objective,validation_residual_norm,condition,support,target_like_structure,exact_target_structure
candidate_select_tsfade_clean,clean,D_t^0.75790906 H = -1.025*Hx + 0.4195 D_x^1.775199 H + -0.005626*H*Hx,0,1,False,Hx + D_x^beta H,Hxx + Hx,uxx+ut+ux,0.938577,,0.998705,2.5,0.125,0,1.8,0.757624,1.79475,-1.05275,0.434122,0.92928,0.94943,0.928965,1.023e+02,Hx+D_x^1.794753 H,True,True
candidate_select_tsfade_clean,clean,D_t^0.75790906 H = -1.025*Hx + 0.4195 D_x^1.775199 H + -0.005626*H*Hx,0,2,False,H + Hx + D_x^beta H + Hxxx,Hx + H + Hxxx + Hxx,ux+utt+u+uxxx+uxx,0.938577,,0.998705,5.5,0.275,0,1.8,0.757624,1.79475,-1.05275,0.434122,1.04932,1.05797,0.928965,6.450e+02,Hx+D_x^1.794753 H,True,False
candidate_select_tsfade_clean,clean,D_t^0.75790906 H = -1.025*Hx + 0.4195 D_x^1.775199 H + -0.005626*H*Hx,0,3,False,Hx + D_x^beta H + H^2,H^2 + Hx + Hxx,ut+u^2+ux+uxx,0.938615,,0.998746,4,0.2,0,1.8,0.755013,1.76838,-1.06473,0.410886,1.07409,1.37926,0.928481,2.254e+03,Hx+D_x^1.768383 H,True,False
candidate_select_tsfade_clean,clean,D_t^0.75790906 H = -1.025*Hx + 0.4195 D_x^1.775199 H + -0.005626*H*Hx,0,4,False,Hx + Hxxx,Hxxx + Hx,ut+uxxx+ux,0.934852,,0.994741,3,0.15,0,2,0.689445,n/a,-1.27571,n/a,2.24663,2.26343,2.24004,1.169e+02,Hx+Hxxx,False,False
candidate_select_tsfade_clean,clean,D_t^0.75790906 H = -1.025*Hx + 0.4195 D_x^1.775199 H + -0.005626*H*Hx,0,5,False,Hx,Hx,ux,0.994415,,0.994415,1,0.05,0,2,0.677348,n/a,-1.26297,n/a,2.3721,2.37291,2.37199,9.2247,Hx,False,False
candidate_select_tsfade_clean,clean,D_t^0.75790906 H = -1.025*Hx + 0.4195 D_x^1.775199 H + -0.005626*H*Hx,0,6,False,Hx + H*Hx,H*Hx + Hx,uxxt+ut+ux*u+ux,0.994413,,0.994413,3,0.15,0,2,0.677348,n/a,-1.26297,n/a,2.374,2.37496,2.37199,29.7406,Hx,False,False
candidate_select_tsfade_clean,clean,D_t^0.75790906 H = -1.025*Hx + 0.4195 D_x^1.775199 H + -0.005626*H*Hx,0,7,False,Hx + Hxxx + H^2*Hx,H^2*Hx + Hxxx + Hx,ux*u^2+ut+uxxx+ux,0.934852,,0.994741,5.5,0.275,0,2,0.689445,n/a,-1.27571,n/a,2.4883,2.5127,2.24004,1.363e+03,Hx+Hxxx,False,False
candidate_select_tsfade_clean,clean,D_t^0.75790906 H = -1.025*Hx + 0.4195 D_x^1.775199 H + -0.005626*H*Hx,0,8,False,D_x^beta H + Hxxx + H*Hx,Hxx + H*Hx + Hxxx,ut+uxx+ux*u+uxxx,0.921739,,0.980788,5.5,0.275,0.1,2,0.999,2,1.17065,1.19268,3.91587,2.08956,2.03962,2.497e+02,D_x^2 H+Hxxx+H*Hx,False,False
candidate_select_tsfade_clean,clean,D_t^0.75790906 H = -1.025*Hx + 0.4195 D_x^1.775199 H + -0.005626*H*Hx,0,9,False,D_x^beta H + H*Hx,H*Hx + Hxx,ux*u+uxx,0.977749,,0.977749,3.5,0.175,0.1,2,0.999,2,n/a,1.09287,3.92169,2.28143,2.26637,1.506e+02,D_x^2 H+H*Hx,False,False
candidate_select_tsfade_clean,clean,D_t^0.75790906 H = -1.025*Hx + 0.4195 D_x^1.775199 H + -0.005626*H*Hx,0,10,False,H^2 + H*Hx,H^2 + H*Hx,ut+u^2+u*ux,0.818094,,0.818094,3.5,0.175,0,2,0.999,n/a,n/a,n/a,5.19494,6.41977,6.40417,1.560e+02,H^2+H*Hx,False,False
candidate_select_tsfade_clean,clean,D_t^0.75790906 H = -1.025*Hx + 0.4195 D_x^1.775199 H + -0.005626*H*Hx,0,11,False,Hxxx + H^2 + H*Hx,H*Hx + Hxxx + H^2,ux*u+uxxx+u^2+ut,0.797688,,0.84879,5.5,0.275,0,1.7,0.999,n/a,-1.19326,n/a,5.86209,6.15914,5.55331,3.029e+03,Hxxx+H^2+H*Hx,False,False
candidate_select_tsfade_clean,clean,D_t^0.75790906 H = -1.025*Hx + 0.4195 D_x^1.775199 H + -0.005626*H*Hx,0,12,False,Hxxx + H*Hx,Hxxx + H*Hx,uxxx+ut+u*ux,0.801163,,0.852488,4,0.2,0,2,0.999,n/a,-2.39879,n/a,6.16585,5.6572,5.61337,2.191e+02,Hxxx+H*Hx,False,False
candidate_select_tsfade_clean,clean,D_t^0.75790906 H = -1.025*Hx + 0.4195 D_x^1.775199 H + -0.005626*H*Hx,0,13,False,H*Hx,H*Hx,u*ux+ut+uxt,0.818094,,0.818094,2,0.1,0,1.8,0.999,n/a,n/a,n/a,6.47493,6.40528,6.40417,11.1795,H*Hx,False,False
candidate_select_tsfade_clean,clean,D_t^0.75790906 H = -1.025*Hx + 0.4195 D_x^1.775199 H + -0.005626*H*Hx,0,14,False,H^2*Hx,H^2*Hx,ut+u^2*ux+uxxt,0.79561,,0.79561,2.5,0.125,0,2,0.999,n/a,n/a,n/a,8.0043,6.75129,6.74693,43.6459,H^2*Hx,False,False
candidate_select_tsfade_clean,clean,D_t^0.75790906 H = -1.025*Hx + 0.4195 D_x^1.775199 H + -0.005626*H*Hx,0,15,False,Hxxx + H^2*Hx,H^2*Hx + Hxxx,ux*u^2+ut+uxxx,0.780062,,0.830035,4.5,0.225,0,2,0.999,n/a,0.962725,n/a,8.17339,6.26814,5.9896,1.393e+03,Hxxx+H^2*Hx,False,False
candidate_select_tsfade_clean,clean,D_t^0.75790906 H = -1.025*Hx + 0.4195 D_x^1.775199 H + -0.005626*H*Hx,0,16,False,H + D_x^beta H + H^2,H + H^2 + Hxx,utt+u+u^2+uxx,0.924244,,0.983454,4,0.2,0.1,2,0.999,2,n/a,5.65804,8.98101,2.24007,1.92038,1.598e+03,H+D_x^2 H+H^2,False,False
candidate_select_tsfade_clean,clean,D_t^0.75790906 H = -1.025*Hx + 0.4195 D_x^1.775199 H + -0.005626*H*Hx,0,17,False,H + D_x^beta H,Hxx + H,utt+uxx+u,0.924244,,0.983454,2.5,0.125,0.1,2,0.999,2,n/a,3.21282,10.1715,1.96304,1.92038,2.133e+02,H+D_x^2 H,False,False
candidate_select_tsfade_clean,clean,D_t^0.75790906 H = -1.025*Hx + 0.4195 D_x^1.775199 H + -0.005626*H*Hx,0,18,False,D_x^beta H,Hxx,utt+uxx,0.977749,,0.977749,1.5,0.075,0.1,2,0.999,2,n/a,1.76975,11.7559,2.26961,2.26637,32.4732,D_x^2 H,False,False
candidate_select_tsfade_clean,clean,D_t^0.75790906 H = -1.025*Hx + 0.4195 D_x^1.775199 H + -0.005626*H*Hx,0,19,False,H + H^2,H + H^2,u+u^2+ut,0.867652,,0.923236,2.5,0.125,0,1.8,0.999,n/a,n/a,n/a,13.1253,4.01164,4.0015,50.7104,H+H^2,False,False
candidate_select_tsfade_clean,clean,D_t^0.75790906 H = -1.025*Hx + 0.4195 D_x^1.775199 H + -0.005626*H*Hx,0,20,False,H^2,H^2,u^2,0.762665,,0.762665,1.5,0.075,0,2,0.999,n/a,n/a,n/a,inf,7.24095,7.24095,48.7031,alpha_correction,False,False
candidate_select_tsfade_clean,clean,D_t^0.75790906 H = -1.025*Hx + 0.4195 D_x^1.775199 H + -0.005626*H*Hx,1,1,False,Hx + D_x^beta H,Hxx + Hx,uxx+ut+ux,0.938602,,0.998732,2.5,0.125,0,1.8,0.75585,1.77771,-1.06072,0.418728,0.929175,0.946242,0.928515,88.6367,Hx+D_x^1.777706 H,True,True
candidate_select_tsfade_clean,clean,D_t^0.75790906 H = -1.025*Hx + 0.4195 D_x^1.775199 H + -0.005626*H*Hx,1,2,False,Hx + H^2,H^2 + Hx,u^2+ux+ut,0.927122,,0.986516,2.5,0.125,0,2,0.74,n/a,-1.09208,n/a,1.51704,1.92984,1.78862,7.061e+02,Hx+H^2,False,False
candidate_select_tsfade_clean,clean,D_t^0.75790906 H = -1.025*Hx + 0.4195 D_x^1.775199 H + -0.005626*H*Hx,1,3,False,H + Hx,H + Hx,u+ut+ux,0.937077,,0.997109,2,0.1,0,2,0.703241,n/a,-1.19413,n/a,1.6683,1.67248,1.66577,33.559,H+Hx,False,False
candidate_select_tsfade_clean,clean,D_t^0.75790906 H = -1.025*Hx + 0.4195 D_x^1.775199 H + -0.005626*H*Hx,1,4,False,Hx + Hxxx,Hxxx + Hx + Hx,uxxx+ut+ux+ux,0.934852,,0.994741,3,0.15,0,2,0.689445,n/a,-1.27571,n/a,2.24663,2.26343,2.24004,1.169e+02,Hx+Hxxx,False,False
candidate_select_tsfade_clean,clean,D_t^0.75790906 H = -1.025*Hx + 0.4195 D_x^1.775199 H + -0.005626*H*Hx,1,5,False,Hx + Hxxx + H*Hx,Hxxx + H*Hx + Hx,ut+uxxx+u*ux+ux,0.934813,,0.9947,5,0.25,0,1.7,0.689465,n/a,-1.27566,n/a,2.27842,2.28712,2.24003,2.355e+02,Hx+Hxxx,False,False
candidate_select_tsfade_clean,clean,D_t^0.75790906 H = -1.025*Hx + 0.4195 D_x^1.775199 H + -0.005626*H*Hx,1,6,False,Hx,Hx,ux,0.994415,,0.994415,1,0.05,0,2,0.677348,n/a,-1.26297,n/a,2.3721,2.37291,2.37199,9.2247,Hx,False,False
candidate_select_tsfade_clean,clean,D_t^0.75790906 H = -1.025*Hx + 0.4195 D_x^1.775199 H + -0.005626*H*Hx,1,7,False,Hx + H*Hx,Hx + H*Hx,ux+u*ux+ut+uxxt,0.994413,,0.994413,3,0.15,0,1.8,0.677348,n/a,-1.26297,n/a,2.374,2.37496,2.37199,29.7406,Hx,False,False
candidate_select_tsfade_clean,clean,D_t^0.75790906 H = -1.025*Hx + 0.4195 D_x^1.775199 H + -0.005626*H*Hx,1,8,False,Hx + H^2*Hx,H^2*Hx + Hx,ut+u^2*ux+ux,0.994415,,0.994415,3.5,0.175,0,2,0.677348,n/a,-1.26297,n/a,2.37969,2.38559,2.37199,1.360e+02,Hx,False,False
candidate_select_tsfade_clean,clean,D_t^0.75790906 H = -1.025*Hx + 0.4195 D_x^1.775199 H + -0.005626*H*Hx,1,9,False,H + D_x^beta H + H*Hx,Hxx + H + H*Hx,uxx+u+ux*u+ut,0.889664,,0.983515,4.5,0.225,0.1,2,0.999,2,n/a,1.5805,3.52529,2.00502,1.91951,2.850e+02,H+D_x^2 H+H*Hx,False,False
candidate_select_tsfade_clean,clean,D_t^0.75790906 H = -1.025*Hx + 0.4195 D_x^1.775199 H + -0.005626*H*Hx,1,10,False,D_x^beta H + H*Hx,H*Hx + Hxx,ut+ux*u+uxx,0.977749,,0.977749,3.5,0.175,0.1,2,0.999,2,n/a,1.09287,3.92169,2.28143,2.26637,1.506e+02,D_x^2 H+H*Hx,False,False
candidate_select_tsfade_clean,clean,D_t^0.75790906 H = -1.025*Hx + 0.4195 D_x^1.775199 H + -0.005626*H*Hx,1,11,False,H^2 + H*Hx,H*Hx + H^2,u*ux+ut+u^2,0.811119,,0.811119,3.5,0.175,0,2,0.999,n/a,n/a,n/a,5.19494,6.39946,6.38341,1.605e+02,H^2+H*Hx,False,False
candidate_select_tsfade_clean,clean,D_t^0.75790906 H = -1.025*Hx + 0.4195 D_x^1.775199 H + -0.005626*H*Hx,1,12,False,H*Hx + H*Hxxx,H*Hx + H*Hxxx,ux*u+u*uxxx,0.815834,,0.868099,5,0.25,0,2,0.999,n/a,n/a,n/a,5.7502,5.33746,5.33088,32.8875,H*Hx+H*Hxxx,False,False
candidate_select_tsfade_clean,clean,D_t^0.75790906 H = -1.025*Hx + 0.4195 D_x^1.775199 H + -0.005626*H*Hx,1,13,False,H + H*Hx,H + H*Hx,ut+u+u*ux,0.816174,,0.86846,3,0.15,0,2,0.999,n/a,n/a,n/a,5.75663,5.54226,5.53802,21.2347,H+H*Hx,False,False
candidate_select_tsfade_clean,clean,D_t^0.75790906 H = -1.025*Hx + 0.4195 D_x^1.775199 H + -0.005626*H*Hx,1,14,False,Hxxx + H*Hx,Hxxx + H*Hx,uxxx+u*ux+ut+uxt,0.801163,,0.852488,4,0.2,0,2,0.999,n/a,-2.39879,n/a,6.16585,5.6572,5.61337,2.191e+02,Hxxx+H*Hx,False,False
candidate_select_tsfade_clean,clean,D_t^0.75790906 H = -1.025*Hx + 0.4195 D_x^1.775199 H + -0.005626*H*Hx,1,15,False,H*Hx,H*Hx,ux*u+ut^3+ut,0.818094,,0.818094,2,0.1,0,2,0.999,n/a,n/a,n/a,6.47494,6.40528,6.40417,11.1795,H*Hx,False,False
candidate_select_tsfade_clean,clean,D_t^0.75790906 H = -1.025*Hx + 0.4195 D_x^1.775199 H + -0.005626*H*Hx,1,16,False,H + Hxxx + H^2*Hx,H^2*Hx + Hxxx + H,ut+ux*u^2+uxxx+u,0.803374,,0.888122,5.5,0.275,0,2,0.999,n/a,1.38533,n/a,7.75586,5.35731,4.93945,1.393e+03,H+Hxxx+H^2*Hx,False,False
candidate_select_tsfade_clean,clean,D_t^0.75790906 H = -1.025*Hx + 0.4195 D_x^1.775199 H + -0.005626*H*Hx,1,17,False,H^2*Hx,H^2*Hx,ux*u^2,0.79561,,0.79561,2.5,0.125,0,2,0.999,n/a,n/a,n/a,8.0043,6.75129,6.74693,43.6459,H^2*Hx,False,False
candidate_select_tsfade_clean,clean,D_t^0.75790906 H = -1.025*Hx + 0.4195 D_x^1.775199 H + -0.005626*H*Hx,1,18,False,D_x^beta H + H^2,H^2 + Hxx,u^2+uxx+utt,0.977749,,0.977749,3,0.15,0.1,2,0.999,2,n/a,4.16513,9.63727,2.42366,2.26637,1.573e+03,D_x^2 H+H^2,False,False
candidate_select_tsfade_clean,clean,D_t^0.75790906 H = -1.025*Hx + 0.4195 D_x^1.775199 H + -0.005626*H*Hx,1,19,False,H + D_x^beta H,Hxx + H,uxx+ut+u,0.924244,,0.983454,2.5,0.125,0.1,2,0.999,2,n/a,3.21282,10.1715,1.96304,1.92038,2.133e+02,H+D_x^2 H,False,False
candidate_select_tsfade_clean,clean,D_t^0.75790906 H = -1.025*Hx + 0.4195 D_x^1.775199 H + -0.005626*H*Hx,1,20,False,Hxxx,Hxxx,uxxx+uxxtt,0.804324,,0.804324,2,0.1,0,2,0.999,n/a,7.12249,n/a,11.4133,6.39512,6.38898,61.4033,Hxxx,False,False
candidate_select_tsfade_clean,clean,D_t^0.75790906 H = -1.025*Hx + 0.4195 D_x^1.775199 H + -0.005626*H*Hx,1,21,False,D_x^beta H,Hxx,ut^3+utt+ut+uxx,0.977749,,0.977749,1.5,0.075,0.1,2,0.999,2,n/a,1.76975,11.7559,2.26961,2.26637,32.4732,D_x^2 H,False,False
candidate_select_tsfade_clean,clean,D_t^0.75790906 H = -1.025*Hx + 0.4195 D_x^1.775199 H + -0.005626*H*Hx,1,22,False,H,H,ut+u,0.833393,,0.833393,1,0.05,0,2,0.999,n/a,n/a,n/a,14.2708,6.20667,6.20601,6.63568,H,False,False
candidate_select_tsfade_clean,clean,D_t^0.75790906 H = -1.025*Hx + 0.4195 D_x^1.775199 H + -0.005626*H*Hx,1,23,False,H^2,H^2,u^2,0.762665,,0.762665,1.5,0.075,0,2,0.999,n/a,n/a,n/a,inf,7.24095,7.24095,48.7031,alpha_correction,False,False
candidate_select_tsfade_clean,clean,D_t^0.75790906 H = -1.025*Hx + 0.4195 D_x^1.775199 H + -0.005626*H*Hx,2,1,True,Hx + D_x^beta H + H*Hx,Hxx + H*Hx + Hx,ut+uxx+ux*u+ux,0.903512,,0.998824,4.5,0.225,0,1.8,0.757909,1.7752,-1.02526,0.419514,0.901337,0.943029,0.89482,1.607e+02,Hx+D_x^1.775199 H+H*Hx,True,False
candidate_select_tsfade_clean,clean,D_t^0.75790906 H = -1.025*Hx + 0.4195 D_x^1.775199 H + -0.005626*H*Hx,2,2,False,Hx + D_x^beta H,Hx + Hxx,ux+uxx+ut,0.938599,,0.998728,2.5,0.125,0,2,0.757511,1.79967,-1.05201,0.437339,0.929244,0.94658,0.928592,89.9385,Hx+D_x^1.799669 H,True,True
candidate_select_tsfade_clean,clean,D_t^0.75790906 H = -1.025*Hx + 0.4195 D_x^1.775199 H + -0.005626*H*Hx,2,3,False,Hx + D_x^beta H + Hxxx,Hxxx + Hxx + Hx + Hx,uxxx+uxx+ux+ut+ux,0.903393,,0.998693,4.5,0.225,0,1.8,0.760438,1.8297,-1.03833,0.466198,0.936591,0.96979,0.931509,1.276e+02,Hx+D_x^1.829704 H,True,False
candidate_select_tsfade_clean,clean,D_t^0.75790906 H = -1.025*Hx + 0.4195 D_x^1.775199 H + -0.005626*H*Hx,2,4,False,Hx + D_x^beta H + Hxxx + H*Hx,H*Hx + Hxx + Hxxx + Hx,u*ux+ut+uxx+uxxx+ux,0.878587,,0.998862,6.5,0.325,0,2,0.753114,1.70454,-1.0576,0.358058,0.979565,1.03145,0.890729,3.518e+02,Hx+D_x^1.704538 H+Hxxx+H*Hx,True,False
candidate_select_tsfade_clean,clean,D_t^0.75790906 H = -1.025*Hx + 0.4195 D_x^1.775199 H + -0.005626*H*Hx,2,5,False,H + Hx + H^2,Hx + H^2 + H,ux+ut+u^2+u,0.894409,,0.988761,3.5,0.175,0,2,0.74,n/a,-1.08423,n/a,1.08761,1.87725,1.61684,8.681e+02,H+Hx+H^2,False,False
candidate_select_tsfade_clean,clean,D_t^0.75790906 H = -1.025*Hx + 0.4195 D_x^1.775199 H + -0.005626*H*Hx,2,6,False,Hx + H^2,H^2 + Hx,u^2+ux+ut,0.927122,,0.986516,2.5,0.125,0,1.7,0.74,n/a,-1.09208,n/a,1.51704,1.92984,1.78862,7.061e+02,Hx+H^2,False,False
candidate_select_tsfade_clean,clean,D_t^0.75790906 H = -1.025*Hx + 0.4195 D_x^1.775199 H + -0.005626*H*Hx,2,7,False,Hx + H*Hxxx,Hx + H*Hxxx + Hx,uxxt+ut+ux+uxxx*u+ux,0.935532,,0.995465,4,0.2,0,1.8,0.692934,n/a,-1.27763,n/a,2.05333,2.06606,2.06258,17.4033,Hx+H*Hxxx,False,False
candidate_select_tsfade_clean,clean,D_t^0.75790906 H = -1.025*Hx + 0.4195 D_x^1.775199 H + -0.005626*H*Hx,2,8,False,Hx + Hxxx,Hxxx + Hx,uxxx+ut+ux,0.934852,,0.994741,3,0.15,0,2,0.689445,n/a,-1.27571,n/a,2.24663,2.26343,2.24004,1.169e+02,Hx+Hxxx,False,False
candidate_select_tsfade_clean,clean,D_t^0.75790906 H = -1.025*Hx + 0.4195 D_x^1.775199 H + -0.005626*H*Hx,2,9,False,Hx,Hx,ux,0.994415,,0.994415,1,0.05,0,2,0.677348,n/a,-1.26297,n/a,2.3721,2.37291,2.37199,9.2247,Hx,False,False
candidate_select_tsfade_clean,clean,D_t^0.75790906 H = -1.025*Hx + 0.4195 D_x^1.775199 H + -0.005626*H*Hx,2,10,False,Hx + H*Hx,H*Hx + Hx,u*ux+ux+uxxt+ut,0.994413,,0.994413,3,0.15,0,1.8,0.677348,n/a,-1.26297,n/a,2.374,2.37496,2.37199,29.7406,Hx,False,False
candidate_select_tsfade_clean,clean,D_t^0.75790906 H = -1.025*Hx + 0.4195 D_x^1.775199 H + -0.005626*H*Hx,2,11,False,Hxxx + H*Hx + H^2*Hx,H*Hx + Hxxx + H^2*Hx,ux*u+uxxx+u^2*ux+ut,0.892667,,0.986835,6.5,0.325,0,2,0.725144,n/a,-4.25538,n/a,3.6813,3.69558,3.26176,1.446e+03,Hxxx+H*Hx+H^2*Hx,False,False
candidate_select_tsfade_clean,clean,D_t^0.75790906 H = -1.025*Hx + 0.4195 D_x^1.775199 H + -0.005626*H*Hx,2,12,False,D_x^beta H + H*Hx,Hxx + H*Hx,uxx+u*ux+ut,0.977749,,0.977749,3.5,0.175,0.1,2,0.999,2,n/a,1.09287,3.92169,2.28143,2.26637,1.506e+02,D_x^2 H+H*Hx,False,False
candidate_select_tsfade_clean,clean,D_t^0.75790906 H = -1.025*Hx + 0.4195 D_x^1.775199 H + -0.005626*H*Hx,2,13,False,H + H*Hx,H + H*Hx,u+u*ux+ut,0.816174,,0.86846,3,0.15,0,2,0.999,n/a,n/a,n/a,5.75663,5.54226,5.53802,21.2347,H+H*Hx,False,False
candidate_select_tsfade_clean,clean,D_t^0.75790906 H = -1.025*Hx + 0.4195 D_x^1.775199 H + -0.005626*H*Hx,2,14,False,Hxxx + H*Hx,H*Hx + Hxxx,ut+ux*u+uxxx,0.801163,,0.852488,4,0.2,0,2,0.999,n/a,-2.39879,n/a,6.16585,5.6572,5.61337,2.191e+02,Hxxx+H*Hx,False,False
candidate_select_tsfade_clean,clean,D_t^0.75790906 H = -1.025*Hx + 0.4195 D_x^1.775199 H + -0.005626*H*Hx,2,15,False,H*Hx,H*Hx,u*ux,0.818094,,0.818094,2,0.1,0,2,0.999,n/a,n/a,n/a,6.47494,6.40528,6.40417,11.1795,H*Hx,False,False
candidate_select_tsfade_clean,clean,D_t^0.75790906 H = -1.025*Hx + 0.4195 D_x^1.775199 H + -0.005626*H*Hx,2,16,False,Hxxx + H^2*Hx,H^2*Hx + Hxxx,ux*u^2+uxxx+ut,0.780062,,0.830035,4.5,0.225,0,2,0.999,n/a,0.962725,n/a,8.17339,6.26814,5.9896,1.393e+03,Hxxx+H^2*Hx,False,False
candidate_select_tsfade_clean,clean,D_t^0.75790906 H = -1.025*Hx + 0.4195 D_x^1.775199 H + -0.005626*H*Hx,2,17,False,H + D_x^beta H + H^2,Hxx + H + H^2,uxx+ut+u+u^2,0.924244,,0.983454,4,0.2,0.1,2,0.999,2,n/a,5.65804,8.98101,2.24007,1.92038,1.598e+03,H+D_x^2 H+H^2,False,False
candidate_select_tsfade_clean,clean,D_t^0.75790906 H = -1.025*Hx + 0.4195 D_x^1.775199 H + -0.005626*H*Hx,2,18,False,D_x^beta H + H^2,Hxx + H^2,utt+uxx+u^2,0.977749,,0.977749,3,0.15,0.1,2,0.999,2,n/a,4.16513,9.63727,2.42366,2.26637,1.573e+03,D_x^2 H+H^2,False,False
candidate_select_tsfade_clean,clean,D_t^0.75790906 H = -1.025*Hx + 0.4195 D_x^1.775199 H + -0.005626*H*Hx,2,19,False,H + D_x^beta H,Hxx + H,uxx+u+ut,0.924244,,0.983454,2.5,0.125,0.1,2,0.999,2,n/a,3.21282,10.1715,1.96304,1.92038,2.133e+02,H+D_x^2 H,False,False
candidate_select_tsfade_clean,clean,D_t^0.75790906 H = -1.025*Hx + 0.4195 D_x^1.775199 H + -0.005626*H*Hx,2,20,False,Hxxx,Hxxx,uxxx+ut,0.804324,,0.804324,2,0.1,0,2,0.999,n/a,7.12249,n/a,11.4133,6.39512,6.38898,61.4033,Hxxx,False,False
candidate_select_tsfade_clean,clean,D_t^0.75790906 H = -1.025*Hx + 0.4195 D_x^1.775199 H + -0.005626*H*Hx,2,21,False,D_x^beta H,Hxx,uxx+uxt+utt,0.977749,,0.977749,1.5,0.075,0.1,2,0.999,2,n/a,1.76975,11.7559,2.26961,2.26637,32.4732,D_x^2 H,False,False
candidate_select_tsfade_clean,clean,D_t^0.75790906 H = -1.025*Hx + 0.4195 D_x^1.775199 H + -0.005626*H*Hx,2,22,False,H + H^2,H + H^2,ut+u+u^2,0.867979,,0.923584,2.5,0.125,0,2,0.999,n/a,n/a,n/a,13.1253,4.08987,4.07992,49.7723,H+H^2,False,False
candidate_select_tsfade_clean,clean,D_t^0.75790906 H = -1.025*Hx + 0.4195 D_x^1.775199 H + -0.005626*H*Hx,2,23,False,H,H,u,0.833393,,0.833393,1,0.05,0,2,0.999,n/a,n/a,n/a,14.2708,6.20667,6.20601,6.63568,H,False,False
candidate_select_tsfade_clean,clean,D_t^0.75790906 H = -1.025*Hx + 0.4195 D_x^1.775199 H + -0.005626*H*Hx,3,1,False,Hx + D_x^beta H,Hxx + Hx,uxx+ux,0.938609,,0.998739,2.5,0.125,0,1.7,0.75546,1.77347,-1.06257,0.415119,0.929172,0.94556,0.928483,85.3856,Hx+D_x^1.773469 H,True,True
candidate_select_tsfade_clean,clean,D_t^0.75790906 H = -1.025*Hx + 0.4195 D_x^1.775199 H + -0.005626*H*Hx,3,2,False,Hx + H^2,H^2 + Hx,u^2+ut+ux,0.927122,,0.986516,2.5,0.125,0,2,0.74,n/a,-1.09208,n/a,1.51704,1.92984,1.78862,7.061e+02,Hx+H^2,False,False
candidate_select_tsfade_clean,clean,D_t^0.75790906 H = -1.025*Hx + 0.4195 D_x^1.775199 H + -0.005626*H*Hx,3,3,False,H + Hx,Hx + H,ux+u,0.937077,,0.997109,2,0.1,0,2,0.703241,n/a,-1.19413,n/a,1.6683,1.67248,1.66577,33.559,H+Hx,False,False
candidate_select_tsfade_clean,clean,D_t^0.75790906 H = -1.025*Hx + 0.4195 D_x^1.775199 H + -0.005626*H*Hx,3,4,False,Hx + Hxxx,Hxxx + Hx,uxxx+ux+ut^3+ut,0.934852,,0.994741,3,0.15,0,2,0.689445,n/a,-1.27571,n/a,2.24663,2.26343,2.24004,1.169e+02,Hx+Hxxx,False,False
candidate_select_tsfade_clean,clean,D_t^0.75790906 H = -1.025*Hx + 0.4195 D_x^1.775199 H + -0.005626*H*Hx,3,5,False,Hx + Hxxx + H*Hx,H*Hx + Hx + Hxxx,ux*u+ut+ux+uxxx,0.934852,,0.994741,5,0.25,0,2,0.689445,n/a,-1.27571,n/a,2.27843,2.28715,2.24004,2.356e+02,Hx+Hxxx,False,False
candidate_select_tsfade_clean,clean,D_t^0.75790906 H = -1.025*Hx + 0.4195 D_x^1.775199 H + -0.005626*H*Hx,3,6,False,Hx,Hx,ux,0.994415,,0.994415,1,0.05,0,2,0.677348,n/a,-1.26297,n/a,2.3721,2.37291,2.37199,9.2247,Hx,False,False
candidate_select_tsfade_clean,clean,D_t^0.75790906 H = -1.025*Hx + 0.4195 D_x^1.775199 H + -0.005626*H*Hx,3,7,False,Hx + H*Hx,Hx + H*Hx,ux+ut+ux*u+uxxt,0.994413,,0.994413,3,0.15,0,2,0.677348,n/a,-1.26297,n/a,2.374,2.37496,2.37199,29.7406,Hx,False,False
candidate_select_tsfade_clean,clean,D_t^0.75790906 H = -1.025*Hx + 0.4195 D_x^1.775199 H + -0.005626*H*Hx,3,8,False,Hx + Hxxx + H^2*Hx,Hxxx + H^2*Hx + Hx,uxxx+u^2*ux+ux+ut,0.934852,,0.994741,5.5,0.275,0,2,0.689445,n/a,-1.27571,n/a,2.4883,2.5127,2.24004,1.363e+03,Hx+Hxxx,False,False
candidate_select_tsfade_clean,clean,D_t^0.75790906 H = -1.025*Hx + 0.4195 D_x^1.775199 H + -0.005626*H*Hx,3,9,False,Hxxx + H*Hx + H^2*Hx,Hxxx + H^2*Hx + H*Hx,ut+uxxx+u^2*ux+u*ux,0.892667,,0.986835,6.5,0.325,0,2,0.725144,n/a,-4.25538,n/a,3.6813,3.69558,3.26176,1.446e+03,Hxxx+H*Hx+H^2*Hx,False,False
candidate_select_tsfade_clean,clean,D_t^0.75790906 H = -1.025*Hx + 0.4195 D_x^1.775199 H + -0.005626*H*Hx,3,10,False,H + H*Hx,H*Hx + H,ux*u+u+ut,0.816174,,0.86846,3,0.15,0,2,0.999,n/a,n/a,n/a,5.75663,5.54226,5.53802,21.2347,H+H*Hx,False,False
candidate_select_tsfade_clean,clean,D_t^0.75790906 H = -1.025*Hx + 0.4195 D_x^1.775199 H + -0.005626*H*Hx,3,11,False,Hxxx + H*Hx,H*Hx + Hxxx,u*ux+ut+uxxx,0.801163,,0.852488,4,0.2,0,2,0.999,n/a,-2.39879,n/a,6.16585,5.6572,5.61337,2.191e+02,Hxxx+H*Hx,False,False
candidate_select_tsfade_clean,clean,D_t^0.75790906 H = -1.025*Hx + 0.4195 D_x^1.775199 H + -0.005626*H*Hx,3,12,False,H*Hx,H*Hx,uxxt+ux*u,0.818094,,0.818094,2,0.1,0,2,0.999,n/a,n/a,n/a,6.47494,6.40528,6.40417,11.1795,H*Hx,False,False
candidate_select_tsfade_clean,clean,D_t^0.75790906 H = -1.025*Hx + 0.4195 D_x^1.775199 H + -0.005626*H*Hx,3,13,False,H^2*Hx,H^2*Hx,ux*u^2,0.79561,,0.79561,2.5,0.125,0,2,0.999,n/a,n/a,n/a,8.0043,6.75129,6.74693,43.6459,H^2*Hx,False,False
candidate_select_tsfade_clean,clean,D_t^0.75790906 H = -1.025*Hx + 0.4195 D_x^1.775199 H + -0.005626*H*Hx,3,14,False,Hxxx + H^2*Hx,H^2*Hx + Hxxx,ux*u^2+ut+uxxx,0.780062,,0.830035,4.5,0.225,0,2,0.999,n/a,0.962725,n/a,8.17339,6.26814,5.9896,1.393e+03,Hxxx+H^2*Hx,False,False
candidate_select_tsfade_clean,clean,D_t^0.75790906 H = -1.025*Hx + 0.4195 D_x^1.775199 H + -0.005626*H*Hx,3,15,False,D_x^beta H + H^2,H^2 + Hxx + H^2,u^2+utt+uxx+u^2,0.923307,,0.982457,3,0.15,0.1,2,0.999,2,n/a,4.16513,9.63727,2.29113,1.97654,1.573e+03,D_x^2 H+H^2,False,False
candidate_select_tsfade_clean,clean,D_t^0.75790906 H = -1.025*Hx + 0.4195 D_x^1.775199 H + -0.005626*H*Hx,3,16,False,H + D_x^beta H,Hxx + H,uxx+u+utt,0.924244,,0.983454,2.5,0.125,0.1,2,0.999,2,n/a,3.21282,10.1715,1.96304,1.92038,2.133e+02,H+D_x^2 H,False,False
candidate_select_tsfade_clean,clean,D_t^0.75790906 H = -1.025*Hx + 0.4195 D_x^1.775199 H + -0.005626*H*Hx,3,17,False,D_x^beta H,Hxx,utt+uxx,0.977749,,0.977749,1.5,0.075,0.1,2,0.999,2,n/a,1.76975,11.7559,2.26961,2.26637,32.4732,D_x^2 H,False,False
candidate_select_tsfade_clean,clean,D_t^0.75790906 H = -1.025*Hx + 0.4195 D_x^1.775199 H + -0.005626*H*Hx,3,18,False,H,H,uxxt+u,0.833393,,0.833393,1,0.05,0,2,0.999,n/a,n/a,n/a,14.2708,6.20667,6.20601,6.63568,H,False,False
candidate_select_tsfade_clean,clean,D_t^0.75790906 H = -1.025*Hx + 0.4195 D_x^1.775199 H + -0.005626*H*Hx,3,19,False,H^2,H^2,u^2,0.762665,,0.762665,1.5,0.075,0,2,0.999,n/a,n/a,n/a,inf,7.24095,7.24095,48.7031,alpha_correction,False,False
candidate_select_tsfade_clean,clean,D_t^0.75790906 H = -1.025*Hx + 0.4195 D_x^1.775199 H + -0.005626*H*Hx,4,1,False,Hx + D_x^beta H + H*Hx,Hx + H*Hx + Hxx,ux+ut+u*ux+uxx,0.903512,,0.998824,4.5,0.225,0,1.8,0.757909,1.7752,-1.02526,0.419514,0.901337,0.943029,0.89482,1.607e+02,Hx+D_x^1.775199 H+H*Hx,True,False
candidate_select_tsfade_clean,clean,D_t^0.75790906 H = -1.025*Hx + 0.4195 D_x^1.775199 H + -0.005626*H*Hx,4,2,False,Hx + D_x^beta H,Hx + Hxx,ut+ux+uxx,0.938609,,0.998739,2.5,0.125,0,1.7,0.75546,1.77347,-1.06257,0.415119,0.929172,0.94556,0.928483,85.3856,Hx+D_x^1.773469 H,True,True
candidate_select_tsfade_clean,clean,D_t^0.75790906 H = -1.025*Hx + 0.4195 D_x^1.775199 H + -0.005626*H*Hx,4,3,False,Hx + D_x^beta H + Hxxx,Hxxx + Hxx + Hx,uxxx+ut+uxx+ux,0.903396,,0.998696,4.5,0.225,0,2,0.757588,1.78657,-1.05454,0.428375,0.936407,0.96634,0.928899,1.248e+02,Hx+D_x^1.78657 H,True,False
candidate_select_tsfade_clean,clean,D_t^0.75790906 H = -1.025*Hx + 0.4195 D_x^1.775199 H + -0.005626*H*Hx,4,4,False,Hx + D_x^beta H + Hxxx + H*Hx,H*Hx + Hxxx + Hx + Hxx,u*ux+uxxx+ux+ut+uxx,0.878587,,0.998862,6.5,0.325,0,2,0.753114,1.70454,-1.0576,0.358058,0.979565,1.03145,0.890729,3.518e+02,Hx+D_x^1.704538 H+Hxxx+H*Hx,True,False
candidate_select_tsfade_clean,clean,D_t^0.75790906 H = -1.025*Hx + 0.4195 D_x^1.775199 H + -0.005626*H*Hx,4,5,False,Hx + H^2,H^2 + Hx,u^2+ut+ux,0.927122,,0.986516,2.5,0.125,0,2,0.74,n/a,-1.09208,n/a,1.51704,1.92984,1.78862,7.061e+02,Hx+H^2,False,False
candidate_select_tsfade_clean,clean,D_t^0.75790906 H = -1.025*Hx + 0.4195 D_x^1.775199 H + -0.005626*H*Hx,4,6,False,Hx + Hxxx,Hxxx + Hx,uxxx+ut+ux,0.934852,,0.994741,3,0.15,0,1.8,0.689445,n/a,-1.27571,n/a,2.24663,2.26343,2.24004,1.169e+02,Hx+Hxxx,False,False
candidate_select_tsfade_clean,clean,D_t^0.75790906 H = -1.025*Hx + 0.4195 D_x^1.775199 H + -0.005626*H*Hx,4,7,False,Hx + Hxxx + H*Hx,Hxxx + Hx + H*Hx,ut+uxxx+ux+u*ux,0.900314,,0.995289,5,0.25,0,2,0.689977,n/a,-1.27452,n/a,2.27811,2.29957,2.22859,2.366e+02,Hx+Hxxx,False,False
candidate_select_tsfade_clean,clean,D_t^0.75790906 H = -1.025*Hx + 0.4195 D_x^1.775199 H + -0.005626*H*Hx,4,8,False,Hx,Hx,ux,0.994415,,0.994415,1,0.05,0,2,0.677348,n/a,-1.26297,n/a,2.3721,2.37291,2.37199,9.2247,Hx,False,False
candidate_select_tsfade_clean,clean,D_t^0.75790906 H = -1.025*Hx + 0.4195 D_x^1.775199 H + -0.005626*H*Hx,4,9,False,Hx + H*Hx,Hx + H*Hx,ux+ut+uxxt+u*ux,0.994413,,0.994413,3,0.15,0,2,0.677348,n/a,-1.26297,n/a,2.374,2.37496,2.37199,29.7406,Hx,False,False
candidate_select_tsfade_clean,clean,D_t^0.75790906 H = -1.025*Hx + 0.4195 D_x^1.775199 H + -0.005626*H*Hx,4,10,False,Hx + H^2*Hx,H^2*Hx + Hx,ux*u^2+ut+ux,0.994415,,0.994415,3.5,0.175,0,2,0.677348,n/a,-1.26297,n/a,2.37969,2.38559,2.37199,1.360e+02,Hx,False,False
candidate_select_tsfade_clean,clean,D_t^0.75790906 H = -1.025*Hx + 0.4195 D_x^1.775199 H + -0.005626*H*Hx,4,11,False,Hx + Hxxx + H^2*Hx,Hxxx + Hx + H^2*Hx,uxxx+ux+ut+u^2*ux,0.934852,,0.994741,5.5,0.275,0,2,0.689445,n/a,-1.27571,n/a,2.4883,2.5127,2.24004,1.363e+03,Hx+Hxxx,False,False
candidate_select_tsfade_clean,clean,D_t^0.75790906 H = -1.025*Hx + 0.4195 D_x^1.775199 H + -0.005626*H*Hx,4,12,False,Hxxx + H*Hx + H^2*Hx,H*Hx + H^2*Hx + Hxxx,u*ux+u^2*ux+uxxx+ut,0.892667,,0.986835,6.5,0.325,0,2,0.725144,n/a,-4.25538,n/a,3.6813,3.69558,3.26176,1.446e+03,Hxxx+H*Hx+H^2*Hx,False,False
candidate_select_tsfade_clean,clean,D_t^0.75790906 H = -1.025*Hx + 0.4195 D_x^1.775199 H + -0.005626*H*Hx,4,13,False,D_x^beta H + Hxxx + H*Hx,H*Hx + Hxx + Hxxx,ut+ux*u+uxx+uxxx,0.921739,,0.980788,5.5,0.275,0.1,2,0.999,2,1.17065,1.19268,3.91587,2.08956,2.03962,2.497e+02,D_x^2 H+Hxxx+H*Hx,False,False
candidate_select_tsfade_clean,clean,D_t^0.75790906 H = -1.025*Hx + 0.4195 D_x^1.775199 H + -0.005626*H*Hx,4,14,False,H*Hx + H^2*Hx,H^2*Hx + H*Hx,ux*u^2+u*ux+ut,0.921776,,0.980828,4.5,0.225,0,2,0.694349,n/a,n/a,n/a,4.40796,4.41471,4.40243,61.4074,H*Hx+H^2*Hx,False,False
candidate_select_tsfade_clean,clean,D_t^0.75790906 H = -1.025*Hx + 0.4195 D_x^1.775199 H + -0.005626*H*Hx,4,15,False,H*Hx + H*Hxx,H*Hxx + H*Hx,uxx*u+u*ux+uxxt,0.88261,,0.939153,4,0.2,0,2,0.999,n/a,n/a,n/a,4.62377,3.77972,3.7773,12.102,H*Hx+H*Hxx,False,False
candidate_select_tsfade_clean,clean,D_t^0.75790906 H = -1.025*Hx + 0.4195 D_x^1.775199 H + -0.005626*H*Hx,4,16,False,H + H*Hx,H + H*Hx,u+ut+u*ux,0.816174,,0.86846,3,0.15,0,2,0.999,n/a,n/a,n/a,5.75663,5.54226,5.53802,21.2347,H+H*Hx,False,False
candidate_select_tsfade_clean,clean,D_t^0.75790906 H = -1.025*Hx + 0.4195 D_x^1.775199 H + -0.005626*H*Hx,4,17,False,Hxxx + H*Hx,H*Hx + Hxxx,ux*u+uxxx+ut,0.801163,,0.852488,4,0.2,0,2,0.999,n/a,-2.39879,n/a,6.16585,5.6572,5.61337,2.191e+02,Hxxx+H*Hx,False,False
candidate_select_tsfade_clean,clean,D_t^0.75790906 H = -1.025*Hx + 0.4195 D_x^1.775199 H + -0.005626*H*Hx,4,18,False,H*Hx,H*Hx,ut+ux*u,0.818094,,0.818094,2,0.1,0,2,0.999,n/a,n/a,n/a,6.47494,6.40528,6.40417,11.1795,H*Hx,False,False
candidate_select_tsfade_clean,clean,D_t^0.75790906 H = -1.025*Hx + 0.4195 D_x^1.775199 H + -0.005626*H*Hx,4,19,False,H^2*Hx,H^2*Hx,u^2*ux+ut+ut^2,0.79561,,0.79561,2.5,0.125,0,2,0.999,n/a,n/a,n/a,8.0043,6.75129,6.74693,43.6459,H^2*Hx,False,False
candidate_select_tsfade_clean,clean,D_t^0.75790906 H = -1.025*Hx + 0.4195 D_x^1.775199 H + -0.005626*H*Hx,4,20,False,Hxxx + H^2*Hx,H^2*Hx + Hxxx,ut+ux*u^2+uxxx,0.780062,,0.830035,4.5,0.225,0,2,0.999,n/a,0.962725,n/a,8.17339,6.26814,5.9896,1.393e+03,Hxxx+H^2*Hx,False,False
candidate_select_tsfade_clean,clean,D_t^0.75790906 H = -1.025*Hx + 0.4195 D_x^1.775199 H + -0.005626*H*Hx,4,21,False,H + D_x^beta H + H^2,H + Hxx + H^2,ut+u+uxx+u^2,0.924244,,0.983454,4,0.2,0.1,2,0.999,2,n/a,5.65804,8.98101,2.24007,1.92038,1.598e+03,H+D_x^2 H+H^2,False,False
candidate_select_tsfade_clean,clean,D_t^0.75790906 H = -1.025*Hx + 0.4195 D_x^1.775199 H + -0.005626*H*Hx,4,22,False,D_x^beta H + H^2,H^2 + Hxx,u^2+utt+uxx,0.977749,,0.977749,3,0.15,0.1,2,0.999,2,n/a,4.16513,9.63727,2.42366,2.26637,1.573e+03,D_x^2 H+H^2,False,False
candidate_select_tsfade_clean,clean,D_t^0.75790906 H = -1.025*Hx + 0.4195 D_x^1.775199 H + -0.005626*H*Hx,4,23,False,H + D_x^beta H,Hxx + H,utt+uxx+u,0.924244,,0.983454,2.5,0.125,0.1,2,0.999,2,n/a,3.21282,10.1715,1.96304,1.92038,2.133e+02,H+D_x^2 H,False,False
candidate_select_tsfade_clean,clean,D_t^0.75790906 H = -1.025*Hx + 0.4195 D_x^1.775199 H + -0.005626*H*Hx,4,24,False,Hxxx,Hxxx,uxxx,0.804324,,0.804324,2,0.1,0,2,0.999,n/a,7.12249,n/a,11.4133,6.39512,6.38898,61.4033,Hxxx,False,False
candidate_select_tsfade_clean,clean,D_t^0.75790906 H = -1.025*Hx + 0.4195 D_x^1.775199 H + -0.005626*H*Hx,4,25,False,D_x^beta H,Hxx,uxx+utt,0.977749,,0.977749,1.5,0.075,0.1,2,0.999,2,n/a,1.76975,11.7559,2.26961,2.26637,32.4732,D_x^2 H,False,False
candidate_select_tsfade_clean,clean,D_t^0.75790906 H = -1.025*Hx + 0.4195 D_x^1.775199 H + -0.005626*H*Hx,4,26,False,H*Hxxx,H*Hxxx,u*uxxx,0.802133,,0.802133,3,0.15,0,2,0.999,n/a,n/a,n/a,12.0314,6.44951,6.44858,9.32256,H*Hxxx,False,False
candidate_select_tsfade_clean,clean,D_t^0.75790906 H = -1.025*Hx + 0.4195 D_x^1.775199 H + -0.005626*H*Hx,4,27,False,H + H^2,H + H^2,u+ut+u^2,0.867652,,0.923236,2.5,0.125,0,2,0.999,n/a,n/a,n/a,13.1253,4.01164,4.0015,50.7104,H+H^2,False,False
candidate_select_tsfade_clean,clean,D_t^0.75790906 H = -1.025*Hx + 0.4195 D_x^1.775199 H + -0.005626*H*Hx,4,28,False,H,H,ut+u,0.833393,,0.833393,1,0.05,0,2,0.999,n/a,n/a,n/a,14.2708,6.20667,6.20601,6.63568,H,False,False
candidate_select_tsfade_clean,clean,D_t^0.75790906 H = -1.025*Hx + 0.4195 D_x^1.775199 H + -0.005626*H*Hx,4,29,False,H^2,H^2,ut+u^2,0.762665,,0.762665,1.5,0.075,0,2,0.999,n/a,n/a,n/a,inf,7.24095,7.24095,48.7031,alpha_correction,False,False
candidate_select_tsfade_noise5,5%,D_t^0.74561266 H = -1.081*Hx + 0.3765 D_x^1.716151 H + -0.003177*H*Hx,0,1,False,Hx + D_x^beta H,Hxx + Hx,uxx+ut+ux,0.938627,,0.998759,2.5,0.125,0,1.8,0.743717,1.70074,-1.10597,0.365538,0.960579,0.972157,0.959941,61.0776,Hx+D_x^1.700736 H,True,True
candidate_select_tsfade_noise5,5%,D_t^0.74561266 H = -1.081*Hx + 0.3765 D_x^1.716151 H + -0.003177*H*Hx,0,2,False,H + Hx + D_x^beta H + Hxxx,Hx + H + Hxxx + Hxx,ux+utt+u+uxxx+uxx,0.903444,,0.998749,5.5,0.275,0,1.7,0.743072,1.68735,-1.11031,0.357367,1.08693,1.2078,0.960306,8.250e+02,Hx+D_x^1.687354 H,True,False
candidate_select_tsfade_noise5,5%,D_t^0.74561266 H = -1.081*Hx + 0.3765 D_x^1.716151 H + -0.003177*H*Hx,0,3,False,Hx + D_x^beta H + H^2,H^2 + Hx + Hxx,ut+u^2+ux+uxx,0.938627,,0.998759,4,0.2,0,1.8,0.743717,1.70074,-1.10597,0.365538,1.09853,1.28732,0.959941,1.637e+03,Hx+D_x^1.700736 H,True,False
candidate_select_tsfade_noise5,5%,D_t^0.74561266 H = -1.081*Hx + 0.3765 D_x^1.716151 H + -0.003177*H*Hx,0,4,False,Hx + Hxxx,Hxxx + Hx,ut+uxxx+ux,0.934654,,0.99453,3,0.15,0,1.8,0.684659,n/a,-1.28825,n/a,2.33279,2.35039,2.32598,1.220e+02,Hx+Hxxx,False,False
candidate_select_tsfade_noise5,5%,D_t^0.74561266 H = -1.081*Hx + 0.3765 D_x^1.716151 H + -0.003177*H*Hx,0,5,False,Hx,Hx,ux,0.994189,,0.994189,1,0.05,0,2,0.674671,n/a,-1.269,n/a,2.44539,2.45647,2.45555,9.26107,Hx,False,False
candidate_select_tsfade_noise5,5%,D_t^0.74561266 H = -1.081*Hx + 0.3765 D_x^1.716151 H + -0.003177*H*Hx,0,6,False,Hx + H*Hx,H*Hx + Hx,uxxt+ut+ux*u+ux,0.994257,,0.994257,3,0.15,0,2,0.673027,n/a,-1.27386,n/a,2.44746,2.44846,2.44546,30.0411,Hx,False,False
candidate_select_tsfade_noise5,5%,D_t^0.74561266 H = -1.081*Hx + 0.3765 D_x^1.716151 H + -0.003177*H*Hx,0,7,False,Hx + Hxxx + H^2*Hx,H^2*Hx + Hxxx + Hx,ux*u^2+ut+uxxx+ux,0.934654,,0.99453,5.5,0.275,0,1.8,0.684659,n/a,-1.28825,n/a,2.58463,2.61185,2.32598,1.429e+03,Hx+Hxxx,False,False
candidate_select_tsfade_noise5,5%,D_t^0.74561266 H = -1.081*Hx + 0.3765 D_x^1.716151 H + -0.003177*H*Hx,0,8,False,D_x^beta H + Hxxx + H*Hx,Hxx + H*Hx + Hxxx,ut+uxx+ux*u+uxxx,0.886522,,0.980042,5.5,0.275,0.1,2,0.999,2,1.24715,1.20742,4.01946,2.16554,2.08771,2.595e+02,D_x^2 H+Hxxx+H*Hx,False,False
candidate_select_tsfade_noise5,5%,D_t^0.74561266 H = -1.081*Hx + 0.3765 D_x^1.716151 H + -0.003177*H*Hx,0,9,False,D_x^beta H + H*Hx,H*Hx + Hxx,ux*u+uxx,0.919019,,0.977894,3.5,0.175,0.1,2,0.999,2,n/a,1.10124,4.02216,2.29173,2.25905,1.634e+02,D_x^2 H+H*Hx,False,False
candidate_select_tsfade_noise5,5%,D_t^0.74561266 H = -1.081*Hx + 0.3765 D_x^1.716151 H + -0.003177*H*Hx,0,10,False,H^2 + H*Hx,H^2 + H*Hx,ut+u^2+u*ux,0.813479,,0.813479,3.5,0.175,0,2,0.999,n/a,n/a,n/a,5.27882,6.51588,6.50056,1.532e+02,H^2+H*Hx,False,False
candidate_select_tsfade_noise5,5%,D_t^0.74561266 H = -1.081*Hx + 0.3765 D_x^1.716151 H + -0.003177*H*Hx,0,11,False,Hxxx + H^2 + H*Hx,H*Hx + Hxxx + H^2,ux*u+uxxx+u^2+ut,0.828196,,0.915563,5.5,0.275,0,1.8,0.999,n/a,-1.39422,n/a,5.95908,5.28655,4.34482,3.139e+03,Hxxx+H^2+H*Hx,False,False
candidate_select_tsfade_noise5,5%,D_t^0.74561266 H = -1.081*Hx + 0.3765 D_x^1.716151 H + -0.003177*H*Hx,0,12,False,Hxxx + H*Hx,Hxxx + H*Hx,uxxx+ut+u*ux,0.796928,,0.847982,4,0.2,0,1.8,0.999,n/a,-2.68201,n/a,6.23063,5.62805,5.5828,2.262e+02,Hxxx+H*Hx,False,False
candidate_select_tsfade_noise5,5%,D_t^0.74561266 H = -1.081*Hx + 0.3765 D_x^1.716151 H + -0.003177*H*Hx,0,13,False,H*Hx,H*Hx,u*ux+ut+uxt,0.813479,,0.813479,2,0.1,0,2,0.999,n/a,n/a,n/a,6.57846,6.50167,6.50056,11.0583,H*Hx,False,False
candidate_select_tsfade_noise5,5%,D_t^0.74561266 H = -1.081*Hx + 0.3765 D_x^1.716151 H + -0.003177*H*Hx,0,14,False,H^2*Hx,H^2*Hx,ut+u^2*ux+uxxt,0.791806,,0.791806,2.5,0.125,0,2,0.999,n/a,n/a,n/a,8.0958,6.83389,6.82953,43.5779,H^2*Hx,False,False
candidate_select_tsfade_noise5,5%,D_t^0.74561266 H = -1.081*Hx + 0.3765 D_x^1.716151 H + -0.003177*H*Hx,0,15,False,Hxxx + H^2*Hx,H^2*Hx + Hxxx,ux*u^2+ut+uxxx,0.779274,,0.829196,4.5,0.225,0,2,0.999,n/a,0.881836,n/a,8.28213,6.312,6.02259,1.447e+03,Hxxx+H^2*Hx,False,False
candidate_select_tsfade_noise5,5%,D_t^0.74561266 H = -1.081*Hx + 0.3765 D_x^1.716151 H + -0.003177*H*Hx,0,16,False,H + D_x^beta H + H^2,H + H^2 + Hxx,utt+u+u^2+uxx,0.922803,,0.98192,4,0.2,0.1,2,0.999,2,n/a,5.87622,8.86999,2.32468,1.99824,1.632e+03,H+D_x^2 H+H^2,False,False
candidate_select_tsfade_noise5,5%,D_t^0.74561266 H = -1.081*Hx + 0.3765 D_x^1.716151 H + -0.003177*H*Hx,0,17,False,H + D_x^beta H,Hxx + H,utt+uxx+u,0.922803,,0.98192,2.5,0.125,0.1,2,0.999,2,n/a,3.19308,10.2306,2.04154,1.99824,2.165e+02,H+D_x^2 H,False,False
candidate_select_tsfade_noise5,5%,D_t^0.74561266 H = -1.081*Hx + 0.3765 D_x^1.716151 H + -0.003177*H*Hx,0,18,False,D_x^beta H,Hxx,utt+uxx,0.976791,,0.976791,1.5,0.075,0.1,2,0.999,2,n/a,1.77202,11.7796,2.31004,2.30673,33.0986,D_x^2 H,False,False
candidate_select_tsfade_noise5,5%,D_t^0.74561266 H = -1.081*Hx + 0.3765 D_x^1.716151 H + -0.003177*H*Hx,0,19,False,H + H^2,H + H^2,u+u^2+ut,0.863067,,0.918358,2.5,0.125,0,2,0.999,n/a,n/a,n/a,13.1704,4.24603,4.23609,49.6971,H+H^2,False,False
candidate_select_tsfade_noise5,5%,D_t^0.74561266 H = -1.081*Hx + 0.3765 D_x^1.716151 H + -0.003177*H*Hx,0,20,False,H^2,H^2,u^2,0.862849,,0.862849,1.5,0.075,0,2,0.999,n/a,n/a,n/a,14.0695,5.65907,5.6542,48.6514,H^2,False,False
candidate_select_tsfade_noise5,5%,D_t^0.74561266 H = -1.081*Hx + 0.3765 D_x^1.716151 H + -0.003177*H*Hx,1,1,False,Hx + D_x^beta H,Hxx + Hx,uxx+ut+ux,0.938627,,0.998759,2.5,0.125,0,1.8,0.743717,1.70074,-1.10597,0.365538,0.960579,0.972157,0.959941,61.0776,Hx+D_x^1.700736 H,True,True
candidate_select_tsfade_noise5,5%,D_t^0.74561266 H = -1.081*Hx + 0.3765 D_x^1.716151 H + -0.003177*H*Hx,1,2,False,Hx + H^2,H^2 + Hx,u^2+ux+ut,0.925205,,0.984476,2.5,0.125,0,2,0.74,n/a,-1.09017,n/a,1.56335,2.07128,1.93192,6.968e+02,Hx+H^2,False,False
candidate_select_tsfade_noise5,5%,D_t^0.74561266 H = -1.081*Hx + 0.3765 D_x^1.716151 H + -0.003177*H*Hx,1,3,False,H + Hx,H + Hx,u+ut+ux,0.937125,,0.99716,2,0.1,0,2,0.698773,n/a,-1.20494,n/a,1.69036,1.69482,1.68821,33.0883,H+Hx,False,False
candidate_select_tsfade_noise5,5%,D_t^0.74561266 H = -1.081*Hx + 0.3765 D_x^1.716151 H + -0.003177*H*Hx,1,4,False,Hx + Hxxx,Hxxx + Hx + Hx,uxxx+ut+ux+ux,0.934654,,0.99453,3,0.15,0,2,0.684659,n/a,-1.28825,n/a,2.33279,2.35039,2.32598,1.220e+02,Hx+Hxxx,False,False
candidate_select_tsfade_noise5,5%,D_t^0.74561266 H = -1.081*Hx + 0.3765 D_x^1.716151 H + -0.003177*H*Hx,1,5,False,Hx + Hxxx + H*Hx,Hxxx + H*Hx + Hx,ut+uxxx+u*ux+ux,0.934654,,0.99453,5,0.25,0,2,0.684659,n/a,-1.28825,n/a,2.36598,2.37545,2.32598,2.473e+02,Hx+Hxxx,False,False
candidate_select_tsfade_noise5,5%,D_t^0.74561266 H = -1.081*Hx + 0.3765 D_x^1.716151 H + -0.003177*H*Hx,1,6,False,Hx,Hx,ux,0.994189,,0.994189,1,0.05,0,1.8,0.674671,n/a,-1.269,n/a,2.44539,2.45647,2.45555,9.26107,Hx,False,False
candidate_select_tsfade_noise5,5%,D_t^0.74561266 H = -1.081*Hx + 0.3765 D_x^1.716151 H + -0.003177*H*Hx,1,7,False,Hx + H*Hx,Hx + H*Hx,ux+u*ux+ut+uxxt,0.994257,,0.994257,3,0.15,0,2,0.673027,n/a,-1.27386,n/a,2.44746,2.44846,2.44546,30.0411,Hx,False,False
candidate_select_tsfade_noise5,5%,D_t^0.74561266 H = -1.081*Hx + 0.3765 D_x^1.716151 H + -0.003177*H*Hx,1,8,False,Hx + H^2*Hx,H^2*Hx + Hx,ut+u^2*ux+ux,0.994257,,0.994257,3.5,0.175,0,2,0.673027,n/a,-1.27386,n/a,2.4532,2.45924,2.44546,1.378e+02,Hx,False,False
candidate_select_tsfade_noise5,5%,D_t^0.74561266 H = -1.081*Hx + 0.3765 D_x^1.716151 H + -0.003177*H*Hx,1,9,False,H + D_x^beta H + H*Hx,Hxx + H + H*Hx,uxx+u+ux*u+ut,0.88866,,0.982406,4.5,0.225,0.1,2,0.999,2,n/a,1.57539,3.65223,2.06935,1.97698,3.079e+02,H+D_x^2 H+H*Hx,False,False
candidate_select_tsfade_noise5,5%,D_t^0.74561266 H = -1.081*Hx + 0.3765 D_x^1.716151 H + -0.003177*H*Hx,1,10,False,D_x^beta H + H*Hx,H*Hx + Hxx,ut+ux*u+uxx,0.919019,,0.977894,3.5,0.175,0.1,2,0.999,2,n/a,1.10124,4.02216,2.29173,2.25905,1.634e+02,D_x^2 H+H*Hx,False,False
candidate_select_tsfade_noise5,5%,D_t^0.74561266 H = -1.081*Hx + 0.3765 D_x^1.716151 H + -0.003177*H*Hx,1,11,False,H^2 + H*Hx,H*Hx + H^2,u*ux+ut+u^2,0.813479,,0.813479,3.5,0.175,0,2,0.999,n/a,n/a,n/a,5.27882,6.51588,6.50056,1.532e+02,H^2+H*Hx,False,False
candidate_select_tsfade_noise5,5%,D_t^0.74561266 H = -1.081*Hx + 0.3765 D_x^1.716151 H + -0.003177*H*Hx,1,12,False,H*Hx + H*Hxxx,H*Hx + H*Hxxx,ux*u+u*uxxx,0.815831,,0.868096,5,0.25,0,2,0.999,n/a,n/a,n/a,5.7541,5.35777,5.35102,33.7461,H*Hx+H*Hxxx,False,False
candidate_select_tsfade_noise5,5%,D_t^0.74561266 H = -1.081*Hx + 0.3765 D_x^1.716151 H + -0.003177*H*Hx,1,13,False,H + H*Hx,H + H*Hx,ut+u+u*ux,0.812946,,0.865026,3,0.15,0,2,0.999,n/a,n/a,n/a,5.84515,5.6296,5.62544,20.8038,H+H*Hx,False,False
candidate_select_tsfade_noise5,5%,D_t^0.74561266 H = -1.081*Hx + 0.3765 D_x^1.716151 H + -0.003177*H*Hx,1,14,False,Hxxx + H*Hx,Hxxx + H*Hx,uxxx+u*ux+ut+uxt,0.800375,,0.851649,4,0.2,0,2,0.999,n/a,-2.68201,n/a,6.23063,5.68883,5.64342,2.270e+02,Hxxx+H*Hx,False,False
candidate_select_tsfade_noise5,5%,D_t^0.74561266 H = -1.081*Hx + 0.3765 D_x^1.716151 H + -0.003177*H*Hx,1,15,False,H*Hx,H*Hx,ux*u+ut^3+ut,0.813479,,0.813479,2,0.1,0,2,0.999,n/a,n/a,n/a,6.57846,6.50167,6.50056,11.0583,H*Hx,False,False
candidate_select_tsfade_noise5,5%,D_t^0.74561266 H = -1.081*Hx + 0.3765 D_x^1.716151 H + -0.003177*H*Hx,1,16,False,H + Hxxx + H^2*Hx,H^2*Hx + Hxxx + H,ut+ux*u^2+uxxx+u,0.814656,,0.866846,5.5,0.275,0,2,0.999,n/a,1.31372,n/a,7.86045,5.6953,5.40583,1.447e+03,H+Hxxx+H^2*Hx,False,False
candidate_select_tsfade_noise5,5%,D_t^0.74561266 H = -1.081*Hx + 0.3765 D_x^1.716151 H + -0.003177*H*Hx,1,17,False,H^2*Hx,H^2*Hx,ux*u^2,0.791806,,0.791806,2.5,0.125,0,2,0.999,n/a,n/a,n/a,8.0958,6.83389,6.82953,43.5779,H^2*Hx,False,False
candidate_select_tsfade_noise5,5%,D_t^0.74561266 H = -1.081*Hx + 0.3765 D_x^1.716151 H + -0.003177*H*Hx,1,18,False,D_x^beta H + H^2,H^2 + Hxx,u^2+uxx+utt,0.921984,,0.981049,3,0.15,0.1,2,0.999,2,n/a,4.1714,9.67087,2.3668,2.04673,1.600e+03,D_x^2 H+H^2,False,False
candidate_select_tsfade_noise5,5%,D_t^0.74561266 H = -1.081*Hx + 0.3765 D_x^1.716151 H + -0.003177*H*Hx,1,19,False,H + D_x^beta H,Hxx + H,uxx+ut+u,0.922803,,0.98192,2.5,0.125,0.1,2,0.999,2,n/a,3.19308,10.2306,2.04154,1.99824,2.165e+02,H+D_x^2 H,False,False
candidate_select_tsfade_noise5,5%,D_t^0.74561266 H = -1.081*Hx + 0.3765 D_x^1.716151 H + -0.003177*H*Hx,1,20,False,Hxxx,Hxxx,uxxx+uxxtt,0.798662,,0.798662,2,0.1,0,2,0.999,n/a,7.26628,n/a,11.318,6.51814,6.51178,63.61,Hxxx,False,False
candidate_select_tsfade_noise5,5%,D_t^0.74561266 H = -1.081*Hx + 0.3765 D_x^1.716151 H + -0.003177*H*Hx,1,21,False,D_x^beta H,Hxx,ut^3+utt+ut+uxx,0.976791,,0.976791,1.5,0.075,0.1,2,0.999,2,n/a,1.77202,11.7796,2.31004,2.30673,33.0986,D_x^2 H,False,False
candidate_select_tsfade_noise5,5%,D_t^0.74561266 H = -1.081*Hx + 0.3765 D_x^1.716151 H + -0.003177*H*Hx,1,22,False,H,H,ut+u,0.828799,,0.828799,1,0.05,0,2,0.999,n/a,n/a,n/a,14.3103,6.31249,6.31183,6.6128,H,False,False
candidate_select_tsfade_noise5,5%,D_t^0.74561266 H = -1.081*Hx + 0.3765 D_x^1.716151 H + -0.003177*H*Hx,1,23,False,H^2,H^2,u^2,0.758306,,0.758306,1.5,0.075,0,2,0.999,n/a,n/a,n/a,inf,7.33374,7.33374,48.6514,alpha_correction,False,False
candidate_select_tsfade_noise5,5%,D_t^0.74561266 H = -1.081*Hx + 0.3765 D_x^1.716151 H + -0.003177*H*Hx,2,1,True,Hx + D_x^beta H + H*Hx,Hxx + H*Hx + Hx,ut+uxx+ux*u+ux,0.938601,,0.99873,4.5,0.225,0,1.7,0.745613,1.71615,-1.08059,0.376542,0.954594,0.995696,0.960996,1.735e+02,Hx+D_x^1.716151 H+H*Hx,True,False
candidate_select_tsfade_noise5,5%,D_t^0.74561266 H = -1.081*Hx + 0.3765 D_x^1.716151 H + -0.003177*H*Hx,2,2,False,Hx + D_x^beta H,Hx + Hxx,ux+uxx+ut,0.938627,,0.998758,2.5,0.125,0,2,0.74374,1.70099,-1.10586,0.365717,0.960582,0.972198,0.959943,61.2745,Hx+D_x^1.700993 H,True,True
candidate_select_tsfade_noise5,5%,D_t^0.74561266 H = -1.081*Hx + 0.3765 D_x^1.716151 H + -0.003177*H*Hx,2,3,False,Hx + D_x^beta H + Hxxx,Hxxx + Hxx + Hx + Hx,uxxx+uxx+ux+ut+ux,0.903449,,0.998755,4.5,0.225,0,2,0.742653,1.68221,-1.11239,0.353991,0.967833,1.0131,0.960254,1.762e+02,Hx+D_x^1.682209 H,True,False
candidate_select_tsfade_noise5,5%,D_t^0.74561266 H = -1.081*Hx + 0.3765 D_x^1.716151 H + -0.003177*H*Hx,2,4,False,Hx + D_x^beta H + Hxxx + H*Hx,H*Hx + Hxx + Hxxx + Hx,u*ux+ut+uxx+uxxx+ux,0.938627,,0.998759,6.5,0.325,0,1.8,0.743717,1.70074,-1.10597,0.365538,1.00659,1.03518,0.959941,3.762e+02,Hx+D_x^1.700736 H,True,False
candidate_select_tsfade_noise5,5%,D_t^0.74561266 H = -1.081*Hx + 0.3765 D_x^1.716151 H + -0.003177*H*Hx,2,5,False,H + Hx + H^2,Hx + H^2 + H,ux+ut+u^2+u,0.903255,,0.99854,3.5,0.175,0,2,0.730914,n/a,-1.10681,n/a,1.0949,1.16585,1.06986,3.200e+02,H+Hx+H^2,False,False
candidate_select_tsfade_noise5,5%,D_t^0.74561266 H = -1.081*Hx + 0.3765 D_x^1.716151 H + -0.003177*H*Hx,2,6,False,Hx + H^2,H^2 + Hx,u^2+ux+ut,0.993335,,0.993335,2.5,0.125,0,2,0.671398,n/a,-1.28122,n/a,1.72924,2.47271,2.44601,2.670e+02,Hx+H^2,False,False
candidate_select_tsfade_noise5,5%,D_t^0.74561266 H = -1.081*Hx + 0.3765 D_x^1.716151 H + -0.003177*H*Hx,2,7,False,Hx + H*Hxxx,Hx + H*Hxxx + Hx,uxxt+ut+ux+uxxx*u+ux,0.935393,,0.995317,4,0.2,0,2,0.687775,n/a,-1.29345,n/a,2.12783,2.14103,2.13747,17.8028,Hx+H*Hxxx,False,False
candidate_select_tsfade_noise5,5%,D_t^0.74561266 H = -1.081*Hx + 0.3765 D_x^1.716151 H + -0.003177*H*Hx,2,8,False,Hx + Hxxx,Hxxx + Hx,uxxx+ut+ux,0.934654,,0.99453,3,0.15,0,1.8,0.684659,n/a,-1.28825,n/a,2.33279,2.35039,2.32598,1.220e+02,Hx+Hxxx,False,False
candidate_select_tsfade_noise5,5%,D_t^0.74561266 H = -1.081*Hx + 0.3765 D_x^1.716151 H + -0.003177*H*Hx,2,9,False,Hx,Hx,ux,0.994189,,0.994189,1,0.05,0,2,0.674671,n/a,-1.269,n/a,2.44539,2.45647,2.45555,9.26107,Hx,False,False
candidate_select_tsfade_noise5,5%,D_t^0.74561266 H = -1.081*Hx + 0.3765 D_x^1.716151 H + -0.003177*H*Hx,2,10,False,Hx + H*Hx,H*Hx + Hx,u*ux+ux+uxxt+ut,0.994257,,0.994257,3,0.15,0,2,0.673027,n/a,-1.27386,n/a,2.44746,2.44846,2.44546,30.0411,Hx,False,False
candidate_select_tsfade_noise5,5%,D_t^0.74561266 H = -1.081*Hx + 0.3765 D_x^1.716151 H + -0.003177*H*Hx,2,11,False,Hxxx + H*Hx + H^2*Hx,H*Hx + Hxxx + H^2*Hx,ux*u+uxxx+u^2*ux+ut,0.891548,,0.985598,6.5,0.325,0,2,0.721418,n/a,-4.18822,n/a,3.8892,3.90685,3.45651,1.501e+03,Hxxx+H*Hx+H^2*Hx,False,False
candidate_select_tsfade_noise5,5%,D_t^0.74561266 H = -1.081*Hx + 0.3765 D_x^1.716151 H + -0.003177*H*Hx,2,12,False,D_x^beta H + H*Hx,Hxx + H*Hx,uxx+u*ux+ut,0.919019,,0.977894,3.5,0.175,0.1,2,0.999,2,n/a,1.10124,4.02216,2.29173,2.25905,1.634e+02,D_x^2 H+H*Hx,False,False
candidate_select_tsfade_noise5,5%,D_t^0.74561266 H = -1.081*Hx + 0.3765 D_x^1.716151 H + -0.003177*H*Hx,2,13,False,H + H*Hx,H + H*Hx,u+u*ux+ut,0.812946,,0.865026,3,0.15,0,2,0.999,n/a,n/a,n/a,5.84515,5.6296,5.62544,20.8038,H+H*Hx,False,False
candidate_select_tsfade_noise5,5%,D_t^0.74561266 H = -1.081*Hx + 0.3765 D_x^1.716151 H + -0.003177*H*Hx,2,14,False,Hxxx + H*Hx,H*Hx + Hxxx,ut+ux*u+uxxx,0.800375,,0.851649,4,0.2,0,2,0.999,n/a,-2.68201,n/a,6.23063,5.68883,5.64342,2.270e+02,Hxxx+H*Hx,False,False
candidate_select_tsfade_noise5,5%,D_t^0.74561266 H = -1.081*Hx + 0.3765 D_x^1.716151 H + -0.003177*H*Hx,2,15,False,H*Hx,H*Hx,u*ux,0.813479,,0.813479,2,0.1,0,2,0.999,n/a,n/a,n/a,6.57846,6.50167,6.50056,11.0583,H*Hx,False,False
candidate_select_tsfade_noise5,5%,D_t^0.74561266 H = -1.081*Hx + 0.3765 D_x^1.716151 H + -0.003177*H*Hx,2,16,False,Hxxx + H^2*Hx,H^2*Hx + Hxxx,ux*u^2+uxxx+ut,0.779274,,0.829196,4.5,0.225,0,2,0.999,n/a,0.881836,n/a,8.28213,6.312,6.02259,1.447e+03,Hxxx+H^2*Hx,False,False
candidate_select_tsfade_noise5,5%,D_t^0.74561266 H = -1.081*Hx + 0.3765 D_x^1.716151 H + -0.003177*H*Hx,2,17,False,H + D_x^beta H + H^2,Hxx + H + H^2,uxx+ut+u+u^2,0.922803,,0.98192,4,0.2,0.1,2,0.999,2,n/a,5.87622,8.86999,2.32468,1.99824,1.632e+03,H+D_x^2 H+H^2,False,False
candidate_select_tsfade_noise5,5%,D_t^0.74561266 H = -1.081*Hx + 0.3765 D_x^1.716151 H + -0.003177*H*Hx,2,18,False,D_x^beta H + H^2,Hxx + H^2,utt+uxx+u^2,0.976791,,0.976791,3,0.15,0.1,2,0.999,2,n/a,4.1714,9.67087,2.46676,2.30673,1.600e+03,D_x^2 H+H^2,False,False
candidate_select_tsfade_noise5,5%,D_t^0.74561266 H = -1.081*Hx + 0.3765 D_x^1.716151 H + -0.003177*H*Hx,2,19,False,H + D_x^beta H,Hxx + H,uxx+u+ut,0.922803,,0.98192,2.5,0.125,0.1,2,0.999,2,n/a,3.19308,10.2306,2.04154,1.99824,2.165e+02,H+D_x^2 H,False,False
candidate_select_tsfade_noise5,5%,D_t^0.74561266 H = -1.081*Hx + 0.3765 D_x^1.716151 H + -0.003177*H*Hx,2,20,False,Hxxx,Hxxx,uxxx+ut,0.798662,,0.798662,2,0.1,0,2,0.999,n/a,7.26628,n/a,11.318,6.51814,6.51178,63.61,Hxxx,False,False
candidate_select_tsfade_noise5,5%,D_t^0.74561266 H = -1.081*Hx + 0.3765 D_x^1.716151 H + -0.003177*H*Hx,2,21,False,D_x^beta H,Hxx,uxx+uxt+utt,0.976791,,0.976791,1.5,0.075,0.1,2,0.999,2,n/a,1.77202,11.7796,2.31004,2.30673,33.0986,D_x^2 H,False,False
candidate_select_tsfade_noise5,5%,D_t^0.74561266 H = -1.081*Hx + 0.3765 D_x^1.716151 H + -0.003177*H*Hx,2,22,False,H + H^2,H + H^2,ut+u+u^2,0.863067,,0.918358,2.5,0.125,0,2,0.999,n/a,n/a,n/a,13.1704,4.24603,4.23609,49.6971,H+H^2,False,False
candidate_select_tsfade_noise5,5%,D_t^0.74561266 H = -1.081*Hx + 0.3765 D_x^1.716151 H + -0.003177*H*Hx,2,23,False,H,H,u,0.828799,,0.828799,1,0.05,0,2,0.999,n/a,n/a,n/a,14.3103,6.31249,6.31183,6.6128,H,False,False
candidate_select_tsfade_noise5,5%,D_t^0.74561266 H = -1.081*Hx + 0.3765 D_x^1.716151 H + -0.003177*H*Hx,3,1,False,Hx + D_x^beta H,Hxx + Hx,uxx+ux,0.938626,,0.998758,2.5,0.125,0,1.7,0.743777,1.7014,-1.10569,0.366002,0.960586,0.972266,0.959948,61.5897,Hx+D_x^1.701401 H,True,True
candidate_select_tsfade_noise5,5%,D_t^0.74561266 H = -1.081*Hx + 0.3765 D_x^1.716151 H + -0.003177*H*Hx,3,2,False,Hx + H^2,H^2 + Hx,u^2+ut+ux,0.925205,,0.984476,2.5,0.125,0,1.8,0.74,n/a,-1.09017,n/a,1.56335,2.07128,1.93192,6.968e+02,Hx+H^2,False,False
candidate_select_tsfade_noise5,5%,D_t^0.74561266 H = -1.081*Hx + 0.3765 D_x^1.716151 H + -0.003177*H*Hx,3,3,False,H + Hx,Hx + H,ux+u,0.937125,,0.99716,2,0.1,0,2,0.698773,n/a,-1.20494,n/a,1.69036,1.69482,1.68821,33.0883,H+Hx,False,False
candidate_select_tsfade_noise5,5%,D_t^0.74561266 H = -1.081*Hx + 0.3765 D_x^1.716151 H + -0.003177*H*Hx,3,4,False,Hx + Hxxx,Hxxx + Hx,uxxx+ux+ut^3+ut,0.935161,,0.99507,3,0.15,0,2,0.683263,n/a,-1.29136,n/a,2.33411,2.35281,2.32745,1.268e+02,Hx+Hxxx,False,False
candidate_select_tsfade_noise5,5%,D_t^0.74561266 H = -1.081*Hx + 0.3765 D_x^1.716151 H + -0.003177*H*Hx,3,5,False,Hx + Hxxx + H*Hx,H*Hx + Hx + Hxxx,ux*u+ut+ux+uxxx,0.934654,,0.99453,5,0.25,0,1.8,0.684659,n/a,-1.28825,n/a,2.36598,2.37545,2.32598,2.473e+02,Hx+Hxxx,False,False
candidate_select_tsfade_noise5,5%,D_t^0.74561266 H = -1.081*Hx + 0.3765 D_x^1.716151 H + -0.003177*H*Hx,3,6,False,Hx,Hx,ux,0.994189,,0.994189,1,0.05,0,1.8,0.674671,n/a,-1.269,n/a,2.44539,2.45647,2.45555,9.26107,Hx,False,False
candidate_select_tsfade_noise5,5%,D_t^0.74561266 H = -1.081*Hx + 0.3765 D_x^1.716151 H + -0.003177*H*Hx,3,7,False,Hx + H*Hx,Hx + H*Hx,ux+ut+ux*u+uxxt,0.994257,,0.994257,3,0.15,0,2,0.673027,n/a,-1.27386,n/a,2.44746,2.44846,2.44546,30.0411,Hx,False,False
candidate_select_tsfade_noise5,5%,D_t^0.74561266 H = -1.081*Hx + 0.3765 D_x^1.716151 H + -0.003177*H*Hx,3,8,False,Hx + Hxxx + H^2*Hx,Hxxx + H^2*Hx + Hx,uxxx+u^2*ux+ux+ut,0.934654,,0.99453,5.5,0.275,0,2,0.684659,n/a,-1.28825,n/a,2.58463,2.61185,2.32598,1.429e+03,Hx+Hxxx,False,False
candidate_select_tsfade_noise5,5%,D_t^0.74561266 H = -1.081*Hx + 0.3765 D_x^1.716151 H + -0.003177*H*Hx,3,9,False,Hxxx + H*Hx + H^2*Hx,Hxxx + H^2*Hx + H*Hx,ut+uxxx+u^2*ux+u*ux,0.891548,,0.985598,6.5,0.325,0,2,0.721418,n/a,-4.18822,n/a,3.8892,3.90685,3.45651,1.501e+03,Hxxx+H*Hx+H^2*Hx,False,False
candidate_select_tsfade_noise5,5%,D_t^0.74561266 H = -1.081*Hx + 0.3765 D_x^1.716151 H + -0.003177*H*Hx,3,10,False,H + H*Hx,H*Hx + H,ux*u+u+ut,0.812946,,0.865026,3,0.15,0,2,0.999,n/a,n/a,n/a,5.84515,5.6296,5.62544,20.8038,H+H*Hx,False,False
candidate_select_tsfade_noise5,5%,D_t^0.74561266 H = -1.081*Hx + 0.3765 D_x^1.716151 H + -0.003177*H*Hx,3,11,False,Hxxx + H*Hx,H*Hx + Hxxx,u*ux+ut+uxxx,0.800375,,0.851649,4,0.2,0,2,0.999,n/a,-2.68201,n/a,6.23063,5.68883,5.64342,2.270e+02,Hxxx+H*Hx,False,False
candidate_select_tsfade_noise5,5%,D_t^0.74561266 H = -1.081*Hx + 0.3765 D_x^1.716151 H + -0.003177*H*Hx,3,12,False,H*Hx,H*Hx,uxxt+ux*u,0.813479,,0.813479,2,0.1,0,2,0.999,n/a,n/a,n/a,6.57846,6.50167,6.50056,11.0583,H*Hx,False,False
candidate_select_tsfade_noise5,5%,D_t^0.74561266 H = -1.081*Hx + 0.3765 D_x^1.716151 H + -0.003177*H*Hx,3,13,False,H^2*Hx,H^2*Hx,ux*u^2,0.791806,,0.791806,2.5,0.125,0,2,0.999,n/a,n/a,n/a,8.0958,6.83389,6.82953,43.5779,H^2*Hx,False,False
candidate_select_tsfade_noise5,5%,D_t^0.74561266 H = -1.081*Hx + 0.3765 D_x^1.716151 H + -0.003177*H*Hx,3,14,False,Hxxx + H^2*Hx,H^2*Hx + Hxxx,ux*u^2+ut+uxxx,0.779274,,0.829196,4.5,0.225,0,2,0.999,n/a,0.881836,n/a,8.28213,6.312,6.02259,1.447e+03,Hxxx+H^2*Hx,False,False
candidate_select_tsfade_noise5,5%,D_t^0.74561266 H = -1.081*Hx + 0.3765 D_x^1.716151 H + -0.003177*H*Hx,3,15,False,D_x^beta H + H^2,H^2 + Hxx + H^2,u^2+utt+uxx+u^2,0.921984,,0.981049,3,0.15,0.1,2,0.999,2,n/a,4.1714,9.67087,2.3668,2.04673,1.600e+03,D_x^2 H+H^2,False,False
candidate_select_tsfade_noise5,5%,D_t^0.74561266 H = -1.081*Hx + 0.3765 D_x^1.716151 H + -0.003177*H*Hx,3,16,False,H + D_x^beta H,Hxx + H,uxx+u+utt,0.922803,,0.98192,2.5,0.125,0.1,2,0.999,2,n/a,3.19308,10.2306,2.04154,1.99824,2.165e+02,H+D_x^2 H,False,False
candidate_select_tsfade_noise5,5%,D_t^0.74561266 H = -1.081*Hx + 0.3765 D_x^1.716151 H + -0.003177*H*Hx,3,17,False,D_x^beta H,Hxx,utt+uxx,0.976791,,0.976791,1.5,0.075,0.1,2,0.999,2,n/a,1.77202,11.7796,2.31004,2.30673,33.0986,D_x^2 H,False,False
candidate_select_tsfade_noise5,5%,D_t^0.74561266 H = -1.081*Hx + 0.3765 D_x^1.716151 H + -0.003177*H*Hx,3,18,False,H^2,H^2,u^2,0.861166,,0.861166,1.5,0.075,0,1.7,0.999,n/a,n/a,n/a,14.0695,5.57323,5.56827,49.5643,H^2,False,False
candidate_select_tsfade_noise5,5%,D_t^0.74561266 H = -1.081*Hx + 0.3765 D_x^1.716151 H + -0.003177*H*Hx,3,19,False,H,H,uxxt+u,0.828799,,0.828799,1,0.05,0,2,0.999,n/a,n/a,n/a,14.3103,6.31249,6.31183,6.6128,H,False,False
candidate_select_tsfade_noise5,5%,D_t^0.74561266 H = -1.081*Hx + 0.3765 D_x^1.716151 H + -0.003177*H*Hx,4,1,False,Hx + D_x^beta H + H*Hx,Hx + H*Hx + Hxx,ux+ut+u*ux+uxx,0.938601,,0.99873,4.5,0.225,0,1.7,0.745613,1.71615,-1.08059,0.376542,0.954594,0.995696,0.960996,1.735e+02,Hx+D_x^1.716151 H+H*Hx,True,False
candidate_select_tsfade_noise5,5%,D_t^0.74561266 H = -1.081*Hx + 0.3765 D_x^1.716151 H + -0.003177*H*Hx,4,2,False,Hx + D_x^beta H,Hx + Hxx,ut+ux+uxx,0.938628,,0.998759,2.5,0.125,0,2,0.743714,1.7007,-1.10599,0.36551,0.960579,0.97215,0.959941,61.0471,Hx+D_x^1.700696 H,True,True
candidate_select_tsfade_noise5,5%,D_t^0.74561266 H = -1.081*Hx + 0.3765 D_x^1.716151 H + -0.003177*H*Hx,4,3,False,Hx + D_x^beta H + Hxxx,Hxxx + Hxx + Hx,uxxx+ut+uxx+ux,0.903449,,0.998755,4.5,0.225,0,2,0.742653,1.68221,-1.11239,0.353991,0.967833,1.0131,0.960254,1.762e+02,Hx+D_x^1.682209 H,True,False
candidate_select_tsfade_noise5,5%,D_t^0.74561266 H = -1.081*Hx + 0.3765 D_x^1.716151 H + -0.003177*H*Hx,4,4,False,Hx + D_x^beta H + Hxxx + H*Hx,H*Hx + Hxxx + Hx + Hxx,u*ux+uxxx+ux+ut+uxx,0.938627,,0.998759,6.5,0.325,0,1.8,0.743717,1.70074,-1.10597,0.365538,1.00659,1.03518,0.959941,3.762e+02,Hx+D_x^1.700736 H,True,False
candidate_select_tsfade_noise5,5%,D_t^0.74561266 H = -1.081*Hx + 0.3765 D_x^1.716151 H + -0.003177*H*Hx,4,5,False,Hx + H^2,H^2 + Hx,u^2+ut+ux,0.937736,,0.997811,2.5,0.125,0,1.7,0.711877,n/a,-1.16577,n/a,1.42343,1.46072,1.40731,2.670e+02,Hx+H^2,False,False
candidate_select_tsfade_noise5,5%,D_t^0.74561266 H = -1.081*Hx + 0.3765 D_x^1.716151 H + -0.003177*H*Hx,4,6,False,Hx + Hxxx,Hxxx + Hx,uxxx+ut+ux,0.934654,,0.99453,3,0.15,0,1.8,0.684659,n/a,-1.28825,n/a,2.33279,2.35039,2.32598,1.220e+02,Hx+Hxxx,False,False
candidate_select_tsfade_noise5,5%,D_t^0.74561266 H = -1.081*Hx + 0.3765 D_x^1.716151 H + -0.003177*H*Hx,4,7,False,Hx + Hxxx + H*Hx,Hxxx + Hx + H*Hx,ut+uxxx+ux+u*ux,0.934654,,0.99453,5,0.25,0,2,0.684659,n/a,-1.28825,n/a,2.36598,2.37545,2.32598,2.473e+02,Hx+Hxxx,False,False
candidate_select_tsfade_noise5,5%,D_t^0.74561266 H = -1.081*Hx + 0.3765 D_x^1.716151 H + -0.003177*H*Hx,4,8,False,Hx,Hx,ux,0.994189,,0.994189,1,0.05,0,2,0.674671,n/a,-1.269,n/a,2.44539,2.45647,2.45555,9.26107,Hx,False,False
candidate_select_tsfade_noise5,5%,D_t^0.74561266 H = -1.081*Hx + 0.3765 D_x^1.716151 H + -0.003177*H*Hx,4,9,False,Hx + H*Hx,Hx + H*Hx,ux+ut+uxxt+u*ux,0.994257,,0.994257,3,0.15,0,2,0.673027,n/a,-1.27386,n/a,2.44746,2.44846,2.44546,30.0411,Hx,False,False
candidate_select_tsfade_noise5,5%,D_t^0.74561266 H = -1.081*Hx + 0.3765 D_x^1.716151 H + -0.003177*H*Hx,4,10,False,Hx + H^2*Hx,H^2*Hx + Hx,ux*u^2+ut+ux,0.994257,,0.994257,3.5,0.175,0,2,0.673027,n/a,-1.27386,n/a,2.4532,2.45924,2.44546,1.378e+02,Hx,False,False
candidate_select_tsfade_noise5,5%,D_t^0.74561266 H = -1.081*Hx + 0.3765 D_x^1.716151 H + -0.003177*H*Hx,4,11,False,Hx + Hxxx + H^2*Hx,Hxxx + Hx + H^2*Hx,uxxx+ux+ut+u^2*ux,0.934654,,0.99453,5.5,0.275,0,2,0.684659,n/a,-1.28825,n/a,2.58463,2.61185,2.32598,1.429e+03,Hx+Hxxx,False,False
candidate_select_tsfade_noise5,5%,D_t^0.74561266 H = -1.081*Hx + 0.3765 D_x^1.716151 H + -0.003177*H*Hx,4,12,False,Hxxx + H*Hx + H^2*Hx,H*Hx + H^2*Hx + Hxxx,u*ux+u^2*ux+uxxx+ut,0.891548,,0.985598,6.5,0.325,0,2,0.721418,n/a,-4.18822,n/a,3.8892,3.90685,3.45651,1.501e+03,Hxxx+H*Hx+H^2*Hx,False,False
candidate_select_tsfade_noise5,5%,D_t^0.74561266 H = -1.081*Hx + 0.3765 D_x^1.716151 H + -0.003177*H*Hx,4,13,False,D_x^beta H + Hxxx + H*Hx,H*Hx + Hxx + Hxxx,ut+ux*u+uxx+uxxx,0.886522,,0.980042,5.5,0.275,0.1,2,0.999,2,1.24715,1.20742,4.01946,2.16554,2.08771,2.595e+02,D_x^2 H+Hxxx+H*Hx,False,False
candidate_select_tsfade_noise5,5%,D_t^0.74561266 H = -1.081*Hx + 0.3765 D_x^1.716151 H + -0.003177*H*Hx,4,14,False,H*Hx + H^2*Hx,H^2*Hx + H*Hx,ux*u^2+u*ux+ut,0.921789,,0.980842,4.5,0.225,0,2,0.68901,n/a,n/a,n/a,4.47659,4.48351,4.47117,61.7078,H*Hx+H^2*Hx,False,False
candidate_select_tsfade_noise5,5%,D_t^0.74561266 H = -1.081*Hx + 0.3765 D_x^1.716151 H + -0.003177*H*Hx,4,15,False,H*Hx + H*Hxx,H*Hxx + H*Hx,uxx*u+u*ux+uxxt,0.878405,,0.934678,4,0.2,0,2,0.999,n/a,n/a,n/a,4.73046,3.92044,3.91807,11.8838,H*Hx+H*Hxx,False,False
candidate_select_tsfade_noise5,5%,D_t^0.74561266 H = -1.081*Hx + 0.3765 D_x^1.716151 H + -0.003177*H*Hx,4,16,False,H + H*Hx,H + H*Hx,u+ut+u*ux,0.812946,,0.865026,3,0.15,0,2,0.999,n/a,n/a,n/a,5.84515,5.6296,5.62544,20.8038,H+H*Hx,False,False
candidate_select_tsfade_noise5,5%,D_t^0.74561266 H = -1.081*Hx + 0.3765 D_x^1.716151 H + -0.003177*H*Hx,4,17,False,Hxxx + H*Hx,H*Hx + Hxxx,ux*u+uxxx+ut,0.800375,,0.851649,4,0.2,0,2,0.999,n/a,-2.68201,n/a,6.23063,5.68883,5.64342,2.270e+02,Hxxx+H*Hx,False,False
candidate_select_tsfade_noise5,5%,D_t^0.74561266 H = -1.081*Hx + 0.3765 D_x^1.716151 H + -0.003177*H*Hx,4,18,False,H*Hx,H*Hx,ut+ux*u,0.813479,,0.813479,2,0.1,0,2,0.999,n/a,n/a,n/a,6.57846,6.50167,6.50056,11.0583,H*Hx,False,False
candidate_select_tsfade_noise5,5%,D_t^0.74561266 H = -1.081*Hx + 0.3765 D_x^1.716151 H + -0.003177*H*Hx,4,19,False,H^2*Hx,H^2*Hx,u^2*ux+ut+ut^2,0.791806,,0.791806,2.5,0.125,0,2,0.999,n/a,n/a,n/a,8.0958,6.83389,6.82953,43.5779,H^2*Hx,False,False
candidate_select_tsfade_noise5,5%,D_t^0.74561266 H = -1.081*Hx + 0.3765 D_x^1.716151 H + -0.003177*H*Hx,4,20,False,Hxxx + H^2*Hx,H^2*Hx + Hxxx,ut+ux*u^2+uxxx,0.779274,,0.829196,4.5,0.225,0,2,0.999,n/a,0.881836,n/a,8.28213,6.312,6.02259,1.447e+03,Hxxx+H^2*Hx,False,False
candidate_select_tsfade_noise5,5%,D_t^0.74561266 H = -1.081*Hx + 0.3765 D_x^1.716151 H + -0.003177*H*Hx,4,21,False,H + D_x^beta H + H^2,H + Hxx + H^2,ut+u+uxx+u^2,0.922803,,0.98192,4,0.2,0.1,2,0.999,2,n/a,5.87622,8.86999,2.32468,1.99824,1.632e+03,H+D_x^2 H+H^2,False,False
candidate_select_tsfade_noise5,5%,D_t^0.74561266 H = -1.081*Hx + 0.3765 D_x^1.716151 H + -0.003177*H*Hx,4,22,False,D_x^beta H + H^2,H^2 + Hxx,u^2+utt+uxx,0.976791,,0.976791,3,0.15,0.1,2,0.999,2,n/a,4.1714,9.67087,2.46676,2.30673,1.600e+03,D_x^2 H+H^2,False,False
candidate_select_tsfade_noise5,5%,D_t^0.74561266 H = -1.081*Hx + 0.3765 D_x^1.716151 H + -0.003177*H*Hx,4,23,False,H + D_x^beta H,Hxx + H,utt+uxx+u,0.922803,,0.98192,2.5,0.125,0.1,2,0.999,2,n/a,3.19308,10.2306,2.04154,1.99824,2.165e+02,H+D_x^2 H,False,False
candidate_select_tsfade_noise5,5%,D_t^0.74561266 H = -1.081*Hx + 0.3765 D_x^1.716151 H + -0.003177*H*Hx,4,24,False,Hxxx,Hxxx,uxxx,0.798662,,0.798662,2,0.1,0,2,0.999,n/a,7.26628,n/a,11.318,6.51814,6.51178,63.61,Hxxx,False,False
candidate_select_tsfade_noise5,5%,D_t^0.74561266 H = -1.081*Hx + 0.3765 D_x^1.716151 H + -0.003177*H*Hx,4,25,False,D_x^beta H,Hxx,uxx+utt,0.976791,,0.976791,1.5,0.075,0.1,2,0.999,2,n/a,1.77202,11.7796,2.31004,2.30673,33.0986,D_x^2 H,False,False
candidate_select_tsfade_noise5,5%,D_t^0.74561266 H = -1.081*Hx + 0.3765 D_x^1.716151 H + -0.003177*H*Hx,4,26,False,H*Hxxx,H*Hxxx,u*uxxx,0.793325,,0.793325,3,0.15,0,2,0.999,n/a,n/a,n/a,11.9143,6.63426,6.63331,9.45395,H*Hxxx,False,False
candidate_select_tsfade_noise5,5%,D_t^0.74561266 H = -1.081*Hx + 0.3765 D_x^1.716151 H + -0.003177*H*Hx,4,27,False,H + H^2,H + H^2,u+ut+u^2,0.863067,,0.918358,2.5,0.125,0,2,0.999,n/a,n/a,n/a,13.1704,4.24603,4.23609,49.6971,H+H^2,False,False
candidate_select_tsfade_noise5,5%,D_t^0.74561266 H = -1.081*Hx + 0.3765 D_x^1.716151 H + -0.003177*H*Hx,4,28,False,H,H,ut+u,0.828799,,0.828799,1,0.05,0,2,0.999,n/a,n/a,n/a,14.3103,6.31249,6.31183,6.6128,H,False,False
candidate_select_tsfade_noise5,5%,D_t^0.74561266 H = -1.081*Hx + 0.3765 D_x^1.716151 H + -0.003177*H*Hx,4,29,False,H^2,H^2,ut+u^2,0.758306,,0.758306,1.5,0.075,0,2,0.999,n/a,n/a,n/a,inf,7.33374,7.33374,48.6514,alpha_correction,False,False
candidate_select_tsfade_noise25,25%,D_t^0.73413432 H = -1.188*Hx + 0.2069 D_x^1.5 H + 0.009486*H*Hx,0,1,False,Hx + D_x^beta H,Hxx + Hx,uxx+ut+ux,0.938379,,0.998494,2.5,0.125,0,1.7,0.749682,1.59052,-1.08476,0.255084,0.938127,0.94432,0.937566,33.7674,Hx+D_x^1.590516 H,True,True
candidate_select_tsfade_noise25,25%,D_t^0.73413432 H = -1.188*Hx + 0.2069 D_x^1.5 H + 0.009486*H*Hx,0,2,False,H + Hx + D_x^beta H + Hxxx,Hx + H + Hxxx + Hxx,ux+utt+u+uxxx+uxx,0.903326,,0.998619,5.5,0.275,0,2,0.742232,1.55,-1.10843,0.231375,1.02998,1.08294,0.926414,5.218e+02,Hx+D_x^1.55 H,True,False
candidate_select_tsfade_noise25,25%,D_t^0.73413432 H = -1.188*Hx + 0.2069 D_x^1.5 H + 0.009486*H*Hx,0,3,False,Hx + D_x^beta H + H^2,H^2 + Hx + Hxx,ut+u^2+ux+uxx,0.938398,,0.998514,4,0.2,0,1.8,0.750355,1.59924,-1.08169,0.25916,1.09279,1.113,0.937641,8.768e+02,Hx+D_x^1.599236 H,True,False
candidate_select_tsfade_noise25,25%,D_t^0.73413432 H = -1.188*Hx + 0.2069 D_x^1.5 H + 0.009486*H*Hx,0,4,False,Hx + H*Hx,H*Hx + Hx,uxxt+ut+ux*u+ux,0.935137,,0.995044,3,0.15,0,2,0.684814,n/a,-1.281,n/a,2.06028,2.06364,2.05808,27.8227,Hx+H*Hx,False,False
candidate_select_tsfade_noise25,25%,D_t^0.73413432 H = -1.188*Hx + 0.2069 D_x^1.5 H + 0.009486*H*Hx,0,5,False,Hx + Hxxx,Hxxx + Hx,ut+uxxx+ux,0.934868,,0.994759,3,0.15,0,2,0.693213,n/a,-1.2126,n/a,2.08629,2.09965,2.08253,85.5929,Hx+Hxxx,False,False
candidate_select_tsfade_noise25,25%,D_t^0.73413432 H = -1.188*Hx + 0.2069 D_x^1.5 H + 0.009486*H*Hx,0,6,False,Hx,Hx,ux,0.994602,,0.994602,1,0.05,0,2,0.687913,n/a,-1.20144,n/a,2.13893,2.14101,2.14019,8.26603,Hx,False,False
candidate_select_tsfade_noise25,25%,D_t^0.73413432 H = -1.188*Hx + 0.2069 D_x^1.5 H + 0.009486*H*Hx,0,7,False,Hx + Hxxx + H^2*Hx,H^2*Hx + Hxxx + Hx,ux*u^2+ut+uxxx+ux,0.934868,,0.994759,5.5,0.275,0,2,0.693213,n/a,-1.2126,n/a,2.30158,2.31759,2.08253,1.175e+03,Hx+Hxxx,False,False
candidate_select_tsfade_noise25,25%,D_t^0.73413432 H = -1.188*Hx + 0.2069 D_x^1.5 H + 0.009486*H*Hx,0,8,False,D_x^beta H + H*Hx,H*Hx + Hxx,ux*u+uxx,0.918013,,0.976824,3.5,0.175,0.1,2,0.999,2,n/a,1.02982,4.2443,2.181,2.15247,1.427e+02,D_x^2 H+H*Hx,False,False
candidate_select_tsfade_noise25,25%,D_t^0.73413432 H = -1.188*Hx + 0.2069 D_x^1.5 H + 0.009486*H*Hx,0,9,False,D_x^beta H + Hxxx + H*Hx,Hxx + H*Hx + Hxxx,ut+uxx+ux*u+uxxx,0.920673,,0.979654,5.5,0.275,0.1,1.7,0.999,2,0,1.02982,4.27807,2.06097,2.01767,2.165e+02,D_x^2 H+H*Hx,False,False
candidate_select_tsfade_noise25,25%,D_t^0.73413432 H = -1.188*Hx + 0.2069 D_x^1.5 H + 0.009486*H*Hx,0,10,False,H^2 + H*Hx,H^2 + H*Hx,ut+u^2+u*ux,0.839557,,0.893342,3.5,0.175,0,2,0.999,n/a,n/a,n/a,5.37841,4.61774,4.58765,1.505e+02,H^2+H*Hx,False,False
candidate_select_tsfade_noise25,25%,D_t^0.73413432 H = -1.188*Hx + 0.2069 D_x^1.5 H + 0.009486*H*Hx,0,11,False,Hxxx + H^2 + H*Hx,H*Hx + Hxxx + H^2,ux*u+uxxx+u^2+ut,0.822934,,0.909745,5.5,0.275,0,2,0.999,n/a,-1.87437,n/a,5.90167,4.97852,4.21611,2.541e+03,Hxxx+H^2+H*Hx,False,False
candidate_select_tsfade_noise25,25%,D_t^0.73413432 H = -1.188*Hx + 0.2069 D_x^1.5 H + 0.009486*H*Hx,0,12,False,Hxxx + H*Hx,Hxxx + H*Hx,uxxx+ut+u*ux,0.788571,,0.839089,4,0.2,0,2,0.999,n/a,-2.9484,n/a,6.21264,5.86781,5.83209,1.786e+02,Hxxx+H*Hx,False,False
candidate_select_tsfade_noise25,25%,D_t^0.73413432 H = -1.188*Hx + 0.2069 D_x^1.5 H + 0.009486*H*Hx,0,13,False,H*Hx,H*Hx,u*ux+ut+uxt,0.802319,,0.802319,2,0.1,0,2,0.999,n/a,n/a,n/a,6.59803,6.37667,6.37562,10.4401,H*Hx,False,False
candidate_select_tsfade_noise25,25%,D_t^0.73413432 H = -1.188*Hx + 0.2069 D_x^1.5 H + 0.009486*H*Hx,0,14,False,H + D_x^beta H + H^2,H + H^2 + Hxx,utt+u+u^2+uxx,0.972707,,0.972707,4,0.2,0.1,2,0.999,2,n/a,5.57056,8.27639,2.53719,2.36624,1.709e+03,H+D_x^2 H+H^2,False,False
candidate_select_tsfade_noise25,25%,D_t^0.73413432 H = -1.188*Hx + 0.2069 D_x^1.5 H + 0.009486*H*Hx,0,15,False,Hxxx + H^2*Hx,H^2*Hx + Hxxx,ux*u^2+ut+uxxx,0.76365,,0.812572,4.5,0.225,0,2,0.999,n/a,-0.466559,n/a,8.35805,6.47652,6.24312,1.167e+03,Hxxx+H^2*Hx,False,False
candidate_select_tsfade_noise25,25%,D_t^0.73413432 H = -1.188*Hx + 0.2069 D_x^1.5 H + 0.009486*H*Hx,0,16,False,H + D_x^beta H,Hxx + H,utt+uxx+u,0.915359,,0.974,2.5,0.125,0.1,2,0.999,2,n/a,3.00087,9.54263,2.34455,2.31315,1.570e+02,H+D_x^2 H,False,False
candidate_select_tsfade_noise25,25%,D_t^0.73413432 H = -1.188*Hx + 0.2069 D_x^1.5 H + 0.009486*H*Hx,0,17,False,D_x^beta H,Hxx,utt+uxx,0.972707,,0.972707,1.5,0.075,0.1,2,0.999,2,n/a,1.64522,11.5831,2.3685,2.36624,22.6101,D_x^2 H,False,False
candidate_select_tsfade_noise25,25%,D_t^0.73413432 H = -1.188*Hx + 0.2069 D_x^1.5 H + 0.009486*H*Hx,0,18,False,H + H^2,H + H^2,u+u^2+ut,0.858558,,0.91356,2.5,0.125,0,2,0.999,n/a,n/a,n/a,12.6262,4.22136,4.21015,56.0227,H+H^2,False,False
candidate_select_tsfade_noise25,25%,D_t^0.73413432 H = -1.188*Hx + 0.2069 D_x^1.5 H + 0.009486*H*Hx,0,19,False,H^2*Hx,H^2*Hx,ut+u^2*ux+uxxt,0.747915,,0.747915,2.5,0.125,0,2,0.999,n/a,n/a,n/a,inf,7.00672,7.00672,44.9107,alpha_correction,False,False
candidate_select_tsfade_noise25,25%,D_t^0.73413432 H = -1.188*Hx + 0.2069 D_x^1.5 H + 0.009486*H*Hx,0,20,False,H^2,H^2,u^2,0.747915,,0.747915,1.5,0.075,0,2,0.999,n/a,n/a,n/a,inf,7.00672,7.00672,52.8892,alpha_correction,False,False
candidate_select_tsfade_noise25,25%,D_t^0.73413432 H = -1.188*Hx + 0.2069 D_x^1.5 H + 0.009486*H*Hx,1,1,False,Hx + D_x^beta H,Hxx + Hx,uxx+ut+ux,0.938379,,0.998494,2.5,0.125,0,1.7,0.749682,1.59052,-1.08476,0.255084,0.938127,0.94432,0.937566,33.7674,Hx+D_x^1.590516 H,True,True
candidate_select_tsfade_noise25,25%,D_t^0.73413432 H = -1.188*Hx + 0.2069 D_x^1.5 H + 0.009486*H*Hx,1,2,False,Hx + H^2,H^2 + Hx,u^2+ux+ut,0.938113,,0.998211,2.5,0.125,0,1.8,0.735302,n/a,-1.08531,n/a,1.10906,1.14799,1.09249,2.775e+02,Hx+H^2,False,False
candidate_select_tsfade_noise25,25%,D_t^0.73413432 H = -1.188*Hx + 0.2069 D_x^1.5 H + 0.009486*H*Hx,1,3,False,H + Hx,H + Hx,u+ut+ux,0.937347,,0.997396,2,0.1,0,2,0.722807,n/a,-1.12145,n/a,1.34892,1.35367,1.34663,35.1819,H+Hx,False,False
candidate_select_tsfade_noise25,25%,D_t^0.73413432 H = -1.188*Hx + 0.2069 D_x^1.5 H + 0.009486*H*Hx,1,4,False,Hx + H^2*Hx,H^2*Hx + Hx,ut+u^2*ux+ux,0.93523,,0.995144,3.5,0.175,0,1.8,0.683173,n/a,-1.25847,n/a,2.05296,2.06585,2.03887,1.349e+02,Hx+H^2*Hx,False,False
candidate_select_tsfade_noise25,25%,D_t^0.73413432 H = -1.188*Hx + 0.2069 D_x^1.5 H + 0.009486*H*Hx,1,5,False,Hx + H*Hx,Hx + H*Hx,ux+u*ux+ut+uxxt,0.935137,,0.995044,3,0.15,0,1.8,0.684814,n/a,-1.281,n/a,2.06028,2.06364,2.05808,27.8227,Hx+H*Hx,False,False
candidate_select_tsfade_noise25,25%,D_t^0.73413432 H = -1.188*Hx + 0.2069 D_x^1.5 H + 0.009486*H*Hx,1,6,False,Hx + Hxxx,Hxxx + Hx + Hx,uxxx+ut+ux+ux,0.934868,,0.994759,3,0.15,0,2,0.693213,n/a,-1.2126,n/a,2.08629,2.09965,2.08253,85.5929,Hx+Hxxx,False,False
candidate_select_tsfade_noise25,25%,D_t^0.73413432 H = -1.188*Hx + 0.2069 D_x^1.5 H + 0.009486*H*Hx,1,7,False,Hx + Hxxx + H*Hx,Hxxx + H*Hx + Hx,ut+uxxx+u*ux+ux,0.900072,,0.995021,5,0.25,0,2,0.689149,n/a,-1.26469,n/a,2.0965,2.10702,2.04662,2.013e+02,Hx+Hxxx+H*Hx,False,False
candidate_select_tsfade_noise25,25%,D_t^0.73413432 H = -1.188*Hx + 0.2069 D_x^1.5 H + 0.009486*H*Hx,1,8,False,Hx,Hx,ux,0.994602,,0.994602,1,0.05,0,2,0.687913,n/a,-1.20144,n/a,2.13893,2.14101,2.14019,8.26603,Hx,False,False
candidate_select_tsfade_noise25,25%,D_t^0.73413432 H = -1.188*Hx + 0.2069 D_x^1.5 H + 0.009486*H*Hx,1,9,False,H + D_x^beta H + H*Hx,Hxx + H + H*Hx,uxx+u+ux*u+ut,0.972707,,0.972707,4.5,0.225,0.1,2,0.999,2,n/a,1.49267,3.84703,2.39781,2.36624,3.157e+02,H+D_x^2 H+H*Hx,False,False
candidate_select_tsfade_noise25,25%,D_t^0.73413432 H = -1.188*Hx + 0.2069 D_x^1.5 H + 0.009486*H*Hx,1,10,False,D_x^beta H + H*Hx,H*Hx + Hxx,ut+ux*u+uxx,0.91829,,0.977119,3.5,0.175,0.1,2,0.999,2,n/a,1.02982,4.2443,2.21046,2.18191,1.427e+02,D_x^2 H+H*Hx,False,False
candidate_select_tsfade_noise25,25%,D_t^0.73413432 H = -1.188*Hx + 0.2069 D_x^1.5 H + 0.009486*H*Hx,1,11,False,H^2 + H*Hx,H*Hx + H^2,u*ux+ut+u^2,0.839557,,0.893342,3.5,0.175,0,2,0.999,n/a,n/a,n/a,5.37841,4.61774,4.58765,1.505e+02,H^2+H*Hx,False,False
candidate_select_tsfade_noise25,25%,D_t^0.73413432 H = -1.188*Hx + 0.2069 D_x^1.5 H + 0.009486*H*Hx,1,12,False,H + H*Hx,H + H*Hx,ut+u+u*ux,0.80906,,0.860891,3,0.15,0,2,0.999,n/a,n/a,n/a,5.92913,5.25396,5.24986,20.5301,H+H*Hx,False,False
candidate_select_tsfade_noise25,25%,D_t^0.73413432 H = -1.188*Hx + 0.2069 D_x^1.5 H + 0.009486*H*Hx,1,13,False,H*Hx + H*Hxxx,H*Hx + H*Hxxx,ux*u+u*uxxx,0.792669,,0.84345,5,0.25,0,2,0.999,n/a,n/a,n/a,6.04228,5.7556,5.75086,23.7072,H*Hx+H*Hxxx,False,False
candidate_select_tsfade_noise25,25%,D_t^0.73413432 H = -1.188*Hx + 0.2069 D_x^1.5 H + 0.009486*H*Hx,1,14,False,Hxxx + H*Hx,Hxxx + H*Hx,uxxx+u*ux+ut+uxt,0.788571,,0.839089,4,0.2,0,2,0.999,n/a,-2.9484,n/a,6.21264,5.86781,5.83209,1.786e+02,Hxxx+H*Hx,False,False
candidate_select_tsfade_noise25,25%,D_t^0.73413432 H = -1.188*Hx + 0.2069 D_x^1.5 H + 0.009486*H*Hx,1,15,False,H*Hx,H*Hx,ux*u+ut^3+ut,0.802319,,0.802319,2,0.1,0,2,0.999,n/a,n/a,n/a,6.59803,6.37667,6.37562,10.4401,H*Hx,False,False
candidate_select_tsfade_noise25,25%,D_t^0.73413432 H = -1.188*Hx + 0.2069 D_x^1.5 H + 0.009486*H*Hx,1,16,False,H + Hxxx + H^2*Hx,H^2*Hx + Hxxx + H,ut+ux*u^2+uxxx+u,0.796928,,0.847982,5.5,0.275,0,2,0.999,n/a,-0.060351,n/a,8.08953,5.53891,5.30525,1.168e+03,H+Hxxx+H^2*Hx,False,False
candidate_select_tsfade_noise25,25%,D_t^0.73413432 H = -1.188*Hx + 0.2069 D_x^1.5 H + 0.009486*H*Hx,1,17,False,H^2*Hx,H^2*Hx,ux*u^2,0.776841,,0.776841,2.5,0.125,0,1.8,0.999,n/a,n/a,n/a,8.152,6.58836,6.58376,45.986,H^2*Hx,False,False
candidate_select_tsfade_noise25,25%,D_t^0.73413432 H = -1.188*Hx + 0.2069 D_x^1.5 H + 0.009486*H*Hx,1,18,False,D_x^beta H + H^2,H^2 + Hxx,u^2+uxx+utt,0.972707,,0.972707,3,0.15,0.1,2,0.999,2,n/a,3.89871,8.9426,2.48233,2.36624,1.161e+03,D_x^2 H+H^2,False,False
candidate_select_tsfade_noise25,25%,D_t^0.73413432 H = -1.188*Hx + 0.2069 D_x^1.5 H + 0.009486*H*Hx,1,19,False,H + D_x^beta H,Hxx + H,uxx+ut+u,0.915359,,0.974,2.5,0.125,0.1,2,0.999,2,n/a,3.00087,9.54263,2.34455,2.31315,1.570e+02,H+D_x^2 H,False,False
candidate_select_tsfade_noise25,25%,D_t^0.73413432 H = -1.188*Hx + 0.2069 D_x^1.5 H + 0.009486*H*Hx,1,20,False,Hxxx,Hxxx,uxxx+uxxtt,0.760782,,0.760782,2,0.1,0,2,0.999,n/a,6.26328,n/a,11.1425,6.88519,6.88065,45.3153,Hxxx,False,False
candidate_select_tsfade_noise25,25%,D_t^0.73413432 H = -1.188*Hx + 0.2069 D_x^1.5 H + 0.009486*H*Hx,1,21,False,D_x^beta H,Hxx,ut^3+utt+ut+uxx,0.972707,,0.972707,1.5,0.075,0.1,2,0.999,2,n/a,1.64522,11.5831,2.3685,2.36624,22.6101,D_x^2 H,False,False
candidate_select_tsfade_noise25,25%,D_t^0.73413432 H = -1.188*Hx + 0.2069 D_x^1.5 H + 0.009486*H*Hx,1,22,False,H^2,H^2,u^2,0.867555,,0.867555,1.5,0.075,0,1.7,0.999,n/a,n/a,n/a,13.9226,4.87906,4.87368,53.8368,H^2,False,False
candidate_select_tsfade_noise25,25%,D_t^0.73413432 H = -1.188*Hx + 0.2069 D_x^1.5 H + 0.009486*H*Hx,1,23,False,H,H,ut+u,0.833908,,0.833908,1,0.05,0,2,0.999,n/a,n/a,n/a,14.142,5.56322,5.5625,7.18911,H,False,False
candidate_select_tsfade_noise25,25%,D_t^0.73413432 H = -1.188*Hx + 0.2069 D_x^1.5 H + 0.009486*H*Hx,2,1,True,Hx + D_x^beta H + H*Hx,Hxx + H*Hx + Hx,ut+uxx+ux*u+ux,0.903493,,0.998803,4.5,0.225,0,2,0.734134,1.5,-1.1878,0.20689,0.878463,0.890908,0.866716,80.6409,Hx+D_x^1.5 H+H*Hx,True,False
candidate_select_tsfade_noise25,25%,D_t^0.73413432 H = -1.188*Hx + 0.2069 D_x^1.5 H + 0.009486*H*Hx,2,2,False,Hx + D_x^beta H,Hx + Hxx,ux+uxx+ut,0.938379,,0.998494,2.5,0.125,0,1.7,0.749682,1.59052,-1.08476,0.255084,0.938127,0.94432,0.937566,33.7674,Hx+D_x^1.590516 H,True,True
candidate_select_tsfade_noise25,25%,D_t^0.73413432 H = -1.188*Hx + 0.2069 D_x^1.5 H + 0.009486*H*Hx,2,3,False,Hx + D_x^beta H + Hxxx,Hxxx + Hxx + Hx + Hx,uxxx+uxx+ux+ut+ux,0.903183,,0.998461,4.5,0.225,0,2,0.750554,1.59517,-1.07949,0.260604,0.945374,0.975294,0.935087,1.340e+02,Hx+D_x^1.595166 H+Hxxx,True,False
candidate_select_tsfade_noise25,25%,D_t^0.73413432 H = -1.188*Hx + 0.2069 D_x^1.5 H + 0.009486*H*Hx,2,4,False,H + Hx + H^2,Hx + H^2 + H,ux+ut+u^2+u,0.902941,,0.998193,3.5,0.175,0,2,0.745279,n/a,-1.05286,n/a,0.969197,1.06119,0.953316,3.596e+02,H+Hx+H^2,False,False
candidate_select_tsfade_noise25,25%,D_t^0.73413432 H = -1.188*Hx + 0.2069 D_x^1.5 H + 0.009486*H*Hx,2,5,False,Hx + D_x^beta H + Hxxx + H*Hx,H*Hx + Hxx + Hxxx + Hx,u*ux+ut+uxx+uxxx+ux,0.896384,,0.990944,6.5,0.325,0,1.7,0.759191,1.85,-1.05633,0.431373,0.981377,1.45438,1.37823,2.538e+02,Hx+D_x^1.85 H+Hxxx+H*Hx,True,False
candidate_select_tsfade_noise25,25%,D_t^0.73413432 H = -1.188*Hx + 0.2069 D_x^1.5 H + 0.009486*H*Hx,2,6,False,Hx + H^2,H^2 + Hx,u^2+ux+ut,0.994152,,0.994152,2.5,0.125,0,1.8,0.688826,n/a,-1.20403,n/a,1.46589,2.16523,2.13951,2.572e+02,Hx+H^2,False,False
candidate_select_tsfade_noise25,25%,D_t^0.73413432 H = -1.188*Hx + 0.2069 D_x^1.5 H + 0.009486*H*Hx,2,7,False,Hx + H*Hxxx,Hx + H*Hxxx + Hx,uxxt+ut+ux+uxxx*u+ux,0.935206,,0.995118,4,0.2,0,2,0.69451,n/a,-1.21495,n/a,1.99907,2.00218,1.99987,11.5618,Hx+H*Hxxx,False,False
candidate_select_tsfade_noise25,25%,D_t^0.73413432 H = -1.188*Hx + 0.2069 D_x^1.5 H + 0.009486*H*Hx,2,8,False,Hx + H*Hx,H*Hx + Hx,u*ux+ux+uxxt+ut,0.935137,,0.995044,3,0.15,0,2,0.684814,n/a,-1.281,n/a,2.06028,2.06364,2.05808,27.8227,Hx+H*Hx,False,False
candidate_select_tsfade_noise25,25%,D_t^0.73413432 H = -1.188*Hx + 0.2069 D_x^1.5 H + 0.009486*H*Hx,2,9,False,Hx + Hxxx,Hxxx + Hx,uxxx+ut+ux,0.934868,,0.994759,3,0.15,0,2,0.693213,n/a,-1.2126,n/a,2.08629,2.09965,2.08253,85.5929,Hx+Hxxx,False,False
candidate_select_tsfade_noise25,25%,D_t^0.73413432 H = -1.188*Hx + 0.2069 D_x^1.5 H + 0.009486*H*Hx,2,10,False,Hx,Hx,ux,0.994602,,0.994602,1,0.05,0,2,0.687913,n/a,-1.20144,n/a,2.13893,2.14101,2.14019,8.26603,Hx,False,False
candidate_select_tsfade_noise25,25%,D_t^0.73413432 H = -1.188*Hx + 0.2069 D_x^1.5 H + 0.009486*H*Hx,2,11,False,D_x^beta H + H*Hx,Hxx + H*Hx,uxx+u*ux+ut,0.91829,,0.977119,3.5,0.175,0.1,2,0.999,2,n/a,1.02982,4.2443,2.21046,2.18191,1.427e+02,D_x^2 H+H*Hx,False,False
candidate_select_tsfade_noise25,25%,D_t^0.73413432 H = -1.188*Hx + 0.2069 D_x^1.5 H + 0.009486*H*Hx,2,12,False,Hxxx + H*Hx + H^2*Hx,H*Hx + Hxxx + H^2*Hx,ux*u+uxxx+u^2*ux+ut,0.883817,,0.977051,6.5,0.325,0,2,0.720278,n/a,-2.9692,n/a,4.36824,4.37289,4.01575,1.190e+03,Hxxx+H*Hx+H^2*Hx,False,False
candidate_select_tsfade_noise25,25%,D_t^0.73413432 H = -1.188*Hx + 0.2069 D_x^1.5 H + 0.009486*H*Hx,2,13,False,H + H*Hx,H + H*Hx,u+u*ux+ut,0.80906,,0.860891,3,0.15,0,2,0.999,n/a,n/a,n/a,5.92913,5.25396,5.24986,20.5301,H+H*Hx,False,False
candidate_select_tsfade_noise25,25%,D_t^0.73413432 H = -1.188*Hx + 0.2069 D_x^1.5 H + 0.009486*H*Hx,2,14,False,Hxxx + H*Hx,H*Hx + Hxxx,ut+ux*u+uxxx,0.788571,,0.839089,4,0.2,0,2,0.999,n/a,-2.9484,n/a,6.21264,5.86781,5.83209,1.786e+02,Hxxx+H*Hx,False,False
candidate_select_tsfade_noise25,25%,D_t^0.73413432 H = -1.188*Hx + 0.2069 D_x^1.5 H + 0.009486*H*Hx,2,15,False,H*Hx,H*Hx,u*ux,0.802319,,0.802319,2,0.1,0,2,0.999,n/a,n/a,n/a,6.59803,6.37667,6.37562,10.4401,H*Hx,False,False
candidate_select_tsfade_noise25,25%,D_t^0.73413432 H = -1.188*Hx + 0.2069 D_x^1.5 H + 0.009486*H*Hx,2,16,False,H + D_x^beta H + H^2,Hxx + H + H^2,uxx+ut+u+u^2,0.972707,,0.972707,4,0.2,0.1,2,0.999,2,n/a,5.57056,8.27639,2.53719,2.36624,1.709e+03,H+D_x^2 H+H^2,False,False
candidate_select_tsfade_noise25,25%,D_t^0.73413432 H = -1.188*Hx + 0.2069 D_x^1.5 H + 0.009486*H*Hx,2,17,False,Hxxx + H^2*Hx,H^2*Hx + Hxxx,ux*u^2+uxxx+ut,0.76365,,0.812572,4.5,0.225,0,2,0.999,n/a,-0.466559,n/a,8.35805,6.47652,6.24312,1.167e+03,Hxxx+H^2*Hx,False,False
candidate_select_tsfade_noise25,25%,D_t^0.73413432 H = -1.188*Hx + 0.2069 D_x^1.5 H + 0.009486*H*Hx,2,18,False,D_x^beta H + H^2,Hxx + H^2,utt+uxx+u^2,0.972195,,0.972195,3,0.15,0.1,2,0.999,2,n/a,3.89871,8.9426,2.45813,2.34064,1.175e+03,D_x^2 H+H^2,False,False
candidate_select_tsfade_noise25,25%,D_t^0.73413432 H = -1.188*Hx + 0.2069 D_x^1.5 H + 0.009486*H*Hx,2,19,False,H + D_x^beta H,Hxx + H,uxx+u+ut,0.972707,,0.972707,2.5,0.125,0.1,2,0.999,2,n/a,3.00087,9.54263,2.38194,2.36624,1.570e+02,H+D_x^2 H,False,False
candidate_select_tsfade_noise25,25%,D_t^0.73413432 H = -1.188*Hx + 0.2069 D_x^1.5 H + 0.009486*H*Hx,2,20,False,Hxxx,Hxxx,uxxx+ut,0.760782,,0.760782,2,0.1,0,2,0.999,n/a,6.26328,n/a,11.1425,6.88519,6.88065,45.3153,Hxxx,False,False
candidate_select_tsfade_noise25,25%,D_t^0.73413432 H = -1.188*Hx + 0.2069 D_x^1.5 H + 0.009486*H*Hx,2,21,False,D_x^beta H,Hxx,uxx+uxt+utt,0.972707,,0.972707,1.5,0.075,0.1,2,0.999,2,n/a,1.64522,11.5831,2.3685,2.36624,22.6101,D_x^2 H,False,False
candidate_select_tsfade_noise25,25%,D_t^0.73413432 H = -1.188*Hx + 0.2069 D_x^1.5 H + 0.009486*H*Hx,2,22,False,H + H^2,H + H^2,ut+u+u^2,0.858558,,0.91356,2.5,0.125,0,2,0.999,n/a,n/a,n/a,12.6262,4.22136,4.21015,56.0227,H+H^2,False,False
candidate_select_tsfade_noise25,25%,D_t^0.73413432 H = -1.188*Hx + 0.2069 D_x^1.5 H + 0.009486*H*Hx,2,23,False,H,H,u,0.833908,,0.833908,1,0.05,0,2,0.999,n/a,n/a,n/a,14.142,5.56322,5.5625,7.18911,H,False,False
candidate_select_tsfade_noise25,25%,D_t^0.73413432 H = -1.188*Hx + 0.2069 D_x^1.5 H + 0.009486*H*Hx,3,1,False,Hx + D_x^beta H,Hxx + Hx,uxx+ux,0.938379,,0.998494,2.5,0.125,0,1.7,0.749682,1.59052,-1.08476,0.255084,0.938127,0.94432,0.937566,33.7674,Hx+D_x^1.590516 H,True,True
candidate_select_tsfade_noise25,25%,D_t^0.73413432 H = -1.188*Hx + 0.2069 D_x^1.5 H + 0.009486*H*Hx,3,2,False,Hx + H^2,H^2 + Hx,u^2+ut+ux,0.938367,,0.998481,2.5,0.125,0,2,0.730674,n/a,-1.09673,n/a,1.11334,1.1511,1.09982,2.564e+02,Hx+H^2,False,False
candidate_select_tsfade_noise25,25%,D_t^0.73413432 H = -1.188*Hx + 0.2069 D_x^1.5 H + 0.009486*H*Hx,3,3,False,H + Hx,Hx + H,ux+u,0.937347,,0.997396,2,0.1,0,2,0.722807,n/a,-1.12145,n/a,1.34892,1.35367,1.34663,35.1819,H+Hx,False,False
candidate_select_tsfade_noise25,25%,D_t^0.73413432 H = -1.188*Hx + 0.2069 D_x^1.5 H + 0.009486*H*Hx,3,4,False,Hx + H*Hx,Hx + H*Hx,ux+ut+ux*u+uxxt,0.935137,,0.995044,3,0.15,0,2,0.684814,n/a,-1.281,n/a,2.06028,2.06364,2.05808,27.8227,Hx+H*Hx,False,False
candidate_select_tsfade_noise25,25%,D_t^0.73413432 H = -1.188*Hx + 0.2069 D_x^1.5 H + 0.009486*H*Hx,3,5,False,Hx + Hxxx,Hxxx + Hx,uxxx+ux+ut^3+ut,0.934868,,0.994759,3,0.15,0,2,0.693213,n/a,-1.2126,n/a,2.08629,2.09965,2.08253,85.5929,Hx+Hxxx,False,False
candidate_select_tsfade_noise25,25%,D_t^0.73413432 H = -1.188*Hx + 0.2069 D_x^1.5 H + 0.009486*H*Hx,3,6,False,Hx + Hxxx + H*Hx,H*Hx + Hx + Hxxx,ux*u+ut+ux+uxxx,0.900072,,0.995021,5,0.25,0,2,0.689149,n/a,-1.26469,n/a,2.0965,2.10702,2.04662,2.013e+02,Hx+Hxxx+H*Hx,False,False
candidate_select_tsfade_noise25,25%,D_t^0.73413432 H = -1.188*Hx + 0.2069 D_x^1.5 H + 0.009486*H*Hx,3,7,False,Hx,Hx,ux,0.994602,,0.994602,1,0.05,0,2,0.687913,n/a,-1.20144,n/a,2.13893,2.14101,2.14019,8.26603,Hx,False,False
candidate_select_tsfade_noise25,25%,D_t^0.73413432 H = -1.188*Hx + 0.2069 D_x^1.5 H + 0.009486*H*Hx,3,8,False,Hx + Hxxx + H^2*Hx,Hxxx + H^2*Hx + Hx,uxxx+u^2*ux+ux+ut,0.934868,,0.994759,5.5,0.275,0,2,0.693213,n/a,-1.2126,n/a,2.30158,2.31759,2.08253,1.175e+03,Hx+Hxxx,False,False
candidate_select_tsfade_noise25,25%,D_t^0.73413432 H = -1.188*Hx + 0.2069 D_x^1.5 H + 0.009486*H*Hx,3,9,False,Hxxx + H*Hx + H^2*Hx,Hxxx + H^2*Hx + H*Hx,ut+uxxx+u^2*ux+u*ux,0.883817,,0.977051,6.5,0.325,0,2,0.720278,n/a,-2.9692,n/a,4.36824,4.37289,4.01575,1.190e+03,Hxxx+H*Hx+H^2*Hx,False,False
candidate_select_tsfade_noise25,25%,D_t^0.73413432 H = -1.188*Hx + 0.2069 D_x^1.5 H + 0.009486*H*Hx,3,10,False,H + H*Hx,H*Hx + H,ux*u+u+ut,0.80906,,0.860891,3,0.15,0,2,0.999,n/a,n/a,n/a,5.92913,5.25396,5.24986,20.5301,H+H*Hx,False,False
candidate_select_tsfade_noise25,25%,D_t^0.73413432 H = -1.188*Hx + 0.2069 D_x^1.5 H + 0.009486*H*Hx,3,11,False,Hxxx + H*Hx,H*Hx + Hxxx,u*ux+ut+uxxx,0.788571,,0.839089,4,0.2,0,2,0.999,n/a,-2.9484,n/a,6.21264,5.86781,5.83209,1.786e+02,Hxxx+H*Hx,False,False
candidate_select_tsfade_noise25,25%,D_t^0.73413432 H = -1.188*Hx + 0.2069 D_x^1.5 H + 0.009486*H*Hx,3,12,False,H*Hx,H*Hx,uxxt+ux*u,0.802319,,0.802319,2,0.1,0,2,0.999,n/a,n/a,n/a,6.59803,6.37667,6.37562,10.4401,H*Hx,False,False
candidate_select_tsfade_noise25,25%,D_t^0.73413432 H = -1.188*Hx + 0.2069 D_x^1.5 H + 0.009486*H*Hx,3,13,False,H^2*Hx,H^2*Hx,ux*u^2,0.776841,,0.776841,2.5,0.125,0,2,0.999,n/a,n/a,n/a,8.152,6.58836,6.58376,45.986,H^2*Hx,False,False
candidate_select_tsfade_noise25,25%,D_t^0.73413432 H = -1.188*Hx + 0.2069 D_x^1.5 H + 0.009486*H*Hx,3,14,False,Hxxx + H^2*Hx,H^2*Hx + Hxxx,ux*u^2+ut+uxxx,0.76365,,0.812572,4.5,0.225,0,2,0.999,n/a,-0.466559,n/a,8.35805,6.47652,6.24312,1.167e+03,Hxxx+H^2*Hx,False,False
candidate_select_tsfade_noise25,25%,D_t^0.73413432 H = -1.188*Hx + 0.2069 D_x^1.5 H + 0.009486*H*Hx,3,15,False,D_x^beta H + H^2,H^2 + Hxx + H^2,u^2+utt+uxx+u^2,0.972707,,0.972707,3,0.15,0.1,2,0.999,2,n/a,3.89871,8.9426,2.48233,2.36624,1.161e+03,D_x^2 H+H^2,False,False
candidate_select_tsfade_noise25,25%,D_t^0.73413432 H = -1.188*Hx + 0.2069 D_x^1.5 H + 0.009486*H*Hx,3,16,False,H + D_x^beta H,Hxx + H,uxx+u+utt,0.972707,,0.972707,2.5,0.125,0.1,2,0.999,2,n/a,3.00087,9.54263,2.38194,2.36624,1.570e+02,H+D_x^2 H,False,False
candidate_select_tsfade_noise25,25%,D_t^0.73413432 H = -1.188*Hx + 0.2069 D_x^1.5 H + 0.009486*H*Hx,3,17,False,D_x^beta H,Hxx,utt+uxx,0.972707,,0.972707,1.5,0.075,0.1,2,0.999,2,n/a,1.64522,11.5831,2.3685,2.36624,22.6101,D_x^2 H,False,False
candidate_select_tsfade_noise25,25%,D_t^0.73413432 H = -1.188*Hx + 0.2069 D_x^1.5 H + 0.009486*H*Hx,3,18,False,H,H,uxxt+u,0.833908,,0.833908,1,0.05,0,2,0.999,n/a,n/a,n/a,14.142,5.56322,5.5625,7.18911,H,False,False
candidate_select_tsfade_noise25,25%,D_t^0.73413432 H = -1.188*Hx + 0.2069 D_x^1.5 H + 0.009486*H*Hx,3,19,False,H^2,H^2,u^2,0.747915,,0.747915,1.5,0.075,0,2,0.999,n/a,n/a,n/a,inf,7.00672,7.00672,52.8892,alpha_correction,False,False
candidate_select_tsfade_noise25,25%,D_t^0.73413432 H = -1.188*Hx + 0.2069 D_x^1.5 H + 0.009486*H*Hx,4,1,False,Hx + D_x^beta H + H*Hx,Hx + H*Hx + Hxx,ux+ut+u*ux+uxx,0.903493,,0.998803,4.5,0.225,0,1.7,0.73413,1.5,-1.18781,0.206885,0.878468,0.890907,0.866716,80.6373,Hx+D_x^1.5 H+H*Hx,True,False
candidate_select_tsfade_noise25,25%,D_t^0.73413432 H = -1.188*Hx + 0.2069 D_x^1.5 H + 0.009486*H*Hx,4,2,False,Hx + D_x^beta H,Hx + Hxx,ut+ux+uxx,0.938379,,0.998494,2.5,0.125,0,1.7,0.749682,1.59052,-1.08476,0.255084,0.938127,0.94432,0.937566,33.7674,Hx+D_x^1.590516 H,True,True
candidate_select_tsfade_noise25,25%,D_t^0.73413432 H = -1.188*Hx + 0.2069 D_x^1.5 H + 0.009486*H*Hx,4,3,False,Hx + D_x^beta H + Hxxx,Hxxx + Hxx + Hx,uxxx+ut+uxx+ux,0.903183,,0.998461,4.5,0.225,0,2,0.750554,1.59517,-1.07949,0.260604,0.945374,0.975294,0.935087,1.340e+02,Hx+D_x^1.595166 H+Hxxx,True,False
candidate_select_tsfade_noise25,25%,D_t^0.73413432 H = -1.188*Hx + 0.2069 D_x^1.5 H + 0.009486*H*Hx,4,4,False,Hx + D_x^beta H + Hxxx + H*Hx,H*Hx + Hxxx + Hx + Hxx,u*ux+uxxx+ux+ut+uxx,0.896384,,0.990944,6.5,0.325,0,1.7,0.759191,1.85,-1.05633,0.431373,0.981377,1.45438,1.37823,2.538e+02,Hx+D_x^1.85 H+Hxxx+H*Hx,True,False
candidate_select_tsfade_noise25,25%,D_t^0.73413432 H = -1.188*Hx + 0.2069 D_x^1.5 H + 0.009486*H*Hx,4,5,False,Hx + H^2,H^2 + Hx,u^2+ut+ux,0.990657,,0.990657,2.5,0.125,0,1.8,0.669117,n/a,-1.25716,n/a,1.79375,2.19885,2.16699,3.186e+02,Hx+H^2,False,False
candidate_select_tsfade_noise25,25%,D_t^0.73413432 H = -1.188*Hx + 0.2069 D_x^1.5 H + 0.009486*H*Hx,4,6,False,Hx + H^2*Hx,H^2*Hx + Hx,ux*u^2+ut+ux,0.93523,,0.995144,3.5,0.175,0,2,0.683173,n/a,-1.25847,n/a,2.05296,2.06585,2.03887,1.349e+02,Hx+H^2*Hx,False,False
candidate_select_tsfade_noise25,25%,D_t^0.73413432 H = -1.188*Hx + 0.2069 D_x^1.5 H + 0.009486*H*Hx,4,7,False,Hx + H*Hx,Hx + H*Hx,ux+ut+uxxt+u*ux,0.935137,,0.995044,3,0.15,0,2,0.684814,n/a,-1.281,n/a,2.06028,2.06364,2.05808,27.8227,Hx+H*Hx,False,False
candidate_select_tsfade_noise25,25%,D_t^0.73413432 H = -1.188*Hx + 0.2069 D_x^1.5 H + 0.009486*H*Hx,4,8,False,Hx + Hxxx,Hxxx + Hx,uxxx+ut+ux,0.934868,,0.994759,3,0.15,0,2,0.693213,n/a,-1.2126,n/a,2.08629,2.09965,2.08253,85.5929,Hx+Hxxx,False,False
candidate_select_tsfade_noise25,25%,D_t^0.73413432 H = -1.188*Hx + 0.2069 D_x^1.5 H + 0.009486*H*Hx,4,9,False,Hx + Hxxx + H*Hx,Hxxx + Hx + H*Hx,ut+uxxx+ux+u*ux,0.900072,,0.995021,5,0.25,0,2,0.689149,n/a,-1.26469,n/a,2.0965,2.10702,2.04662,2.013e+02,Hx+Hxxx+H*Hx,False,False
candidate_select_tsfade_noise25,25%,D_t^0.73413432 H = -1.188*Hx + 0.2069 D_x^1.5 H + 0.009486*H*Hx,4,10,False,Hx,Hx,ux,0.994602,,0.994602,1,0.05,0,2,0.687913,n/a,-1.20144,n/a,2.13893,2.14101,2.14019,8.26603,Hx,False,False
candidate_select_tsfade_noise25,25%,D_t^0.73413432 H = -1.188*Hx + 0.2069 D_x^1.5 H + 0.009486*H*Hx,4,11,False,Hx + Hxxx + H^2*Hx,Hxxx + Hx + H^2*Hx,uxxx+ux+ut+u^2*ux,0.934868,,0.994759,5.5,0.275,0,2,0.693213,n/a,-1.2126,n/a,2.30158,2.31759,2.08253,1.175e+03,Hx+Hxxx,False,False
candidate_select_tsfade_noise25,25%,D_t^0.73413432 H = -1.188*Hx + 0.2069 D_x^1.5 H + 0.009486*H*Hx,4,12,False,D_x^beta H + Hxxx + H*Hx,H*Hx + Hxx + Hxxx,ut+ux*u+uxx+uxxx,0.89626,,0.953677,5.5,0.275,0.1,1.7,0.999,2,0,1.02982,4.27807,2.000e+08,2.96818,1.000e+12,D_x^2 H+H*Hx,False,False
candidate_select_tsfade_noise25,25%,D_t^0.73413432 H = -1.188*Hx + 0.2069 D_x^1.5 H + 0.009486*H*Hx,4,13,False,Hxxx + H*Hx + H^2*Hx,H*Hx + H^2*Hx + Hxxx,u*ux+u^2*ux+uxxx+ut,0.883817,,0.977051,6.5,0.325,0,1.8,0.720278,n/a,-2.9692,n/a,4.36824,4.37289,4.01575,1.190e+03,Hxxx+H*Hx+H^2*Hx,False,False
candidate_select_tsfade_noise25,25%,D_t^0.73413432 H = -1.188*Hx + 0.2069 D_x^1.5 H + 0.009486*H*Hx,4,14,False,H*Hx + H^2*Hx,H^2*Hx + H*Hx,ux*u^2+u*ux+ut,0.912885,,0.971367,4.5,0.225,0,1.7,0.702561,n/a,n/a,n/a,4.65463,4.6616,4.64828,66.6089,H*Hx+H^2*Hx,False,False
candidate_select_tsfade_noise25,25%,D_t^0.73413432 H = -1.188*Hx + 0.2069 D_x^1.5 H + 0.009486*H*Hx,4,15,False,H*Hx + H*Hxx,H*Hxx + H*Hx,uxx*u+u*ux+uxxt,0.875048,,0.931106,4,0.2,0,2,0.999,n/a,n/a,n/a,5.04547,3.71856,3.71626,11.5008,H*Hx+H*Hxx,False,False
candidate_select_tsfade_noise25,25%,D_t^0.73413432 H = -1.188*Hx + 0.2069 D_x^1.5 H + 0.009486*H*Hx,4,16,False,H + H*Hx,H + H*Hx,u+ut+u*ux,0.80906,,0.860891,3,0.15,0,2,0.999,n/a,n/a,n/a,5.92913,5.25396,5.24986,20.5301,H+H*Hx,False,False
candidate_select_tsfade_noise25,25%,D_t^0.73413432 H = -1.188*Hx + 0.2069 D_x^1.5 H + 0.009486*H*Hx,4,17,False,Hxxx + H*Hx,H*Hx + Hxxx,ux*u+uxxx+ut,0.788571,,0.839089,4,0.2,0,2,0.999,n/a,-2.9484,n/a,6.21264,5.86781,5.83209,1.786e+02,Hxxx+H*Hx,False,False
candidate_select_tsfade_noise25,25%,D_t^0.73413432 H = -1.188*Hx + 0.2069 D_x^1.5 H + 0.009486*H*Hx,4,18,False,H*Hx,H*Hx,ut+ux*u,0.802319,,0.802319,2,0.1,0,2,0.999,n/a,n/a,n/a,6.59803,6.37667,6.37562,10.4401,H*Hx,False,False
candidate_select_tsfade_noise25,25%,D_t^0.73413432 H = -1.188*Hx + 0.2069 D_x^1.5 H + 0.009486*H*Hx,4,19,False,H + D_x^beta H + H^2,H + Hxx + H^2,ut+u+uxx+u^2,0.972707,,0.972707,4,0.2,0.1,2,0.999,2,n/a,5.57056,8.27639,2.53719,2.36624,1.709e+03,H+D_x^2 H+H^2,False,False
candidate_select_tsfade_noise25,25%,D_t^0.73413432 H = -1.188*Hx + 0.2069 D_x^1.5 H + 0.009486*H*Hx,4,20,False,Hxxx + H^2*Hx,H^2*Hx + Hxxx,ut+ux*u^2+uxxx,0.76365,,0.812572,4.5,0.225,0,2,0.999,n/a,-0.466559,n/a,8.35805,6.47652,6.24312,1.167e+03,Hxxx+H^2*Hx,False,False
candidate_select_tsfade_noise25,25%,D_t^0.73413432 H = -1.188*Hx + 0.2069 D_x^1.5 H + 0.009486*H*Hx,4,21,False,D_x^beta H + H^2,H^2 + Hxx,u^2+utt+uxx,0.972707,,0.972707,3,0.15,0.1,2,0.999,2,n/a,3.89871,8.9426,2.48233,2.36624,1.161e+03,D_x^2 H+H^2,False,False
candidate_select_tsfade_noise25,25%,D_t^0.73413432 H = -1.188*Hx + 0.2069 D_x^1.5 H + 0.009486*H*Hx,4,22,False,H + D_x^beta H,Hxx + H,utt+uxx+u,0.915359,,0.974,2.5,0.125,0.1,2,0.999,2,n/a,3.00087,9.54263,2.34455,2.31315,1.570e+02,H+D_x^2 H,False,False
candidate_select_tsfade_noise25,25%,D_t^0.73413432 H = -1.188*Hx + 0.2069 D_x^1.5 H + 0.009486*H*Hx,4,23,False,Hxxx,Hxxx,uxxx,0.760782,,0.760782,2,0.1,0,2,0.999,n/a,6.26328,n/a,11.1425,6.88519,6.88065,45.3153,Hxxx,False,False
candidate_select_tsfade_noise25,25%,D_t^0.73413432 H = -1.188*Hx + 0.2069 D_x^1.5 H + 0.009486*H*Hx,4,24,False,D_x^beta H,Hxx,uxx+utt,0.972707,,0.972707,1.5,0.075,0.1,2,0.999,2,n/a,1.64522,11.5831,2.3685,2.36624,22.6101,D_x^2 H,False,False
candidate_select_tsfade_noise25,25%,D_t^0.73413432 H = -1.188*Hx + 0.2069 D_x^1.5 H + 0.009486*H*Hx,4,25,False,H*Hxxx,H*Hxxx,u*uxxx,0.762265,,0.762265,3,0.15,0,2,0.999,n/a,n/a,n/a,11.7805,6.85449,6.85388,6.14808,H*Hxxx,False,False
candidate_select_tsfade_noise25,25%,D_t^0.73413432 H = -1.188*Hx + 0.2069 D_x^1.5 H + 0.009486*H*Hx,4,26,False,H + H^2,H + H^2,u+ut+u^2,0.858558,,0.91356,2.5,0.125,0,2,0.999,n/a,n/a,n/a,12.6262,4.22136,4.21015,56.0227,H+H^2,False,False
candidate_select_tsfade_noise25,25%,D_t^0.73413432 H = -1.188*Hx + 0.2069 D_x^1.5 H + 0.009486*H*Hx,4,27,False,H^2,H^2,ut+u^2,0.867555,,0.867555,1.5,0.075,0,2,0.999,n/a,n/a,n/a,13.9226,4.87906,4.87368,53.8368,H^2,False,False
candidate_select_tsfade_noise25,25%,D_t^0.73413432 H = -1.188*Hx + 0.2069 D_x^1.5 H + 0.009486*H*Hx,4,28,False,H,H,ut+u,0.833908,,0.833908,1,0.05,0,2,0.999,n/a,n/a,n/a,14.142,5.56322,5.5625,7.18911,H,False,False
candidate_select_tsfade_noise25,25%,D_t^0.73413432 H = -1.188*Hx + 0.2069 D_x^1.5 H + 0.009486*H*Hx,4,29,False,H^2*Hx,H^2*Hx,u^2*ux+ut+ut^2,0.747915,,0.747915,2.5,0.125,0,2,0.999,n/a,n/a,n/a,inf,7.00672,7.00672,44.9107,alpha_correction,False,False
