paper_example,noise_label,generated_top_structures,sparsity_lamb,iter_start_beta_cli,status,support_correct,equation,support,alpha,beta,coef_hx,coef_dbeta,true_alpha,true_beta,alpha_abs_error,beta_abs_error,alpha_relative_error,beta_relative_error,objective,augmented_stridge_objective_raw,iteration_selected_index,iteration_count,iteration_stop_reason,iter_start_beta_report,generated_structure,generated_raw_structure,generated_structure_rank,generated_structure_count,runtime_seconds,report_path,command,returncode,stdout_tail,stderr_tail
candidate_select_tsfade_clean,clean,1,0.0005,2.0,ok,True,D_t^0.76384762 H = -1.017*Hx + 0.5044 D_x^1.856593 H,Hx + D_x^1.856593 H,0.7638476163254435,1.8565927667699942,-1.017181611,0.5043652174,0.78,1.83,0.016152383674556514,0.026592766769994114,0.0207082,0.0145316,1.142100971046877,1.142475971046877,1.0,3.0,objective_not_decreased,2.0,Hx + D_x^beta H,Hx + Hxx,1.0,1.0,2.7116547,D:\OneDrive - HHU\ML codes\DL-PDE\Linear_fractional\results\tsfade_fft_tsfade_retrained_alpha078_beta183_clean_gj_hybrid_taylor_result.txt,D:\Miniconda\envs\sr\python.exe main.py --paper-example candidate_select_tsfade_clean --generated-top-structures 1 --lamb 0.0005 --iter-start-beta 2,0,"example: tsfade_retrained_alpha078_beta183_clean
checkpoint: D:\OneDrive - HHU\ML codes\DL-PDE\Linear_fractional\data\models\tsfade_retrained_alpha078_beta183_normalized_tanh\draft-2000-0\best.pkl
candidate equation: D_t^0.76384762 H = -1.017*Hx + 0.5044 D_x^1.856593 H
center orders: alpha0 = 0.79, beta0 = 2
order update: mode=iterative, iterations=3, converged=False, stop=objective_not_decreased, selected=1
alpha = 0.76384762, beta = 1.8565928 (status=estimated)
detailed report: D:\OneDrive - HHU\ML codes\DL-PDE\Linear_fractional\results\tsfade_fft_tsfade_retrained_alpha078_beta183_clean_gj_hybrid_taylor_result.txt",
candidate_select_tsfade_clean,clean,1,0.001,2.0,ok,True,D_t^0.76384762 H = -1.017*Hx + 0.5044 D_x^1.856593 H,Hx + D_x^1.856593 H,0.7638476163254435,1.8565927667699942,-1.017181611,0.5043652174,0.78,1.83,0.016152383674556514,0.026592766769994114,0.0207082,0.0145316,1.3511510338297856,1.3515260338297856,1.0,3.0,objective_not_decreased,2.0,Hx + D_x^beta H,Hx + Hxx,1.0,1.0,2.6560066,D:\OneDrive - HHU\ML codes\DL-PDE\Linear_fractional\results\tsfade_fft_tsfade_retrained_alpha078_beta183_clean_gj_hybrid_taylor_result.txt,D:\Miniconda\envs\sr\python.exe main.py --paper-example candidate_select_tsfade_clean --generated-top-structures 1 --lamb 0.001 --iter-start-beta 2,0,"example: tsfade_retrained_alpha078_beta183_clean
checkpoint: D:\OneDrive - HHU\ML codes\DL-PDE\Linear_fractional\data\models\tsfade_retrained_alpha078_beta183_normalized_tanh\draft-2000-0\best.pkl
candidate equation: D_t^0.76384762 H = -1.017*Hx + 0.5044 D_x^1.856593 H
center orders: alpha0 = 0.79, beta0 = 2
order update: mode=iterative, iterations=3, converged=False, stop=objective_not_decreased, selected=1
alpha = 0.76384762, beta = 1.8565928 (status=estimated)
detailed report: D:\OneDrive - HHU\ML codes\DL-PDE\Linear_fractional\results\tsfade_fft_tsfade_retrained_alpha078_beta183_clean_gj_hybrid_taylor_result.txt",
candidate_select_tsfade_clean,clean,1,0.0015,2.0,ok,True,D_t^0.76384762 H = -1.017*Hx + 0.5044 D_x^1.856593 H,Hx + D_x^1.856593 H,0.7638476163254435,1.8565927667699942,-1.017181611,0.5043652174,0.78,1.83,0.016152383674556514,0.026592766769994114,0.0207082,0.0145316,1.5602010966126945,1.5605760966126945,1.0,3.0,objective_not_decreased,2.0,Hx + D_x^beta H,Hx + Hxx,1.0,1.0,2.7511032,D:\OneDrive - HHU\ML codes\DL-PDE\Linear_fractional\results\tsfade_fft_tsfade_retrained_alpha078_beta183_clean_gj_hybrid_taylor_result.txt,D:\Miniconda\envs\sr\python.exe main.py --paper-example candidate_select_tsfade_clean --generated-top-structures 1 --lamb 0.0015 --iter-start-beta 2,0,"example: tsfade_retrained_alpha078_beta183_clean
checkpoint: D:\OneDrive - HHU\ML codes\DL-PDE\Linear_fractional\data\models\tsfade_retrained_alpha078_beta183_normalized_tanh\draft-2000-0\best.pkl
candidate equation: D_t^0.76384762 H = -1.017*Hx + 0.5044 D_x^1.856593 H
center orders: alpha0 = 0.79, beta0 = 2
order update: mode=iterative, iterations=3, converged=False, stop=objective_not_decreased, selected=1
alpha = 0.76384762, beta = 1.8565928 (status=estimated)
detailed report: D:\OneDrive - HHU\ML codes\DL-PDE\Linear_fractional\results\tsfade_fft_tsfade_retrained_alpha078_beta183_clean_gj_hybrid_taylor_result.txt",
candidate_select_tsfade_clean,clean,1,0.002,2.0,ok,True,D_t^0.74 H = -0.9849*Hx + 1.154 D_x^2 H,Hx + D_x^2 H,0.74,2.0,-0.9849174488,1.153994884,0.78,1.83,0.040000000000000036,0.16999999999999993,0.0512821,0.0928962,1.703148501976888,1.703523501976888,0.0,2.0,objective_not_decreased,2.0,Hx + D_x^beta H,Hx + Hxx,1.0,1.0,2.3770788,D:\OneDrive - HHU\ML codes\DL-PDE\Linear_fractional\results\tsfade_fft_tsfade_retrained_alpha078_beta183_clean_gj_hybrid_taylor_result.txt,D:\Miniconda\envs\sr\python.exe main.py --paper-example candidate_select_tsfade_clean --generated-top-structures 1 --lamb 0.002 --iter-start-beta 2,0,"example: tsfade_retrained_alpha078_beta183_clean
checkpoint: D:\OneDrive - HHU\ML codes\DL-PDE\Linear_fractional\data\models\tsfade_retrained_alpha078_beta183_normalized_tanh\draft-2000-0\best.pkl
candidate equation: D_t^0.74 H = -0.9849*Hx + 1.154 D_x^2 H
center orders: alpha0 = 0.99, beta0 = 2
order update: mode=iterative, iterations=2, converged=False, stop=objective_not_decreased, selected=0
alpha = 0.74, beta = 2 (status=estimated)
detailed report: D:\OneDrive - HHU\ML codes\DL-PDE\Linear_fractional\results\tsfade_fft_tsfade_retrained_alpha078_beta183_clean_gj_hybrid_taylor_result.txt",
candidate_select_tsfade_clean,clean,1,0.003,2.0,ok,True,D_t^0.74 H = -0.9849*Hx + 1.154 D_x^2 H,Hx + D_x^2 H,0.74,2.0,-0.9849174488,1.153994884,0.78,1.83,0.040000000000000036,0.16999999999999993,0.0512821,0.0928962,1.9529733669692915,1.9533483669692915,0.0,2.0,objective_not_decreased,2.0,Hx + D_x^beta H,Hx + Hxx,1.0,1.0,2.2638324,D:\OneDrive - HHU\ML codes\DL-PDE\Linear_fractional\results\tsfade_fft_tsfade_retrained_alpha078_beta183_clean_gj_hybrid_taylor_result.txt,D:\Miniconda\envs\sr\python.exe main.py --paper-example candidate_select_tsfade_clean --generated-top-structures 1 --lamb 0.003 --iter-start-beta 2,0,"example: tsfade_retrained_alpha078_beta183_clean
checkpoint: D:\OneDrive - HHU\ML codes\DL-PDE\Linear_fractional\data\models\tsfade_retrained_alpha078_beta183_normalized_tanh\draft-2000-0\best.pkl
candidate equation: D_t^0.74 H = -0.9849*Hx + 1.154 D_x^2 H
center orders: alpha0 = 0.99, beta0 = 2
order update: mode=iterative, iterations=2, converged=False, stop=objective_not_decreased, selected=0
alpha = 0.74, beta = 2 (status=estimated)
detailed report: D:\OneDrive - HHU\ML codes\DL-PDE\Linear_fractional\results\tsfade_fft_tsfade_retrained_alpha078_beta183_clean_gj_hybrid_taylor_result.txt",
candidate_select_tsfade_clean,clean,1,0.004,2.0,ok,True,D_t^0.74 H = -0.9849*Hx + 1.154 D_x^2 H,Hx + D_x^2 H,0.74,2.0,-0.9849174488,1.153994884,0.78,1.83,0.040000000000000036,0.16999999999999993,0.0512821,0.0928962,2.2027982319616948,2.203173231961695,0.0,2.0,objective_not_decreased,2.0,Hx + D_x^beta H,Hx + Hxx,1.0,1.0,2.2904402,D:\OneDrive - HHU\ML codes\DL-PDE\Linear_fractional\results\tsfade_fft_tsfade_retrained_alpha078_beta183_clean_gj_hybrid_taylor_result.txt,D:\Miniconda\envs\sr\python.exe main.py --paper-example candidate_select_tsfade_clean --generated-top-structures 1 --lamb 0.004 --iter-start-beta 2,0,"example: tsfade_retrained_alpha078_beta183_clean
checkpoint: D:\OneDrive - HHU\ML codes\DL-PDE\Linear_fractional\data\models\tsfade_retrained_alpha078_beta183_normalized_tanh\draft-2000-0\best.pkl
candidate equation: D_t^0.74 H = -0.9849*Hx + 1.154 D_x^2 H
center orders: alpha0 = 0.99, beta0 = 2
order update: mode=iterative, iterations=2, converged=False, stop=objective_not_decreased, selected=0
alpha = 0.74, beta = 2 (status=estimated)
detailed report: D:\OneDrive - HHU\ML codes\DL-PDE\Linear_fractional\results\tsfade_fft_tsfade_retrained_alpha078_beta183_clean_gj_hybrid_taylor_result.txt",
candidate_select_tsfade_noise5,5%,1,0.0005,2.0,ok,True,D_t^0.75728043 H = -1.03*Hx + 0.5146 D_x^1.863028 H,Hx + D_x^1.863028 H,0.7572804261725519,1.8630281213495024,-1.030411749,0.5145733512,0.78,1.83,0.02271957382744816,0.03302812134950228,0.0291277,0.0180482,1.186153372460825,1.186528372460825,1.0,3.0,objective_not_decreased,2.0,Hx + D_x^beta H,Hx + Hxx,1.0,1.0,2.7751457,D:\OneDrive - HHU\ML codes\DL-PDE\Linear_fractional\results\tsfade_fft_tsfade_retrained_alpha078_beta183_noise5_gj_hybrid_taylor_result.txt,D:\Miniconda\envs\sr\python.exe main.py --paper-example candidate_select_tsfade_noise5 --generated-top-structures 1 --lamb 0.0005 --iter-start-beta 2,0,"example: tsfade_retrained_alpha078_beta183_noise5
checkpoint: D:\OneDrive - HHU\ML codes\DL-PDE\Linear_fractional\data\models\tsfade_retrained_alpha078_beta183_normalized_tanh\draft-2000-5\best.pkl
candidate equation: D_t^0.75728043 H = -1.03*Hx + 0.5146 D_x^1.863028 H
center orders: alpha0 = 0.79, beta0 = 2
order update: mode=iterative, iterations=3, converged=False, stop=objective_not_decreased, selected=1
alpha = 0.75728043, beta = 1.8630281 (status=estimated)
detailed report: D:\OneDrive - HHU\ML codes\DL-PDE\Linear_fractional\results\tsfade_fft_tsfade_retrained_alpha078_beta183_noise5_gj_hybrid_taylor_result.txt",
candidate_select_tsfade_noise5,5%,1,0.001,2.0,ok,True,D_t^0.75728043 H = -1.03*Hx + 0.5146 D_x^1.863028 H,Hx + D_x^1.863028 H,0.7572804261725519,1.8630281213495041,-1.030411749,0.5145733512,0.78,1.83,0.02271957382744816,0.03302812134950406,0.0291277,0.0180482,1.398907988108419,1.399282988108419,1.0,3.0,objective_not_decreased,2.0,Hx + D_x^beta H,Hx + Hxx,1.0,1.0,2.7351971,D:\OneDrive - HHU\ML codes\DL-PDE\Linear_fractional\results\tsfade_fft_tsfade_retrained_alpha078_beta183_noise5_gj_hybrid_taylor_result.txt,D:\Miniconda\envs\sr\python.exe main.py --paper-example candidate_select_tsfade_noise5 --generated-top-structures 1 --lamb 0.001 --iter-start-beta 2,0,"example: tsfade_retrained_alpha078_beta183_noise5
checkpoint: D:\OneDrive - HHU\ML codes\DL-PDE\Linear_fractional\data\models\tsfade_retrained_alpha078_beta183_normalized_tanh\draft-2000-5\best.pkl
candidate equation: D_t^0.75728043 H = -1.03*Hx + 0.5146 D_x^1.863028 H
center orders: alpha0 = 0.79, beta0 = 2
order update: mode=iterative, iterations=3, converged=False, stop=objective_not_decreased, selected=1
alpha = 0.75728043, beta = 1.8630281 (status=estimated)
detailed report: D:\OneDrive - HHU\ML codes\DL-PDE\Linear_fractional\results\tsfade_fft_tsfade_retrained_alpha078_beta183_noise5_gj_hybrid_taylor_result.txt",
candidate_select_tsfade_noise5,5%,1,0.0015,2.0,ok,True,D_t^0.75728043 H = -1.03*Hx + 0.5146 D_x^1.863028 H,Hx + D_x^1.863028 H,0.7572804261725519,1.8630281213495041,-1.030411749,0.5145733512,0.78,1.83,0.02271957382744816,0.03302812134950406,0.0291277,0.0180482,1.6116626037560127,1.6120376037560127,1.0,3.0,objective_not_decreased,2.0,Hx + D_x^beta H,Hx + Hxx,1.0,1.0,2.6605394999999996,D:\OneDrive - HHU\ML codes\DL-PDE\Linear_fractional\results\tsfade_fft_tsfade_retrained_alpha078_beta183_noise5_gj_hybrid_taylor_result.txt,D:\Miniconda\envs\sr\python.exe main.py --paper-example candidate_select_tsfade_noise5 --generated-top-structures 1 --lamb 0.0015 --iter-start-beta 2,0,"example: tsfade_retrained_alpha078_beta183_noise5
checkpoint: D:\OneDrive - HHU\ML codes\DL-PDE\Linear_fractional\data\models\tsfade_retrained_alpha078_beta183_normalized_tanh\draft-2000-5\best.pkl
candidate equation: D_t^0.75728043 H = -1.03*Hx + 0.5146 D_x^1.863028 H
center orders: alpha0 = 0.79, beta0 = 2
order update: mode=iterative, iterations=3, converged=False, stop=objective_not_decreased, selected=1
alpha = 0.75728043, beta = 1.8630281 (status=estimated)
detailed report: D:\OneDrive - HHU\ML codes\DL-PDE\Linear_fractional\results\tsfade_fft_tsfade_retrained_alpha078_beta183_noise5_gj_hybrid_taylor_result.txt",
candidate_select_tsfade_noise5,5%,1,0.002,2.0,ok,True,D_t^0.74 H = -0.9596*Hx + 1.261 D_x^2 H,Hx + D_x^2 H,0.74,2.0,-0.9596324591,1.261031359,0.78,1.83,0.040000000000000036,0.16999999999999993,0.0512821,0.0928962,1.8167168796872828,1.8170918796872828,0.0,2.0,objective_not_decreased,2.0,Hx + D_x^beta H,Hx + Hxx,1.0,1.0,2.2907628000000004,D:\OneDrive - HHU\ML codes\DL-PDE\Linear_fractional\results\tsfade_fft_tsfade_retrained_alpha078_beta183_noise5_gj_hybrid_taylor_result.txt,D:\Miniconda\envs\sr\python.exe main.py --paper-example candidate_select_tsfade_noise5 --generated-top-structures 1 --lamb 0.002 --iter-start-beta 2,0,"example: tsfade_retrained_alpha078_beta183_noise5
checkpoint: D:\OneDrive - HHU\ML codes\DL-PDE\Linear_fractional\data\models\tsfade_retrained_alpha078_beta183_normalized_tanh\draft-2000-5\best.pkl
candidate equation: D_t^0.74 H = -0.9596*Hx + 1.261 D_x^2 H
center orders: alpha0 = 0.99, beta0 = 2
order update: mode=iterative, iterations=2, converged=False, stop=objective_not_decreased, selected=0
alpha = 0.74, beta = 2 (status=estimated)
detailed report: D:\OneDrive - HHU\ML codes\DL-PDE\Linear_fractional\results\tsfade_fft_tsfade_retrained_alpha078_beta183_noise5_gj_hybrid_taylor_result.txt",
candidate_select_tsfade_noise5,5%,1,0.003,2.0,ok,True,D_t^0.74 H = -0.9596*Hx + 1.261 D_x^2 H,Hx + D_x^2 H,0.74,2.0,-0.9596324591,1.261031359,0.78,1.83,0.040000000000000036,0.16999999999999993,0.0512821,0.0928962,2.0711966462046494,2.0715716462046494,0.0,2.0,objective_not_decreased,2.0,Hx + D_x^beta H,Hx + Hxx,1.0,1.0,2.3675870999999997,D:\OneDrive - HHU\ML codes\DL-PDE\Linear_fractional\results\tsfade_fft_tsfade_retrained_alpha078_beta183_noise5_gj_hybrid_taylor_result.txt,D:\Miniconda\envs\sr\python.exe main.py --paper-example candidate_select_tsfade_noise5 --generated-top-structures 1 --lamb 0.003 --iter-start-beta 2,0,"example: tsfade_retrained_alpha078_beta183_noise5
checkpoint: D:\OneDrive - HHU\ML codes\DL-PDE\Linear_fractional\data\models\tsfade_retrained_alpha078_beta183_normalized_tanh\draft-2000-5\best.pkl
candidate equation: D_t^0.74 H = -0.9596*Hx + 1.261 D_x^2 H
center orders: alpha0 = 0.99, beta0 = 2
order update: mode=iterative, iterations=2, converged=False, stop=objective_not_decreased, selected=0
alpha = 0.74, beta = 2 (status=estimated)
detailed report: D:\OneDrive - HHU\ML codes\DL-PDE\Linear_fractional\results\tsfade_fft_tsfade_retrained_alpha078_beta183_noise5_gj_hybrid_taylor_result.txt",
candidate_select_tsfade_noise5,5%,1,0.004,2.0,ok,True,D_t^0.74 H = -0.9596*Hx + 1.261 D_x^2 H,Hx + D_x^2 H,0.74,2.0,-0.9596324591,1.261031359,0.78,1.83,0.040000000000000036,0.16999999999999993,0.0512821,0.0928962,2.3256764127220166,2.3260514127220167,0.0,2.0,objective_not_decreased,2.0,Hx + D_x^beta H,Hx + Hxx,1.0,1.0,2.2971394,D:\OneDrive - HHU\ML codes\DL-PDE\Linear_fractional\results\tsfade_fft_tsfade_retrained_alpha078_beta183_noise5_gj_hybrid_taylor_result.txt,D:\Miniconda\envs\sr\python.exe main.py --paper-example candidate_select_tsfade_noise5 --generated-top-structures 1 --lamb 0.004 --iter-start-beta 2,0,"example: tsfade_retrained_alpha078_beta183_noise5
checkpoint: D:\OneDrive - HHU\ML codes\DL-PDE\Linear_fractional\data\models\tsfade_retrained_alpha078_beta183_normalized_tanh\draft-2000-5\best.pkl
candidate equation: D_t^0.74 H = -0.9596*Hx + 1.261 D_x^2 H
center orders: alpha0 = 0.99, beta0 = 2
order update: mode=iterative, iterations=2, converged=False, stop=objective_not_decreased, selected=0
alpha = 0.74, beta = 2 (status=estimated)
detailed report: D:\OneDrive - HHU\ML codes\DL-PDE\Linear_fractional\results\tsfade_fft_tsfade_retrained_alpha078_beta183_noise5_gj_hybrid_taylor_result.txt",
candidate_select_tsfade_noise25,25%,1,0.0005,2.0,ok,True,D_t^0.83861089 H = -0.7883*Hx + 0.7281 D_x^2 H,Hx + D_x^2 H,0.8386108894687768,2.0,-0.7883354993,0.7280917233,0.78,1.83,0.058610889468776795,0.16999999999999993,0.0751422,0.0928962,1.7869149651533518,1.7872899651533518,1.0,3.0,objective_not_decreased,2.0,Hx + D_x^beta H,Hx + Hxx,1.0,1.0,2.5079534999999997,D:\OneDrive - HHU\ML codes\DL-PDE\Linear_fractional\results\tsfade_fft_tsfade_retrained_alpha078_beta183_noise25_gj_hybrid_taylor_result.txt,D:\Miniconda\envs\sr\python.exe main.py --paper-example candidate_select_tsfade_noise25 --generated-top-structures 1 --lamb 0.0005 --iter-start-beta 2,0,"example: tsfade_retrained_alpha078_beta183_noise25
checkpoint: D:\OneDrive - HHU\ML codes\DL-PDE\Linear_fractional\data\models\tsfade_retrained_alpha078_beta183_normalized_tanh\draft-2000-25\best.pkl
candidate equation: D_t^0.83861089 H = -0.7883*Hx + 0.7281 D_x^2 H
center orders: alpha0 = 0.85553641, beta0 = 2
order update: mode=iterative, iterations=3, converged=False, stop=objective_not_decreased, selected=1
alpha = 0.83861089, beta = 2 (status=estimated)
detailed report: D:\OneDrive - HHU\ML codes\DL-PDE\Linear_fractional\results\tsfade_fft_tsfade_retrained_alpha078_beta183_noise25_gj_hybrid_taylor_result.txt",
candidate_select_tsfade_noise25,25%,1,0.0005,1.9,ok,True,D_t^0.83582488 H = -0.7978*Hx + 0.7029 D_x^2 H,Hx + D_x^2 H,0.8358248769200971,2.0,-0.7977891155,0.7029497161,0.78,1.83,0.05582487692009708,0.16999999999999993,0.0715704,0.0928962,1.787044052814326,1.7874190528143261,2.0,3.0,correction_below_tolerance,1.9,Hx + D_x^beta H,Hx + Hxx,1.0,1.0,2.8643997,D:\OneDrive - HHU\ML codes\DL-PDE\Linear_fractional\results\tsfade_fft_tsfade_retrained_alpha078_beta183_noise25_gj_hybrid_taylor_result.txt,D:\Miniconda\envs\sr\python.exe main.py --paper-example candidate_select_tsfade_noise25 --generated-top-structures 1 --lamb 0.0005 --iter-start-beta 1.9,0,"example: tsfade_retrained_alpha078_beta183_noise25
checkpoint: D:\OneDrive - HHU\ML codes\DL-PDE\Linear_fractional\data\models\tsfade_retrained_alpha078_beta183_normalized_tanh\draft-2000-25\best.pkl
candidate equation: D_t^0.83582488 H = -0.7978*Hx + 0.7029 D_x^2 H
center orders: alpha0 = 0.84046979, beta0 = 2
order update: mode=iterative, iterations=3, converged=True, stop=correction_below_tolerance, selected=2
alpha = 0.83582488, beta = 2 (status=estimated)
detailed report: D:\OneDrive - HHU\ML codes\DL-PDE\Linear_fractional\results\tsfade_fft_tsfade_retrained_alpha078_beta183_noise25_gj_hybrid_taylor_result.txt",
candidate_select_tsfade_noise25,25%,1,0.0005,1.85,ok,True,D_t^0.83590996 H = -0.7975*Hx + 0.7037 D_x^2 H,Hx + D_x^2 H,0.8359099636207009,2.0,-0.7975171511,0.7036509331,0.78,1.83,0.05590996362070089,0.16999999999999993,0.0716794,0.0928962,1.78698243884067,1.78735743884067,2.0,3.0,correction_below_tolerance,1.85,Hx + D_x^beta H,Hx + Hxx,1.0,1.0,2.6636327,D:\OneDrive - HHU\ML codes\DL-PDE\Linear_fractional\results\tsfade_fft_tsfade_retrained_alpha078_beta183_noise25_gj_hybrid_taylor_result.txt,D:\Miniconda\envs\sr\python.exe main.py --paper-example candidate_select_tsfade_noise25 --generated-top-structures 1 --lamb 0.0005 --iter-start-beta 1.85,0,"example: tsfade_retrained_alpha078_beta183_noise25
checkpoint: D:\OneDrive - HHU\ML codes\DL-PDE\Linear_fractional\data\models\tsfade_retrained_alpha078_beta183_normalized_tanh\draft-2000-25\best.pkl
candidate equation: D_t^0.83590996 H = -0.7975*Hx + 0.7037 D_x^2 H
center orders: alpha0 = 0.84090494, beta0 = 2
order update: mode=iterative, iterations=3, converged=True, stop=correction_below_tolerance, selected=2
alpha = 0.83590996, beta = 2 (status=estimated)
detailed report: D:\OneDrive - HHU\ML codes\DL-PDE\Linear_fractional\results\tsfade_fft_tsfade_retrained_alpha078_beta183_noise25_gj_hybrid_taylor_result.txt",
candidate_select_tsfade_noise25,25%,1,0.0005,1.8,ok,True,D_t^0.83533641 H = -0.7993*Hx + 0.699 D_x^2 H,Hx + D_x^2 H,0.8353364101782257,2.0,-0.7993327408,0.6989947522,0.78,1.83,0.05533641017822566,0.16999999999999993,0.0709441,0.0928962,1.7874576737381822,1.7878326737381822,2.0,3.0,correction_below_tolerance,1.8,Hx + D_x^beta H,Hx + Hxx,1.0,1.0,3.0542778,D:\OneDrive - HHU\ML codes\DL-PDE\Linear_fractional\results\tsfade_fft_tsfade_retrained_alpha078_beta183_noise25_gj_hybrid_taylor_result.txt,D:\Miniconda\envs\sr\python.exe main.py --paper-example candidate_select_tsfade_noise25 --generated-top-structures 1 --lamb 0.0005 --iter-start-beta 1.8,0,"example: tsfade_retrained_alpha078_beta183_noise25
checkpoint: D:\OneDrive - HHU\ML codes\DL-PDE\Linear_fractional\data\models\tsfade_retrained_alpha078_beta183_normalized_tanh\draft-2000-25\best.pkl
candidate equation: D_t^0.83533641 H = -0.7993*Hx + 0.699 D_x^2 H
center orders: alpha0 = 0.83799869, beta0 = 2
order update: mode=iterative, iterations=3, converged=True, stop=correction_below_tolerance, selected=2
alpha = 0.83533641, beta = 2 (status=estimated)
detailed report: D:\OneDrive - HHU\ML codes\DL-PDE\Linear_fractional\results\tsfade_fft_tsfade_retrained_alpha078_beta183_noise25_gj_hybrid_taylor_result.txt",
candidate_select_tsfade_noise25,25%,1,0.0005,1.7,ok,True,D_t^0.81656962 H = -0.8784*Hx + 0.4692 D_x^1.834173 H,Hx + D_x^1.834173 H,0.8165696155027802,1.8341730828574547,-0.8783863768,0.4692442824,0.78,1.83,0.03656961550278015,0.0041730828574546575,0.0468841,0.00228037,1.7978913800869654,1.7982663800869654,2.0,4.0,objective_not_decreased,1.7,Hx + D_x^beta H,Hx + Hxx,1.0,1.0,3.7605114000000004,D:\OneDrive - HHU\ML codes\DL-PDE\Linear_fractional\results\tsfade_fft_tsfade_retrained_alpha078_beta183_noise25_gj_hybrid_taylor_result.txt,D:\Miniconda\envs\sr\python.exe main.py --paper-example candidate_select_tsfade_noise25 --generated-top-structures 1 --lamb 0.0005 --iter-start-beta 1.7,0,"example: tsfade_retrained_alpha078_beta183_noise25
checkpoint: D:\OneDrive - HHU\ML codes\DL-PDE\Linear_fractional\data\models\tsfade_retrained_alpha078_beta183_normalized_tanh\draft-2000-25\best.pkl
candidate equation: D_t^0.81656962 H = -0.8784*Hx + 0.4692 D_x^1.834173 H
center orders: alpha0 = 0.81940165, beta0 = 1.8469826
order update: mode=iterative, iterations=4, converged=False, stop=objective_not_decreased, selected=2
alpha = 0.81656962, beta = 1.8341731 (status=estimated)
detailed report: D:\OneDrive - HHU\ML codes\DL-PDE\Linear_fractional\results\tsfade_fft_tsfade_retrained_alpha078_beta183_noise25_gj_hybrid_taylor_result.txt",
candidate_select_tsfade_noise25,25%,1,0.0005,1.65,ok,True,D_t^0.7972117 H = -0.9616*Hx + 0.3161 D_x^1.639935 H,Hx + D_x^1.639935 H,0.7972116955202011,1.6399350151296344,-0.9616494651,0.3161113134,0.78,1.83,0.017211695520201076,0.19006498487036572,0.0220663,0.103861,1.7470295094633008,1.7474045094633008,5.0,7.0,objective_not_decreased,1.65,Hx + D_x^beta H,Hx + Hxx,1.0,1.0,4.8197179,D:\OneDrive - HHU\ML codes\DL-PDE\Linear_fractional\results\tsfade_fft_tsfade_retrained_alpha078_beta183_noise25_gj_hybrid_taylor_result.txt,D:\Miniconda\envs\sr\python.exe main.py --paper-example candidate_select_tsfade_noise25 --generated-top-structures 1 --lamb 0.0005 --iter-start-beta 1.65,0,"example: tsfade_retrained_alpha078_beta183_noise25
checkpoint: D:\OneDrive - HHU\ML codes\DL-PDE\Linear_fractional\data\models\tsfade_retrained_alpha078_beta183_normalized_tanh\draft-2000-25\best.pkl
candidate equation: D_t^0.7972117 H = -0.9616*Hx + 0.3161 D_x^1.639935 H
center orders: alpha0 = 0.79582654, beta0 = 1.63307
order update: mode=iterative, iterations=7, converged=False, stop=objective_not_decreased, selected=5
alpha = 0.7972117, beta = 1.639935 (status=estimated)
detailed report: D:\OneDrive - HHU\ML codes\DL-PDE\Linear_fractional\results\tsfade_fft_tsfade_retrained_alpha078_beta183_noise25_gj_hybrid_taylor_result.txt",
candidate_select_tsfade_noise25,25%,1,0.0005,1.6,ok,True,D_t^0.79842296 H = -0.9521*Hx + 0.3293 D_x^1.650197 H,Hx + D_x^1.650197 H,0.7984229629259059,1.6501973153252438,-0.9521423234,0.3292986541,0.78,1.83,0.01842296292590584,0.17980268467475624,0.0236192,0.0982528,1.7543405145720607,1.7547155145720608,3.0,4.0,correction_below_tolerance,1.6,Hx + D_x^beta H,Hx + Hxx,1.0,1.0,3.6490340000000003,D:\OneDrive - HHU\ML codes\DL-PDE\Linear_fractional\results\tsfade_fft_tsfade_retrained_alpha078_beta183_noise25_gj_hybrid_taylor_result.txt,D:\Miniconda\envs\sr\python.exe main.py --paper-example candidate_select_tsfade_noise25 --generated-top-structures 1 --lamb 0.0005 --iter-start-beta 1.6,0,"example: tsfade_retrained_alpha078_beta183_noise25
checkpoint: D:\OneDrive - HHU\ML codes\DL-PDE\Linear_fractional\data\models\tsfade_retrained_alpha078_beta183_normalized_tanh\draft-2000-25\best.pkl
candidate equation: D_t^0.79842296 H = -0.9521*Hx + 0.3293 D_x^1.650197 H
center orders: alpha0 = 0.79847124, beta0 = 1.6541653
order update: mode=iterative, iterations=4, converged=True, stop=correction_below_tolerance, selected=3
alpha = 0.79842296, beta = 1.6501973 (status=estimated)
detailed report: D:\OneDrive - HHU\ML codes\DL-PDE\Linear_fractional\results\tsfade_fft_tsfade_retrained_alpha078_beta183_noise25_gj_hybrid_taylor_result.txt",
candidate_select_tsfade_noise25,25%,1,0.001,2.0,ok,True,D_t^0.83861089 H = -0.7883*Hx + 0.7281 D_x^2 H,Hx + D_x^2 H,0.8386108894687768,2.0,-0.7883354993,0.7280917233,0.78,1.83,0.058610889468776795,0.16999999999999993,0.0751422,0.0928962,1.891797023290373,1.892172023290373,1.0,3.0,objective_not_decreased,2.0,Hx + D_x^beta H,Hx + Hxx,1.0,1.0,2.5364488,D:\OneDrive - HHU\ML codes\DL-PDE\Linear_fractional\results\tsfade_fft_tsfade_retrained_alpha078_beta183_noise25_gj_hybrid_taylor_result.txt,D:\Miniconda\envs\sr\python.exe main.py --paper-example candidate_select_tsfade_noise25 --generated-top-structures 1 --lamb 0.001 --iter-start-beta 2,0,"example: tsfade_retrained_alpha078_beta183_noise25
checkpoint: D:\OneDrive - HHU\ML codes\DL-PDE\Linear_fractional\data\models\tsfade_retrained_alpha078_beta183_normalized_tanh\draft-2000-25\best.pkl
candidate equation: D_t^0.83861089 H = -0.7883*Hx + 0.7281 D_x^2 H
center orders: alpha0 = 0.85553641, beta0 = 2
order update: mode=iterative, iterations=3, converged=False, stop=objective_not_decreased, selected=1
alpha = 0.83861089, beta = 2 (status=estimated)
detailed report: D:\OneDrive - HHU\ML codes\DL-PDE\Linear_fractional\results\tsfade_fft_tsfade_retrained_alpha078_beta183_noise25_gj_hybrid_taylor_result.txt",
candidate_select_tsfade_noise25,25%,1,0.001,1.9,ok,True,D_t^0.84046979 H = -0.7812*Hx + 0.748 D_x^2 H,Hx + D_x^2 H,0.8404697915329894,2.0,-0.7812424769,0.7479721315,0.78,1.83,0.06046979153298937,0.16999999999999993,0.0775254,0.0928962,1.892203252683721,1.892578252683721,1.0,3.0,objective_not_decreased,1.9,Hx + D_x^beta H,Hx + Hxx,1.0,1.0,2.7503033,D:\OneDrive - HHU\ML codes\DL-PDE\Linear_fractional\results\tsfade_fft_tsfade_retrained_alpha078_beta183_noise25_gj_hybrid_taylor_result.txt,D:\Miniconda\envs\sr\python.exe main.py --paper-example candidate_select_tsfade_noise25 --generated-top-structures 1 --lamb 0.001 --iter-start-beta 1.9,0,"example: tsfade_retrained_alpha078_beta183_noise25
checkpoint: D:\OneDrive - HHU\ML codes\DL-PDE\Linear_fractional\data\models\tsfade_retrained_alpha078_beta183_normalized_tanh\draft-2000-25\best.pkl
candidate equation: D_t^0.84046979 H = -0.7812*Hx + 0.748 D_x^2 H
center orders: alpha0 = 0.86670848, beta0 = 2
order update: mode=iterative, iterations=3, converged=False, stop=objective_not_decreased, selected=1
alpha = 0.84046979, beta = 2 (status=estimated)
detailed report: D:\OneDrive - HHU\ML codes\DL-PDE\Linear_fractional\results\tsfade_fft_tsfade_retrained_alpha078_beta183_noise25_gj_hybrid_taylor_result.txt",
candidate_select_tsfade_noise25,25%,1,0.001,1.85,ok,True,D_t^0.84090494 H = -0.7795*Hx + 0.7531 D_x^2 H,Hx + D_x^2 H,0.8409049394669957,2.0,-0.7794657854,0.7530829942,0.78,1.83,0.06090493946699571,0.16999999999999993,0.0780833,0.0928962,1.892660965573113,1.893035965573113,1.0,3.0,objective_not_decreased,1.85,Hx + D_x^beta H,Hx + Hxx,1.0,1.0,2.7671345,D:\OneDrive - HHU\ML codes\DL-PDE\Linear_fractional\results\tsfade_fft_tsfade_retrained_alpha078_beta183_noise25_gj_hybrid_taylor_result.txt,D:\Miniconda\envs\sr\python.exe main.py --paper-example candidate_select_tsfade_noise25 --generated-top-structures 1 --lamb 0.001 --iter-start-beta 1.85,0,"example: tsfade_retrained_alpha078_beta183_noise25
checkpoint: D:\OneDrive - HHU\ML codes\DL-PDE\Linear_fractional\data\models\tsfade_retrained_alpha078_beta183_normalized_tanh\draft-2000-25\best.pkl
candidate equation: D_t^0.84090494 H = -0.7795*Hx + 0.7531 D_x^2 H
center orders: alpha0 = 0.86948167, beta0 = 2
order update: mode=iterative, iterations=3, converged=False, stop=objective_not_decreased, selected=1
alpha = 0.84090494, beta = 2 (status=estimated)
detailed report: D:\OneDrive - HHU\ML codes\DL-PDE\Linear_fractional\results\tsfade_fft_tsfade_retrained_alpha078_beta183_noise25_gj_hybrid_taylor_result.txt",
candidate_select_tsfade_noise25,25%,1,0.001,1.8,ok,True,D_t^0.83533641 H = -0.7993*Hx + 0.699 D_x^2 H,Hx + D_x^2 H,0.8353364101782257,2.0,-0.7993327408,0.6989947522,0.78,1.83,0.05533641017822566,0.16999999999999993,0.0709441,0.0928962,1.8957923523895752,1.8961673523895752,2.0,3.0,correction_below_tolerance,1.8,Hx + D_x^beta H,Hx + Hxx,1.0,1.0,3.0600587,D:\OneDrive - HHU\ML codes\DL-PDE\Linear_fractional\results\tsfade_fft_tsfade_retrained_alpha078_beta183_noise25_gj_hybrid_taylor_result.txt,D:\Miniconda\envs\sr\python.exe main.py --paper-example candidate_select_tsfade_noise25 --generated-top-structures 1 --lamb 0.001 --iter-start-beta 1.8,0,"example: tsfade_retrained_alpha078_beta183_noise25
checkpoint: D:\OneDrive - HHU\ML codes\DL-PDE\Linear_fractional\data\models\tsfade_retrained_alpha078_beta183_normalized_tanh\draft-2000-25\best.pkl
candidate equation: D_t^0.83533641 H = -0.7993*Hx + 0.699 D_x^2 H
center orders: alpha0 = 0.83799869, beta0 = 2
order update: mode=iterative, iterations=3, converged=True, stop=correction_below_tolerance, selected=2
alpha = 0.83533641, beta = 2 (status=estimated)
detailed report: D:\OneDrive - HHU\ML codes\DL-PDE\Linear_fractional\results\tsfade_fft_tsfade_retrained_alpha078_beta183_noise25_gj_hybrid_taylor_result.txt",
candidate_select_tsfade_noise25,25%,1,0.001,1.7,ok,True,D_t^0.81940165 H = -0.8689*Hx + 0.4879 D_x^1.846983 H,Hx + D_x^1.846983 H,0.8194016464212486,1.8469825610078963,-0.8688835738,0.4878500225,0.78,1.83,0.03940164642124855,0.01698256100789619,0.0505149,0.00928009,1.9050628293026166,1.9054378293026166,1.0,3.0,objective_not_decreased,1.7,Hx + D_x^beta H,Hx + Hxx,1.0,1.0,3.1224231,D:\OneDrive - HHU\ML codes\DL-PDE\Linear_fractional\results\tsfade_fft_tsfade_retrained_alpha078_beta183_noise25_gj_hybrid_taylor_result.txt,D:\Miniconda\envs\sr\python.exe main.py --paper-example candidate_select_tsfade_noise25 --generated-top-structures 1 --lamb 0.001 --iter-start-beta 1.7,0,"example: tsfade_retrained_alpha078_beta183_noise25
checkpoint: D:\OneDrive - HHU\ML codes\DL-PDE\Linear_fractional\data\models\tsfade_retrained_alpha078_beta183_normalized_tanh\draft-2000-25\best.pkl
candidate equation: D_t^0.81940165 H = -0.8689*Hx + 0.4879 D_x^1.846983 H
center orders: alpha0 = 0.83673462, beta0 = 1.85
order update: mode=iterative, iterations=3, converged=False, stop=objective_not_decreased, selected=1
alpha = 0.81940165, beta = 1.8469826 (status=estimated)
detailed report: D:\OneDrive - HHU\ML codes\DL-PDE\Linear_fractional\results\tsfade_fft_tsfade_retrained_alpha078_beta183_noise25_gj_hybrid_taylor_result.txt",
candidate_select_tsfade_noise25,25%,1,0.001,1.65,ok,True,D_t^0.81052874 H = -0.9039*Hx + 0.4121 D_x^1.769343 H,Hx + D_x^1.769343 H,0.8105287440117059,1.769342657286842,-0.9039242312,0.4121001847,0.78,1.83,0.03052874401170591,0.060657342713158036,0.0391394,0.0331461,1.8875634877522436,1.8879384877522436,1.0,3.0,objective_not_decreased,1.65,Hx + D_x^beta H,Hx + Hxx,1.0,1.0,3.2585265000000003,D:\OneDrive - HHU\ML codes\DL-PDE\Linear_fractional\results\tsfade_fft_tsfade_retrained_alpha078_beta183_noise25_gj_hybrid_taylor_result.txt,D:\Miniconda\envs\sr\python.exe main.py --paper-example candidate_select_tsfade_noise25 --generated-top-structures 1 --lamb 0.001 --iter-start-beta 1.65,0,"example: tsfade_retrained_alpha078_beta183_noise25
checkpoint: D:\OneDrive - HHU\ML codes\DL-PDE\Linear_fractional\data\models\tsfade_retrained_alpha078_beta183_normalized_tanh\draft-2000-25\best.pkl
candidate equation: D_t^0.81052874 H = -0.9039*Hx + 0.4121 D_x^1.769343 H
center orders: alpha0 = 0.81950008, beta0 = 1.8
order update: mode=iterative, iterations=3, converged=False, stop=objective_not_decreased, selected=1
alpha = 0.81052874, beta = 1.7693427 (status=estimated)
detailed report: D:\OneDrive - HHU\ML codes\DL-PDE\Linear_fractional\results\tsfade_fft_tsfade_retrained_alpha078_beta183_noise25_gj_hybrid_taylor_result.txt",
candidate_select_tsfade_noise25,25%,1,0.001,1.6,ok,True,D_t^0.79842296 H = -0.9521*Hx + 0.3293 D_x^1.650197 H,Hx + D_x^1.650197 H,0.7984229629259042,1.6501973153252456,-0.9521423234,0.3292986541,0.78,1.83,0.018422962925904174,0.17980268467475446,0.0236192,0.0982528,1.8167183319786975,1.8170933319786975,3.0,4.0,correction_below_tolerance,1.6,Hx + D_x^beta H,Hx + Hxx,1.0,1.0,3.7500198,D:\OneDrive - HHU\ML codes\DL-PDE\Linear_fractional\results\tsfade_fft_tsfade_retrained_alpha078_beta183_noise25_gj_hybrid_taylor_result.txt,D:\Miniconda\envs\sr\python.exe main.py --paper-example candidate_select_tsfade_noise25 --generated-top-structures 1 --lamb 0.001 --iter-start-beta 1.6,0,"example: tsfade_retrained_alpha078_beta183_noise25
checkpoint: D:\OneDrive - HHU\ML codes\DL-PDE\Linear_fractional\data\models\tsfade_retrained_alpha078_beta183_normalized_tanh\draft-2000-25\best.pkl
candidate equation: D_t^0.79842296 H = -0.9521*Hx + 0.3293 D_x^1.650197 H
center orders: alpha0 = 0.79847124, beta0 = 1.6541653
order update: mode=iterative, iterations=4, converged=True, stop=correction_below_tolerance, selected=3
alpha = 0.79842296, beta = 1.6501973 (status=estimated)
detailed report: D:\OneDrive - HHU\ML codes\DL-PDE\Linear_fractional\results\tsfade_fft_tsfade_retrained_alpha078_beta183_noise25_gj_hybrid_taylor_result.txt",
candidate_select_tsfade_noise25,25%,1,0.0015,2.0,ok,True,D_t^0.83861089 H = -0.7883*Hx + 0.7281 D_x^2 H,Hx + D_x^2 H,0.8386108894687768,2.0,-0.7883354993,0.7280917233,0.78,1.83,0.058610889468776795,0.16999999999999993,0.0751422,0.0928962,1.9966790814273943,1.9970540814273943,1.0,3.0,objective_not_decreased,2.0,Hx + D_x^beta H,Hx + Hxx,1.0,1.0,2.4855416999999997,D:\OneDrive - HHU\ML codes\DL-PDE\Linear_fractional\results\tsfade_fft_tsfade_retrained_alpha078_beta183_noise25_gj_hybrid_taylor_result.txt,D:\Miniconda\envs\sr\python.exe main.py --paper-example candidate_select_tsfade_noise25 --generated-top-structures 1 --lamb 0.0015 --iter-start-beta 2,0,"example: tsfade_retrained_alpha078_beta183_noise25
checkpoint: D:\OneDrive - HHU\ML codes\DL-PDE\Linear_fractional\data\models\tsfade_retrained_alpha078_beta183_normalized_tanh\draft-2000-25\best.pkl
candidate equation: D_t^0.83861089 H = -0.7883*Hx + 0.7281 D_x^2 H
center orders: alpha0 = 0.85553641, beta0 = 2
order update: mode=iterative, iterations=3, converged=False, stop=objective_not_decreased, selected=1
alpha = 0.83861089, beta = 2 (status=estimated)
detailed report: D:\OneDrive - HHU\ML codes\DL-PDE\Linear_fractional\results\tsfade_fft_tsfade_retrained_alpha078_beta183_noise25_gj_hybrid_taylor_result.txt",
candidate_select_tsfade_noise25,25%,1,0.0015,1.9,ok,True,D_t^0.84046979 H = -0.7812*Hx + 0.748 D_x^2 H,Hx + D_x^2 H,0.8404697915329894,2.0,-0.7812424769,0.7479721315,0.78,1.83,0.06046979153298937,0.16999999999999993,0.0775254,0.0928962,1.9949229925314234,1.9952979925314234,1.0,3.0,objective_not_decreased,1.9,Hx + D_x^beta H,Hx + Hxx,1.0,1.0,2.8088252999999996,D:\OneDrive - HHU\ML codes\DL-PDE\Linear_fractional\results\tsfade_fft_tsfade_retrained_alpha078_beta183_noise25_gj_hybrid_taylor_result.txt,D:\Miniconda\envs\sr\python.exe main.py --paper-example candidate_select_tsfade_noise25 --generated-top-structures 1 --lamb 0.0015 --iter-start-beta 1.9,0,"example: tsfade_retrained_alpha078_beta183_noise25
checkpoint: D:\OneDrive - HHU\ML codes\DL-PDE\Linear_fractional\data\models\tsfade_retrained_alpha078_beta183_normalized_tanh\draft-2000-25\best.pkl
candidate equation: D_t^0.84046979 H = -0.7812*Hx + 0.748 D_x^2 H
center orders: alpha0 = 0.86670848, beta0 = 2
order update: mode=iterative, iterations=3, converged=False, stop=objective_not_decreased, selected=1
alpha = 0.84046979, beta = 2 (status=estimated)
detailed report: D:\OneDrive - HHU\ML codes\DL-PDE\Linear_fractional\results\tsfade_fft_tsfade_retrained_alpha078_beta183_noise25_gj_hybrid_taylor_result.txt",
candidate_select_tsfade_noise25,25%,1,0.0015,1.85,ok,True,D_t^0.84090494 H = -0.7795*Hx + 0.7531 D_x^2 H,Hx + D_x^2 H,0.8409049394669957,2.0,-0.7794657854,0.7530829942,0.78,1.83,0.06090493946699571,0.16999999999999993,0.0780833,0.0928962,1.9948481803082403,1.9952231803082403,1.0,3.0,objective_not_decreased,1.85,Hx + D_x^beta H,Hx + Hxx,1.0,1.0,2.7097353,D:\OneDrive - HHU\ML codes\DL-PDE\Linear_fractional\results\tsfade_fft_tsfade_retrained_alpha078_beta183_noise25_gj_hybrid_taylor_result.txt,D:\Miniconda\envs\sr\python.exe main.py --paper-example candidate_select_tsfade_noise25 --generated-top-structures 1 --lamb 0.0015 --iter-start-beta 1.85,0,"example: tsfade_retrained_alpha078_beta183_noise25
checkpoint: D:\OneDrive - HHU\ML codes\DL-PDE\Linear_fractional\data\models\tsfade_retrained_alpha078_beta183_normalized_tanh\draft-2000-25\best.pkl
candidate equation: D_t^0.84090494 H = -0.7795*Hx + 0.7531 D_x^2 H
center orders: alpha0 = 0.86948167, beta0 = 2
order update: mode=iterative, iterations=3, converged=False, stop=objective_not_decreased, selected=1
alpha = 0.84090494, beta = 2 (status=estimated)
detailed report: D:\OneDrive - HHU\ML codes\DL-PDE\Linear_fractional\results\tsfade_fft_tsfade_retrained_alpha078_beta183_noise25_gj_hybrid_taylor_result.txt",
candidate_select_tsfade_noise25,25%,1,0.0015,1.8,ok,True,D_t^0.83533641 H = -0.7993*Hx + 0.699 D_x^2 H,Hx + D_x^2 H,0.8353364101782257,2.0,-0.7993327408,0.6989947522,0.78,1.83,0.05533641017822566,0.16999999999999993,0.0709441,0.0928962,2.0041270310409685,2.0045020310409685,2.0,3.0,correction_below_tolerance,1.8,Hx + D_x^beta H,Hx + Hxx,1.0,1.0,2.9201163,D:\OneDrive - HHU\ML codes\DL-PDE\Linear_fractional\results\tsfade_fft_tsfade_retrained_alpha078_beta183_noise25_gj_hybrid_taylor_result.txt,D:\Miniconda\envs\sr\python.exe main.py --paper-example candidate_select_tsfade_noise25 --generated-top-structures 1 --lamb 0.0015 --iter-start-beta 1.8,0,"example: tsfade_retrained_alpha078_beta183_noise25
checkpoint: D:\OneDrive - HHU\ML codes\DL-PDE\Linear_fractional\data\models\tsfade_retrained_alpha078_beta183_normalized_tanh\draft-2000-25\best.pkl
candidate equation: D_t^0.83533641 H = -0.7993*Hx + 0.699 D_x^2 H
center orders: alpha0 = 0.83799869, beta0 = 2
order update: mode=iterative, iterations=3, converged=True, stop=correction_below_tolerance, selected=2
alpha = 0.83533641, beta = 2 (status=estimated)
detailed report: D:\OneDrive - HHU\ML codes\DL-PDE\Linear_fractional\results\tsfade_fft_tsfade_retrained_alpha078_beta183_noise25_gj_hybrid_taylor_result.txt",
candidate_select_tsfade_noise25,25%,1,0.0015,1.7,ok,True,D_t^0.81940165 H = -0.8689*Hx + 0.4879 D_x^1.846983 H,Hx + D_x^1.846983 H,0.8194016464212486,1.8469825610078963,-0.8688835738,0.4878500225,0.78,1.83,0.03940164642124855,0.01698256100789619,0.0505149,0.00928009,2.009961245869274,2.010336245869274,1.0,3.0,objective_not_decreased,1.7,Hx + D_x^beta H,Hx + Hxx,1.0,1.0,3.2800791,D:\OneDrive - HHU\ML codes\DL-PDE\Linear_fractional\results\tsfade_fft_tsfade_retrained_alpha078_beta183_noise25_gj_hybrid_taylor_result.txt,D:\Miniconda\envs\sr\python.exe main.py --paper-example candidate_select_tsfade_noise25 --generated-top-structures 1 --lamb 0.0015 --iter-start-beta 1.7,0,"example: tsfade_retrained_alpha078_beta183_noise25
checkpoint: D:\OneDrive - HHU\ML codes\DL-PDE\Linear_fractional\data\models\tsfade_retrained_alpha078_beta183_normalized_tanh\draft-2000-25\best.pkl
candidate equation: D_t^0.81940165 H = -0.8689*Hx + 0.4879 D_x^1.846983 H
center orders: alpha0 = 0.83673462, beta0 = 1.85
order update: mode=iterative, iterations=3, converged=False, stop=objective_not_decreased, selected=1
alpha = 0.81940165, beta = 1.8469826 (status=estimated)
detailed report: D:\OneDrive - HHU\ML codes\DL-PDE\Linear_fractional\results\tsfade_fft_tsfade_retrained_alpha078_beta183_noise25_gj_hybrid_taylor_result.txt",
candidate_select_tsfade_noise25,25%,1,0.0015,1.65,ok,True,D_t^0.7972117 H = -0.9616*Hx + 0.3161 D_x^1.639935 H,Hx + D_x^1.639935 H,0.7972116955202011,1.6399350151296344,-0.9616494651,0.3161113134,0.78,1.83,0.017211695520201076,0.19006498487036572,0.0220663,0.103861,1.8634209002910596,1.8637959002910596,5.0,7.0,objective_not_decreased,1.65,Hx + D_x^beta H,Hx + Hxx,1.0,1.0,5.0404577,D:\OneDrive - HHU\ML codes\DL-PDE\Linear_fractional\results\tsfade_fft_tsfade_retrained_alpha078_beta183_noise25_gj_hybrid_taylor_result.txt,D:\Miniconda\envs\sr\python.exe main.py --paper-example candidate_select_tsfade_noise25 --generated-top-structures 1 --lamb 0.0015 --iter-start-beta 1.65,0,"example: tsfade_retrained_alpha078_beta183_noise25
checkpoint: D:\OneDrive - HHU\ML codes\DL-PDE\Linear_fractional\data\models\tsfade_retrained_alpha078_beta183_normalized_tanh\draft-2000-25\best.pkl
candidate equation: D_t^0.7972117 H = -0.9616*Hx + 0.3161 D_x^1.639935 H
center orders: alpha0 = 0.79582654, beta0 = 1.63307
order update: mode=iterative, iterations=7, converged=False, stop=objective_not_decreased, selected=5
alpha = 0.7972117, beta = 1.639935 (status=estimated)
detailed report: D:\OneDrive - HHU\ML codes\DL-PDE\Linear_fractional\results\tsfade_fft_tsfade_retrained_alpha078_beta183_noise25_gj_hybrid_taylor_result.txt",
candidate_select_tsfade_noise25,25%,1,0.0015,1.6,ok,True,D_t^0.79842296 H = -0.9521*Hx + 0.3293 D_x^1.650197 H,Hx + D_x^1.650197 H,0.7984229629259042,1.6501973153252456,-0.9521423234,0.3292986541,0.78,1.83,0.018422962925904174,0.17980268467475446,0.0236192,0.0982528,1.8790961493852965,1.8794711493852965,3.0,4.0,correction_below_tolerance,1.6,Hx + D_x^beta H,Hx + Hxx,1.0,1.0,3.5481605999999997,D:\OneDrive - HHU\ML codes\DL-PDE\Linear_fractional\results\tsfade_fft_tsfade_retrained_alpha078_beta183_noise25_gj_hybrid_taylor_result.txt,D:\Miniconda\envs\sr\python.exe main.py --paper-example candidate_select_tsfade_noise25 --generated-top-structures 1 --lamb 0.0015 --iter-start-beta 1.6,0,"example: tsfade_retrained_alpha078_beta183_noise25
checkpoint: D:\OneDrive - HHU\ML codes\DL-PDE\Linear_fractional\data\models\tsfade_retrained_alpha078_beta183_normalized_tanh\draft-2000-25\best.pkl
candidate equation: D_t^0.79842296 H = -0.9521*Hx + 0.3293 D_x^1.650197 H
center orders: alpha0 = 0.79847124, beta0 = 1.6541653
order update: mode=iterative, iterations=4, converged=True, stop=correction_below_tolerance, selected=3
alpha = 0.79842296, beta = 1.6501973 (status=estimated)
detailed report: D:\OneDrive - HHU\ML codes\DL-PDE\Linear_fractional\results\tsfade_fft_tsfade_retrained_alpha078_beta183_noise25_gj_hybrid_taylor_result.txt",
candidate_select_tsfade_noise25,25%,1,0.002,2.0,ok,True,D_t^0.83861089 H = -0.7883*Hx + 0.7281 D_x^2 H,Hx + D_x^2 H,0.8386108894687768,2.0,-0.7883354993,0.7280917233,0.78,1.83,0.058610889468776795,0.16999999999999993,0.0751422,0.0928962,2.1015611395644154,2.1019361395644154,1.0,3.0,objective_not_decreased,2.0,Hx + D_x^beta H,Hx + Hxx,1.0,1.0,2.5554021,D:\OneDrive - HHU\ML codes\DL-PDE\Linear_fractional\results\tsfade_fft_tsfade_retrained_alpha078_beta183_noise25_gj_hybrid_taylor_result.txt,D:\Miniconda\envs\sr\python.exe main.py --paper-example candidate_select_tsfade_noise25 --generated-top-structures 1 --lamb 0.002 --iter-start-beta 2,0,"example: tsfade_retrained_alpha078_beta183_noise25
checkpoint: D:\OneDrive - HHU\ML codes\DL-PDE\Linear_fractional\data\models\tsfade_retrained_alpha078_beta183_normalized_tanh\draft-2000-25\best.pkl
candidate equation: D_t^0.83861089 H = -0.7883*Hx + 0.7281 D_x^2 H
center orders: alpha0 = 0.85553641, beta0 = 2
order update: mode=iterative, iterations=3, converged=False, stop=objective_not_decreased, selected=1
alpha = 0.83861089, beta = 2 (status=estimated)
detailed report: D:\OneDrive - HHU\ML codes\DL-PDE\Linear_fractional\results\tsfade_fft_tsfade_retrained_alpha078_beta183_noise25_gj_hybrid_taylor_result.txt",
candidate_select_tsfade_noise25,25%,1,0.002,1.9,ok,True,D_t^0.84046979 H = -0.7812*Hx + 0.748 D_x^2 H,Hx + D_x^2 H,0.8404697915329894,2.0,-0.7812424769,0.7479721315,0.78,1.83,0.06046979153298937,0.16999999999999993,0.0775254,0.0928962,2.097642732379126,2.098017732379126,1.0,3.0,objective_not_decreased,1.9,Hx + D_x^beta H,Hx + Hxx,1.0,1.0,2.6550887000000003,D:\OneDrive - HHU\ML codes\DL-PDE\Linear_fractional\results\tsfade_fft_tsfade_retrained_alpha078_beta183_noise25_gj_hybrid_taylor_result.txt,D:\Miniconda\envs\sr\python.exe main.py --paper-example candidate_select_tsfade_noise25 --generated-top-structures 1 --lamb 0.002 --iter-start-beta 1.9,0,"example: tsfade_retrained_alpha078_beta183_noise25
checkpoint: D:\OneDrive - HHU\ML codes\DL-PDE\Linear_fractional\data\models\tsfade_retrained_alpha078_beta183_normalized_tanh\draft-2000-25\best.pkl
candidate equation: D_t^0.84046979 H = -0.7812*Hx + 0.748 D_x^2 H
center orders: alpha0 = 0.86670848, beta0 = 2
order update: mode=iterative, iterations=3, converged=False, stop=objective_not_decreased, selected=1
alpha = 0.84046979, beta = 2 (status=estimated)
detailed report: D:\OneDrive - HHU\ML codes\DL-PDE\Linear_fractional\results\tsfade_fft_tsfade_retrained_alpha078_beta183_noise25_gj_hybrid_taylor_result.txt",
candidate_select_tsfade_noise25,25%,1,0.002,1.85,ok,True,D_t^0.84090494 H = -0.7795*Hx + 0.7531 D_x^2 H,Hx + D_x^2 H,0.8409049394669958,2.0,-0.7794657854,0.7530829942,0.78,1.83,0.06090493946699582,0.16999999999999993,0.0780833,0.0928962,2.097035395043368,2.097410395043368,1.0,3.0,objective_not_decreased,1.85,Hx + D_x^beta H,Hx + Hxx,1.0,1.0,2.6510964,D:\OneDrive - HHU\ML codes\DL-PDE\Linear_fractional\results\tsfade_fft_tsfade_retrained_alpha078_beta183_noise25_gj_hybrid_taylor_result.txt,D:\Miniconda\envs\sr\python.exe main.py --paper-example candidate_select_tsfade_noise25 --generated-top-structures 1 --lamb 0.002 --iter-start-beta 1.85,0,"example: tsfade_retrained_alpha078_beta183_noise25
checkpoint: D:\OneDrive - HHU\ML codes\DL-PDE\Linear_fractional\data\models\tsfade_retrained_alpha078_beta183_normalized_tanh\draft-2000-25\best.pkl
candidate equation: D_t^0.84090494 H = -0.7795*Hx + 0.7531 D_x^2 H
center orders: alpha0 = 0.86948167, beta0 = 2
order update: mode=iterative, iterations=3, converged=False, stop=objective_not_decreased, selected=1
alpha = 0.84090494, beta = 2 (status=estimated)
detailed report: D:\OneDrive - HHU\ML codes\DL-PDE\Linear_fractional\results\tsfade_fft_tsfade_retrained_alpha078_beta183_noise25_gj_hybrid_taylor_result.txt",
candidate_select_tsfade_noise25,25%,1,0.002,1.8,ok,True,D_t^0.83799869 H = -0.7924*Hx + 0.703 D_x^2 H,Hx + D_x^2 H,0.8379986939248056,2.0,-0.792422431,0.7029500087,0.78,1.83,0.05799869392480561,0.16999999999999993,0.0743573,0.0928962,2.108870225778144,2.109245225778144,1.0,3.0,objective_not_decreased,1.8,Hx + D_x^beta H,Hx + Hxx,1.0,1.0,3.1611255000000003,D:\OneDrive - HHU\ML codes\DL-PDE\Linear_fractional\results\tsfade_fft_tsfade_retrained_alpha078_beta183_noise25_gj_hybrid_taylor_result.txt,D:\Miniconda\envs\sr\python.exe main.py --paper-example candidate_select_tsfade_noise25 --generated-top-structures 1 --lamb 0.002 --iter-start-beta 1.8,0,"example: tsfade_retrained_alpha078_beta183_noise25
checkpoint: D:\OneDrive - HHU\ML codes\DL-PDE\Linear_fractional\data\models\tsfade_retrained_alpha078_beta183_normalized_tanh\draft-2000-25\best.pkl
candidate equation: D_t^0.83799869 H = -0.7924*Hx + 0.703 D_x^2 H
center orders: alpha0 = 0.86520942, beta0 = 1.95
order update: mode=iterative, iterations=3, converged=False, stop=objective_not_decreased, selected=1
alpha = 0.83799869, beta = 2 (status=estimated)
detailed report: D:\OneDrive - HHU\ML codes\DL-PDE\Linear_fractional\results\tsfade_fft_tsfade_retrained_alpha078_beta183_noise25_gj_hybrid_taylor_result.txt",
candidate_select_tsfade_noise25,25%,1,0.002,1.7,ok,True,D_t^0.81940165 H = -0.8689*Hx + 0.4879 D_x^1.846983 H,Hx + D_x^1.846983 H,0.8194016464212486,1.8469825610078963,-0.8688835738,0.4878500225,0.78,1.83,0.03940164642124855,0.01698256100789619,0.0505149,0.00928009,2.1148596624359315,2.1152346624359315,1.0,3.0,objective_not_decreased,1.7,Hx + D_x^beta H,Hx + Hxx,1.0,1.0,3.4711318,D:\OneDrive - HHU\ML codes\DL-PDE\Linear_fractional\results\tsfade_fft_tsfade_retrained_alpha078_beta183_noise25_gj_hybrid_taylor_result.txt,D:\Miniconda\envs\sr\python.exe main.py --paper-example candidate_select_tsfade_noise25 --generated-top-structures 1 --lamb 0.002 --iter-start-beta 1.7,0,"example: tsfade_retrained_alpha078_beta183_noise25
checkpoint: D:\OneDrive - HHU\ML codes\DL-PDE\Linear_fractional\data\models\tsfade_retrained_alpha078_beta183_normalized_tanh\draft-2000-25\best.pkl
candidate equation: D_t^0.81940165 H = -0.8689*Hx + 0.4879 D_x^1.846983 H
center orders: alpha0 = 0.83673462, beta0 = 1.85
order update: mode=iterative, iterations=3, converged=False, stop=objective_not_decreased, selected=1
alpha = 0.81940165, beta = 1.8469826 (status=estimated)
detailed report: D:\OneDrive - HHU\ML codes\DL-PDE\Linear_fractional\results\tsfade_fft_tsfade_retrained_alpha078_beta183_noise25_gj_hybrid_taylor_result.txt",
candidate_select_tsfade_noise25,25%,1,0.002,1.65,ok,True,D_t^0.79745669 H = -0.9597*Hx + 0.3188 D_x^1.641985 H,Hx + D_x^1.641985 H,0.7974566867736717,1.641985178289948,-0.9596615374,0.3187930046,0.78,1.83,0.017456686773671626,0.18801482171005213,0.0223804,0.10274,1.9240060897422497,1.9243810897422498,6.0,7.0,correction_below_tolerance,1.65,Hx + D_x^beta H,Hx + Hxx,1.0,1.0,5.0656396,D:\OneDrive - HHU\ML codes\DL-PDE\Linear_fractional\results\tsfade_fft_tsfade_retrained_alpha078_beta183_noise25_gj_hybrid_taylor_result.txt,D:\Miniconda\envs\sr\python.exe main.py --paper-example candidate_select_tsfade_noise25 --generated-top-structures 1 --lamb 0.002 --iter-start-beta 1.65,0,"example: tsfade_retrained_alpha078_beta183_noise25
checkpoint: D:\OneDrive - HHU\ML codes\DL-PDE\Linear_fractional\data\models\tsfade_retrained_alpha078_beta183_normalized_tanh\draft-2000-25\best.pkl
candidate equation: D_t^0.79745669 H = -0.9597*Hx + 0.3188 D_x^1.641985 H
center orders: alpha0 = 0.79638706, beta0 = 1.6374215
order update: mode=iterative, iterations=7, converged=True, stop=correction_below_tolerance, selected=6
alpha = 0.79745669, beta = 1.6419852 (status=estimated)
detailed report: D:\OneDrive - HHU\ML codes\DL-PDE\Linear_fractional\results\tsfade_fft_tsfade_retrained_alpha078_beta183_noise25_gj_hybrid_taylor_result.txt",
candidate_select_tsfade_noise25,25%,1,0.002,1.6,ok,True,D_t^0.79842296 H = -0.9521*Hx + 0.3293 D_x^1.650197 H,Hx + D_x^1.650197 H,0.7984229629259212,1.6501973153254366,-0.9521423234,0.3292986541,0.78,1.83,0.01842296292592116,0.1798026846745635,0.0236192,0.0982528,1.941473966791671,1.941848966791671,3.0,4.0,correction_below_tolerance,1.6,Hx + D_x^beta H,Hx + Hxx,1.0,1.0,3.8238530999999996,D:\OneDrive - HHU\ML codes\DL-PDE\Linear_fractional\results\tsfade_fft_tsfade_retrained_alpha078_beta183_noise25_gj_hybrid_taylor_result.txt,D:\Miniconda\envs\sr\python.exe main.py --paper-example candidate_select_tsfade_noise25 --generated-top-structures 1 --lamb 0.002 --iter-start-beta 1.6,0,"example: tsfade_retrained_alpha078_beta183_noise25
checkpoint: D:\OneDrive - HHU\ML codes\DL-PDE\Linear_fractional\data\models\tsfade_retrained_alpha078_beta183_normalized_tanh\draft-2000-25\best.pkl
candidate equation: D_t^0.79842296 H = -0.9521*Hx + 0.3293 D_x^1.650197 H
center orders: alpha0 = 0.79847124, beta0 = 1.6541653
order update: mode=iterative, iterations=4, converged=True, stop=correction_below_tolerance, selected=3
alpha = 0.79842296, beta = 1.6501973 (status=estimated)
detailed report: D:\OneDrive - HHU\ML codes\DL-PDE\Linear_fractional\results\tsfade_fft_tsfade_retrained_alpha078_beta183_noise25_gj_hybrid_taylor_result.txt",
candidate_select_tsfade_noise25,25%,1,0.003,2.0,ok,True,D_t^0.83861089 H = -0.7883*Hx + 0.7281 D_x^2 H,Hx + D_x^2 H,0.8386108894687768,2.0,-0.7883354993,0.7280917233,0.78,1.83,0.058610889468776795,0.16999999999999993,0.0751422,0.0928962,2.311325255838458,2.311700255838458,1.0,3.0,objective_not_decreased,2.0,Hx + D_x^beta H,Hx + Hxx,1.0,1.0,2.4838017999999997,D:\OneDrive - HHU\ML codes\DL-PDE\Linear_fractional\results\tsfade_fft_tsfade_retrained_alpha078_beta183_noise25_gj_hybrid_taylor_result.txt,D:\Miniconda\envs\sr\python.exe main.py --paper-example candidate_select_tsfade_noise25 --generated-top-structures 1 --lamb 0.003 --iter-start-beta 2,0,"example: tsfade_retrained_alpha078_beta183_noise25
checkpoint: D:\OneDrive - HHU\ML codes\DL-PDE\Linear_fractional\data\models\tsfade_retrained_alpha078_beta183_normalized_tanh\draft-2000-25\best.pkl
candidate equation: D_t^0.83861089 H = -0.7883*Hx + 0.7281 D_x^2 H
center orders: alpha0 = 0.85553641, beta0 = 2
order update: mode=iterative, iterations=3, converged=False, stop=objective_not_decreased, selected=1
alpha = 0.83861089, beta = 2 (status=estimated)
detailed report: D:\OneDrive - HHU\ML codes\DL-PDE\Linear_fractional\results\tsfade_fft_tsfade_retrained_alpha078_beta183_noise25_gj_hybrid_taylor_result.txt",
candidate_select_tsfade_noise25,25%,1,0.003,1.9,ok,True,D_t^0.84046979 H = -0.7812*Hx + 0.748 D_x^2 H,Hx + D_x^2 H,0.8404697915329894,2.0,-0.7812424769,0.7479721315,0.78,1.83,0.06046979153298937,0.16999999999999993,0.0775254,0.0928962,2.3030822120745307,2.3034572120745307,1.0,3.0,objective_not_decreased,1.9,Hx + D_x^beta H,Hx + Hxx,1.0,1.0,2.8583726,D:\OneDrive - HHU\ML codes\DL-PDE\Linear_fractional\results\tsfade_fft_tsfade_retrained_alpha078_beta183_noise25_gj_hybrid_taylor_result.txt,D:\Miniconda\envs\sr\python.exe main.py --paper-example candidate_select_tsfade_noise25 --generated-top-structures 1 --lamb 0.003 --iter-start-beta 1.9,0,"example: tsfade_retrained_alpha078_beta183_noise25
checkpoint: D:\OneDrive - HHU\ML codes\DL-PDE\Linear_fractional\data\models\tsfade_retrained_alpha078_beta183_normalized_tanh\draft-2000-25\best.pkl
candidate equation: D_t^0.84046979 H = -0.7812*Hx + 0.748 D_x^2 H
center orders: alpha0 = 0.86670848, beta0 = 2
order update: mode=iterative, iterations=3, converged=False, stop=objective_not_decreased, selected=1
alpha = 0.84046979, beta = 2 (status=estimated)
detailed report: D:\OneDrive - HHU\ML codes\DL-PDE\Linear_fractional\results\tsfade_fft_tsfade_retrained_alpha078_beta183_noise25_gj_hybrid_taylor_result.txt",
candidate_select_tsfade_noise25,25%,1,0.003,1.85,ok,True,D_t^0.84090494 H = -0.7795*Hx + 0.7531 D_x^2 H,Hx + D_x^2 H,0.8409049394669958,2.0,-0.7794657854,0.7530829942,0.78,1.83,0.06090493946699582,0.16999999999999993,0.0780833,0.0928962,2.3014098245136223,2.3017848245136223,1.0,3.0,objective_not_decreased,1.85,Hx + D_x^beta H,Hx + Hxx,1.0,1.0,2.7615397,D:\OneDrive - HHU\ML codes\DL-PDE\Linear_fractional\results\tsfade_fft_tsfade_retrained_alpha078_beta183_noise25_gj_hybrid_taylor_result.txt,D:\Miniconda\envs\sr\python.exe main.py --paper-example candidate_select_tsfade_noise25 --generated-top-structures 1 --lamb 0.003 --iter-start-beta 1.85,0,"example: tsfade_retrained_alpha078_beta183_noise25
checkpoint: D:\OneDrive - HHU\ML codes\DL-PDE\Linear_fractional\data\models\tsfade_retrained_alpha078_beta183_normalized_tanh\draft-2000-25\best.pkl
candidate equation: D_t^0.84090494 H = -0.7795*Hx + 0.7531 D_x^2 H
center orders: alpha0 = 0.86948167, beta0 = 2
order update: mode=iterative, iterations=3, converged=False, stop=objective_not_decreased, selected=1
alpha = 0.84090494, beta = 2 (status=estimated)
detailed report: D:\OneDrive - HHU\ML codes\DL-PDE\Linear_fractional\results\tsfade_fft_tsfade_retrained_alpha078_beta183_noise25_gj_hybrid_taylor_result.txt",
candidate_select_tsfade_noise25,25%,1,0.003,1.8,ok,True,D_t^0.83799869 H = -0.7924*Hx + 0.703 D_x^2 H,Hx + D_x^2 H,0.8379986939248056,2.0,-0.792422431,0.7029500087,0.78,1.83,0.05799869392480561,0.16999999999999993,0.0743573,0.0928962,2.3181778302911358,2.318552830291136,1.0,3.0,objective_not_decreased,1.8,Hx + D_x^beta H,Hx + Hxx,1.0,1.0,3.0156737,D:\OneDrive - HHU\ML codes\DL-PDE\Linear_fractional\results\tsfade_fft_tsfade_retrained_alpha078_beta183_noise25_gj_hybrid_taylor_result.txt,D:\Miniconda\envs\sr\python.exe main.py --paper-example candidate_select_tsfade_noise25 --generated-top-structures 1 --lamb 0.003 --iter-start-beta 1.8,0,"example: tsfade_retrained_alpha078_beta183_noise25
checkpoint: D:\OneDrive - HHU\ML codes\DL-PDE\Linear_fractional\data\models\tsfade_retrained_alpha078_beta183_normalized_tanh\draft-2000-25\best.pkl
candidate equation: D_t^0.83799869 H = -0.7924*Hx + 0.703 D_x^2 H
center orders: alpha0 = 0.86520942, beta0 = 1.95
order update: mode=iterative, iterations=3, converged=False, stop=objective_not_decreased, selected=1
alpha = 0.83799869, beta = 2 (status=estimated)
detailed report: D:\OneDrive - HHU\ML codes\DL-PDE\Linear_fractional\results\tsfade_fft_tsfade_retrained_alpha078_beta183_noise25_gj_hybrid_taylor_result.txt",
candidate_select_tsfade_noise25,25%,1,0.003,1.7,ok,True,D_t^0.81940165 H = -0.8689*Hx + 0.4879 D_x^1.846983 H,Hx + D_x^1.846983 H,0.8194016464212486,1.8469825610078963,-0.8688835738,0.4878500225,0.78,1.83,0.03940164642124855,0.01698256100789619,0.0505149,0.00928009,2.3246564955692466,2.3250314955692466,1.0,3.0,objective_not_decreased,1.7,Hx + D_x^beta H,Hx + Hxx,1.0,1.0,3.2129113,D:\OneDrive - HHU\ML codes\DL-PDE\Linear_fractional\results\tsfade_fft_tsfade_retrained_alpha078_beta183_noise25_gj_hybrid_taylor_result.txt,D:\Miniconda\envs\sr\python.exe main.py --paper-example candidate_select_tsfade_noise25 --generated-top-structures 1 --lamb 0.003 --iter-start-beta 1.7,0,"example: tsfade_retrained_alpha078_beta183_noise25
checkpoint: D:\OneDrive - HHU\ML codes\DL-PDE\Linear_fractional\data\models\tsfade_retrained_alpha078_beta183_normalized_tanh\draft-2000-25\best.pkl
candidate equation: D_t^0.81940165 H = -0.8689*Hx + 0.4879 D_x^1.846983 H
center orders: alpha0 = 0.83673462, beta0 = 1.85
order update: mode=iterative, iterations=3, converged=False, stop=objective_not_decreased, selected=1
alpha = 0.81940165, beta = 1.8469826 (status=estimated)
detailed report: D:\OneDrive - HHU\ML codes\DL-PDE\Linear_fractional\results\tsfade_fft_tsfade_retrained_alpha078_beta183_noise25_gj_hybrid_taylor_result.txt",
candidate_select_tsfade_noise25,25%,1,0.003,1.65,ok,True,D_t^0.7972117 H = -0.9616*Hx + 0.3161 D_x^1.639935 H,Hx + D_x^1.639935 H,0.7972116955202011,1.6399350151296344,-0.9616494651,0.3161113134,0.78,1.83,0.017211695520201076,0.19006498487036572,0.0220663,0.103861,2.0380079865326977,2.0383829865326977,5.0,7.0,objective_not_decreased,1.65,Hx + D_x^beta H,Hx + Hxx,1.0,1.0,4.8904125,D:\OneDrive - HHU\ML codes\DL-PDE\Linear_fractional\results\tsfade_fft_tsfade_retrained_alpha078_beta183_noise25_gj_hybrid_taylor_result.txt,D:\Miniconda\envs\sr\python.exe main.py --paper-example candidate_select_tsfade_noise25 --generated-top-structures 1 --lamb 0.003 --iter-start-beta 1.65,0,"example: tsfade_retrained_alpha078_beta183_noise25
checkpoint: D:\OneDrive - HHU\ML codes\DL-PDE\Linear_fractional\data\models\tsfade_retrained_alpha078_beta183_normalized_tanh\draft-2000-25\best.pkl
candidate equation: D_t^0.7972117 H = -0.9616*Hx + 0.3161 D_x^1.639935 H
center orders: alpha0 = 0.79582654, beta0 = 1.63307
order update: mode=iterative, iterations=7, converged=False, stop=objective_not_decreased, selected=5
alpha = 0.7972117, beta = 1.639935 (status=estimated)
detailed report: D:\OneDrive - HHU\ML codes\DL-PDE\Linear_fractional\results\tsfade_fft_tsfade_retrained_alpha078_beta183_noise25_gj_hybrid_taylor_result.txt",
candidate_select_tsfade_noise25,25%,1,0.003,1.6,ok,True,D_t^0.79842296 H = -0.9521*Hx + 0.3293 D_x^1.650197 H,Hx + D_x^1.650197 H,0.7984229629259212,1.6501973153254363,-0.9521423234,0.3292986541,0.78,1.83,0.01842296292592116,0.17980268467456373,0.0236192,0.0982528,2.066229601604858,2.066604601604858,3.0,4.0,correction_below_tolerance,1.6,Hx + D_x^beta H,Hx + Hxx,1.0,1.0,3.6361252000000004,D:\OneDrive - HHU\ML codes\DL-PDE\Linear_fractional\results\tsfade_fft_tsfade_retrained_alpha078_beta183_noise25_gj_hybrid_taylor_result.txt,D:\Miniconda\envs\sr\python.exe main.py --paper-example candidate_select_tsfade_noise25 --generated-top-structures 1 --lamb 0.003 --iter-start-beta 1.6,0,"example: tsfade_retrained_alpha078_beta183_noise25
checkpoint: D:\OneDrive - HHU\ML codes\DL-PDE\Linear_fractional\data\models\tsfade_retrained_alpha078_beta183_normalized_tanh\draft-2000-25\best.pkl
candidate equation: D_t^0.79842296 H = -0.9521*Hx + 0.3293 D_x^1.650197 H
center orders: alpha0 = 0.79847124, beta0 = 1.6541653
order update: mode=iterative, iterations=4, converged=True, stop=correction_below_tolerance, selected=3
alpha = 0.79842296, beta = 1.6501973 (status=estimated)
detailed report: D:\OneDrive - HHU\ML codes\DL-PDE\Linear_fractional\results\tsfade_fft_tsfade_retrained_alpha078_beta183_noise25_gj_hybrid_taylor_result.txt",
candidate_select_tsfade_noise25,25%,1,0.004,2.0,ok,True,D_t^0.83861089 H = -0.7883*Hx + 0.7281 D_x^2 H,Hx + D_x^2 H,0.8386108894687768,2.0,-0.7883354993,0.7280917233,0.78,1.83,0.058610889468776795,0.16999999999999993,0.0751422,0.0928962,2.5210893721125007,2.5214643721125007,1.0,3.0,objective_not_decreased,2.0,Hx + D_x^beta H,Hx + Hxx,1.0,1.0,2.7117595000000003,D:\OneDrive - HHU\ML codes\DL-PDE\Linear_fractional\results\tsfade_fft_tsfade_retrained_alpha078_beta183_noise25_gj_hybrid_taylor_result.txt,D:\Miniconda\envs\sr\python.exe main.py --paper-example candidate_select_tsfade_noise25 --generated-top-structures 1 --lamb 0.004 --iter-start-beta 2,0,"example: tsfade_retrained_alpha078_beta183_noise25
checkpoint: D:\OneDrive - HHU\ML codes\DL-PDE\Linear_fractional\data\models\tsfade_retrained_alpha078_beta183_normalized_tanh\draft-2000-25\best.pkl
candidate equation: D_t^0.83861089 H = -0.7883*Hx + 0.7281 D_x^2 H
center orders: alpha0 = 0.85553641, beta0 = 2
order update: mode=iterative, iterations=3, converged=False, stop=objective_not_decreased, selected=1
alpha = 0.83861089, beta = 2 (status=estimated)
detailed report: D:\OneDrive - HHU\ML codes\DL-PDE\Linear_fractional\results\tsfade_fft_tsfade_retrained_alpha078_beta183_noise25_gj_hybrid_taylor_result.txt",
candidate_select_tsfade_noise25,25%,1,0.004,1.9,ok,True,D_t^0.84046979 H = -0.7812*Hx + 0.748 D_x^2 H,Hx + D_x^2 H,0.8404697915329894,2.0,-0.7812424769,0.7479721315,0.78,1.83,0.06046979153298937,0.16999999999999993,0.0775254,0.0928962,2.5085216917699356,2.5088966917699356,1.0,3.0,objective_not_decreased,1.9,Hx + D_x^beta H,Hx + Hxx,1.0,1.0,2.8196886,D:\OneDrive - HHU\ML codes\DL-PDE\Linear_fractional\results\tsfade_fft_tsfade_retrained_alpha078_beta183_noise25_gj_hybrid_taylor_result.txt,D:\Miniconda\envs\sr\python.exe main.py --paper-example candidate_select_tsfade_noise25 --generated-top-structures 1 --lamb 0.004 --iter-start-beta 1.9,0,"example: tsfade_retrained_alpha078_beta183_noise25
checkpoint: D:\OneDrive - HHU\ML codes\DL-PDE\Linear_fractional\data\models\tsfade_retrained_alpha078_beta183_normalized_tanh\draft-2000-25\best.pkl
candidate equation: D_t^0.84046979 H = -0.7812*Hx + 0.748 D_x^2 H
center orders: alpha0 = 0.86670848, beta0 = 2
order update: mode=iterative, iterations=3, converged=False, stop=objective_not_decreased, selected=1
alpha = 0.84046979, beta = 2 (status=estimated)
detailed report: D:\OneDrive - HHU\ML codes\DL-PDE\Linear_fractional\results\tsfade_fft_tsfade_retrained_alpha078_beta183_noise25_gj_hybrid_taylor_result.txt",
candidate_select_tsfade_noise25,25%,1,0.004,1.85,ok,True,D_t^0.84090494 H = -0.7795*Hx + 0.7531 D_x^2 H,Hx + D_x^2 H,0.8409049394669958,2.0,-0.7794657854,0.7530829942,0.78,1.83,0.06090493946699582,0.16999999999999993,0.0780833,0.0928962,2.505784253983877,2.506159253983877,1.0,3.0,objective_not_decreased,1.85,Hx + D_x^beta H,Hx + Hxx,1.0,1.0,2.7362657,D:\OneDrive - HHU\ML codes\DL-PDE\Linear_fractional\results\tsfade_fft_tsfade_retrained_alpha078_beta183_noise25_gj_hybrid_taylor_result.txt,D:\Miniconda\envs\sr\python.exe main.py --paper-example candidate_select_tsfade_noise25 --generated-top-structures 1 --lamb 0.004 --iter-start-beta 1.85,0,"example: tsfade_retrained_alpha078_beta183_noise25
checkpoint: D:\OneDrive - HHU\ML codes\DL-PDE\Linear_fractional\data\models\tsfade_retrained_alpha078_beta183_normalized_tanh\draft-2000-25\best.pkl
candidate equation: D_t^0.84090494 H = -0.7795*Hx + 0.7531 D_x^2 H
center orders: alpha0 = 0.86948167, beta0 = 2
order update: mode=iterative, iterations=3, converged=False, stop=objective_not_decreased, selected=1
alpha = 0.84090494, beta = 2 (status=estimated)
detailed report: D:\OneDrive - HHU\ML codes\DL-PDE\Linear_fractional\results\tsfade_fft_tsfade_retrained_alpha078_beta183_noise25_gj_hybrid_taylor_result.txt",
candidate_select_tsfade_noise25,25%,1,0.004,1.8,ok,True,D_t^0.83799869 H = -0.7924*Hx + 0.703 D_x^2 H,Hx + D_x^2 H,0.8379986939248056,2.0,-0.792422431,0.7029500087,0.78,1.83,0.05799869392480561,0.16999999999999993,0.0743573,0.0928962,2.5274854348041265,2.5278604348041265,1.0,3.0,objective_not_decreased,1.8,Hx + D_x^beta H,Hx + Hxx,1.0,1.0,3.0606828,D:\OneDrive - HHU\ML codes\DL-PDE\Linear_fractional\results\tsfade_fft_tsfade_retrained_alpha078_beta183_noise25_gj_hybrid_taylor_result.txt,D:\Miniconda\envs\sr\python.exe main.py --paper-example candidate_select_tsfade_noise25 --generated-top-structures 1 --lamb 0.004 --iter-start-beta 1.8,0,"example: tsfade_retrained_alpha078_beta183_noise25
checkpoint: D:\OneDrive - HHU\ML codes\DL-PDE\Linear_fractional\data\models\tsfade_retrained_alpha078_beta183_normalized_tanh\draft-2000-25\best.pkl
candidate equation: D_t^0.83799869 H = -0.7924*Hx + 0.703 D_x^2 H
center orders: alpha0 = 0.86520942, beta0 = 1.95
order update: mode=iterative, iterations=3, converged=False, stop=objective_not_decreased, selected=1
alpha = 0.83799869, beta = 2 (status=estimated)
detailed report: D:\OneDrive - HHU\ML codes\DL-PDE\Linear_fractional\results\tsfade_fft_tsfade_retrained_alpha078_beta183_noise25_gj_hybrid_taylor_result.txt",
candidate_select_tsfade_noise25,25%,1,0.004,1.7,ok,True,D_t^0.83673462 H = -0.7604*Hx + 0.6515 D_x^1.85 H,Hx + D_x^1.85 H,0.8367346163970035,1.8499999999999999,-0.760449578,0.6515008315,0.78,1.83,0.0567346163970035,0.019999999999999796,0.0727367,0.010929,2.520256772992852,2.520631772992852,0.0,2.0,objective_not_decreased,1.7,Hx + D_x^beta H,Hx + Hxx,1.0,1.0,2.7872643999999998,D:\OneDrive - HHU\ML codes\DL-PDE\Linear_fractional\results\tsfade_fft_tsfade_retrained_alpha078_beta183_noise25_gj_hybrid_taylor_result.txt,D:\Miniconda\envs\sr\python.exe main.py --paper-example candidate_select_tsfade_noise25 --generated-top-structures 1 --lamb 0.004 --iter-start-beta 1.7,0,"example: tsfade_retrained_alpha078_beta183_noise25
checkpoint: D:\OneDrive - HHU\ML codes\DL-PDE\Linear_fractional\data\models\tsfade_retrained_alpha078_beta183_normalized_tanh\draft-2000-25\best.pkl
candidate equation: D_t^0.83673462 H = -0.7604*Hx + 0.6515 D_x^1.85 H
center orders: alpha0 = 0.99, beta0 = 1.7
order update: mode=iterative, iterations=2, converged=False, stop=objective_not_decreased, selected=0
alpha = 0.83673462, beta = 1.85 (status=estimated)
detailed report: D:\OneDrive - HHU\ML codes\DL-PDE\Linear_fractional\results\tsfade_fft_tsfade_retrained_alpha078_beta183_noise25_gj_hybrid_taylor_result.txt",
candidate_select_tsfade_noise25,25%,1,0.004,1.65,ok,True,D_t^0.7972117 H = -0.9616*Hx + 0.3161 D_x^1.639935 H,Hx + D_x^1.639935 H,0.7972116955202011,1.6399350151296344,-0.9616494651,0.3161113134,0.78,1.83,0.017211695520201076,0.19006498487036572,0.0220663,0.103861,2.154399377360457,2.154774377360457,5.0,7.0,objective_not_decreased,1.65,Hx + D_x^beta H,Hx + Hxx,1.0,1.0,4.907353,D:\OneDrive - HHU\ML codes\DL-PDE\Linear_fractional\results\tsfade_fft_tsfade_retrained_alpha078_beta183_noise25_gj_hybrid_taylor_result.txt,D:\Miniconda\envs\sr\python.exe main.py --paper-example candidate_select_tsfade_noise25 --generated-top-structures 1 --lamb 0.004 --iter-start-beta 1.65,0,"example: tsfade_retrained_alpha078_beta183_noise25
checkpoint: D:\OneDrive - HHU\ML codes\DL-PDE\Linear_fractional\data\models\tsfade_retrained_alpha078_beta183_normalized_tanh\draft-2000-25\best.pkl
candidate equation: D_t^0.7972117 H = -0.9616*Hx + 0.3161 D_x^1.639935 H
center orders: alpha0 = 0.79582654, beta0 = 1.63307
order update: mode=iterative, iterations=7, converged=False, stop=objective_not_decreased, selected=5
alpha = 0.7972117, beta = 1.639935 (status=estimated)
detailed report: D:\OneDrive - HHU\ML codes\DL-PDE\Linear_fractional\results\tsfade_fft_tsfade_retrained_alpha078_beta183_noise25_gj_hybrid_taylor_result.txt",
candidate_select_tsfade_noise25,25%,1,0.004,1.6,ok,True,D_t^0.79842296 H = -0.9521*Hx + 0.3293 D_x^1.650197 H,Hx + D_x^1.650197 H,0.7984229629259042,1.6501973153252456,-0.9521423234,0.3292986541,0.78,1.83,0.018422962925904174,0.17980268467475446,0.0236192,0.0982528,2.1909852364182916,2.1913602364182916,3.0,4.0,correction_below_tolerance,1.6,Hx + D_x^beta H,Hx + Hxx,1.0,1.0,3.7182509,D:\OneDrive - HHU\ML codes\DL-PDE\Linear_fractional\results\tsfade_fft_tsfade_retrained_alpha078_beta183_noise25_gj_hybrid_taylor_result.txt,D:\Miniconda\envs\sr\python.exe main.py --paper-example candidate_select_tsfade_noise25 --generated-top-structures 1 --lamb 0.004 --iter-start-beta 1.6,0,"example: tsfade_retrained_alpha078_beta183_noise25
checkpoint: D:\OneDrive - HHU\ML codes\DL-PDE\Linear_fractional\data\models\tsfade_retrained_alpha078_beta183_normalized_tanh\draft-2000-25\best.pkl
candidate equation: D_t^0.79842296 H = -0.9521*Hx + 0.3293 D_x^1.650197 H
center orders: alpha0 = 0.79847124, beta0 = 1.6541653
order update: mode=iterative, iterations=4, converged=True, stop=correction_below_tolerance, selected=3
alpha = 0.79842296, beta = 1.6501973 (status=estimated)
detailed report: D:\OneDrive - HHU\ML codes\DL-PDE\Linear_fractional\results\tsfade_fft_tsfade_retrained_alpha078_beta183_noise25_gj_hybrid_taylor_result.txt",
