paper_example,noise_label,method,status,support_correct,support_reason,equation,support,alpha,beta,coef_hx,coef_dbeta,true_alpha,true_beta,alpha_relative_error,beta_relative_error,candidate_search,generated_structure,generated_raw_structure,generated_normalized_from,generated_structure_has_fractional,generated_structure_rank,eqgpt_checkpoint,eqgpt_epoch,eqgpt_sample_count,eqgpt_unique_structure_count,eqgpt_optimize_epochs,eqgpt_selection_mode,eqgpt_reward,eqgpt_r2,eqgpt_source_equation,generated_complexity_score,generated_structure_objective_penalty,generated_structure_count,target_like_candidate_present,target_like_candidate_count,exact_target_structure_present,exact_target_structure_count,selected_structure_target_like,refit_mode,physical_refit,nonlinear_refit_success,nonlinear_refit_cost,nonlinear_refit_nfev,nonlinear_refit_status,nonlinear_refit_message,order_update_mode,iteration_count,iteration_converged,iteration_stop_reason,iteration_selected_index,objective,augmented_stridge_objective_raw,sparsity_lamb,d_tol,fit_window_config,runtime_seconds,report_path,report_copy_note,command,coefficients,trace_summary,generated_candidate_summaries,returncode,stdout_tail,stderr_tail
candidate_select_tsfade_clean,clean,eqgpt_generated_iterative_stridge_objective_none_refit,ok,True,support is exactly Hx plus one spatial fractional term,D_t^0.75644663 H = -1.058*Hx + 0.4241 D_x^1.783807 H,Hx + D_x^1.783807 H,0.7564466334044543,1.7838072838524186,-1.057969447,0.4240729886,0.78,1.83,0.03019662384044326,0.02524192139212102,generated,Hx + D_x^beta H + Hxxx + H*Hx,Hxx + Hxxx + H*Hx + Hx,"('Hxx -> D_x^beta H',)",True,1.0,D:\OneDrive - HHU\ML codes\EqGPT-main\results_save\PDEGPT_KdV_equation.pt,2.0,20.0,4.0,5.0,stridge_objective,0.938602273331456,0.9987319268534933,uxx+uxxx+u*ux+ut+ux,6.5,0.325,4.0,True,1,False,0,True,none,False,,,,None,None,iterative,4.0,False,objective_not_decreased,10.0,0.9734880652354099,0.9900050112769271,0.0001,0.008,"(4.0, 26.0, 3.0, 14.0)",21.9887938,C:\Users\54543\AppData\Local\Temp\linear_fractional_results\tsfade_fft_tsfade_retrained_alpha078_beta183_clean_gj_hybrid_taylor_result.txt,report copy skipped: [Errno 13] Permission denied: 'D:\\OneDrive - HHU\\ML codes\\DL-PDE\\Linear_fractional\\results\\candidate_select\\candidate_select_tsfade_clean_report.txt',D:\Miniconda\envs\sr\python.exe main.py --paper-example candidate_select_tsfade_clean --generated-candidates 20 --d-tol 0.008,"{""D_x^1.783807 H"": 0.4240729886, ""Hx"": -1.057969447}","{""first"": {""active_count_for_loss"": ""6"", ""active_lamb_sum"": ""0.0004"", ""alpha0"": ""0.99"", ""alpha_next"": ""0.79"", ""beta0"": ""1.7"", ""beta_next"": ""1.85"", ""complexity_penalty"": ""0.111103"", ""condition"": ""2.778e+02"", ""delta_alpha"": ""-0.25"", ""delta_alpha_raw"": ""-0.308617"", ""delta_beta"": ""0.15"", ""delta_beta_raw"": ""0.260542"", ""delta_beta_used"": ""0.15"", ""iter"": ""0"", ""mse"": ""0.000506895"", ""objective"": ""1.03419"", ""physical_refit_condition_penalty"": ""0.0453452"", ""raw_mse"": ""0.000506895"", ""regularized_objective"": ""1.03419"", ""status"": ""estimated"", ""support"": ""Hx+D_x^1.85 H"", ""tolerance"": ""0.0121333"", ""validation_residual_norm"": ""1.14848""}, ""last"": {""active_count_for_loss"": ""5"", ""active_lamb_sum"": ""0.0003"", ""alpha0"": ""0.756447"", ""alpha_next"": ""0.753121"", ""beta0"": ""1.78381"", ""beta_next"": ""1.73198"", ""complexity_penalty"": ""0.0958698"", ""condition"": ""3.196e+02"", ""delta_alpha"": ""-0.00332559"", ""delta_alpha_raw"": ""-0.00332559"", ""delta_beta"": ""-0.0518299"", ""delta_beta_raw"": ""-0.0518299"", ""delta_beta_used"": ""-0.0518299"", ""iter"": ""3"", ""mse"": ""0.000413206"", ""objective"": ""0.980322"", ""physical_refit_condition_penalty"": ""0.0892989"", ""raw_mse"": ""0.000413206"", ""regularized_objective"": ""0.980322"", ""status"": ""estimated"", ""support"": ""Hx+D_x^1.731977 H+Hxxx+H*Hx"", ""tolerance"": ""0.016"", ""validation_residual_norm"": ""0.927734""}, ""row_count"": 4}","[{""alpha"": ""0.679021"", ""augmented_objective"": ""2.3826"", ""beta"": ""n/a"", ""coef_dbeta"": ""n/a"", ""coef_hx"": ""-1.25806"", ""complexity_score"": ""1"", ""condition"": ""9.2247"", ""endpoint_penalty"": ""0"", ""epoch"": ""0"", ""eqgpt_r2"": ""0.994356"", ""eqgpt_reward"": ""0.994356"", ""eqgpt_source_equation"": ""ux"", ""exact_target_structure"": false, ""iter_start_beta"": ""2"", ""objective"": ""2.37214"", ""rank"": ""1"", ""raw_structure"": ""Hx"", ""selected"": ""False"", ""structure"": ""Hx"", ""structure_penalty"": ""0.05"", ""support"": ""Hx"", ""target_like_structure"": false, ""validation_residual_norm"": ""2.38168""}, {""alpha"": ""0.689445"", ""augmented_objective"": ""2.5127"", ""beta"": ""n/a"", ""coef_dbeta"": ""n/a"", ""coef_hx"": ""-1.27571"", ""complexity_score"": ""5.5"", ""condition"": ""1.363e+03"", ""endpoint_penalty"": ""0"", ""epoch"": ""0"", ""eqgpt_r2"": ""0.994741"", ""eqgpt_reward"": ""0.934852"", ""eqgpt_source_equation"": ""ux*u^2+ut+uxxx+ux"", ""exact_target_structure"": false, ""iter_start_beta"": ""2"", ""objective"": ""2.4883"", ""rank"": ""2"", ""raw_structure"": ""H^2*Hx + Hxxx + Hx"", ""selected"": ""False"", ""structure"": ""Hx + Hxxx + H^2*Hx"", ""structure_penalty"": ""0.275"", ""support"": ""Hx+Hxxx"", ""target_like_structure"": false, ""validation_residual_norm"": ""2.24004""}, {""alpha"": ""0.999"", ""augmented_objective"": ""6.41977"", ""beta"": ""n/a"", ""coef_dbeta"": ""n/a"", ""coef_hx"": ""n/a"", ""complexity_score"": ""3.5"", ""condition"": ""1.560e+02"", ""endpoint_penalty"": ""0"", ""epoch"": ""0"", ""eqgpt_r2"": ""0.818094"", ""eqgpt_reward"": ""0.818094"", ""eqgpt_source_equation"": ""ut+u^2+u*ux"", ""exact_target_structure"": false, ""iter_start_beta"": ""2"", ""objective"": ""5.19494"", ""rank"": ""3"", ""raw_structure"": ""H^2 + H*Hx"", ""selected"": ""False"", ""structure"": ""H^2 + H*Hx"", ""structure_penalty"": ""0.175"", ""support"": ""H^2+H*Hx"", ""target_like_structure"": false, ""validation_residual_norm"": ""6.40417""}, {""alpha"": ""0.999"", ""augmented_objective"": ""2.25978"", ""beta"": ""2"", ""coef_dbeta"": ""1.76975"", ""coef_hx"": ""n/a"", ""complexity_score"": ""1.5"", ""condition"": ""32.4795"", ""endpoint_penalty"": ""0.1"", ""epoch"": ""0"", ""eqgpt_r2"": ""0.976969"", ""eqgpt_reward"": ""0.976969"", ""eqgpt_source_equation"": ""utt+uxx"", ""exact_target_structure"": false, ""iter_start_beta"": ""2"", ""objective"": ""11.7559"", ""rank"": ""4"", ""raw_structure"": ""Hxx"", ""selected"": ""False"", ""structure"": ""D_x^beta H"", ""structure_penalty"": ""0.075"", ""support"": ""D_x^2 H"", ""target_like_structure"": false, ""validation_residual_norm"": ""2.25653""}, {""alpha"": ""0.689445"", ""augmented_objective"": ""2.26343"", ""beta"": ""n/a"", ""coef_dbeta"": ""n/a"", ""coef_hx"": ""-1.27571"", ""complexity_score"": ""3"", ""condition"": ""1.169e+02"", ""endpoint_penalty"": ""0"", ""epoch"": ""1"", ""eqgpt_r2"": ""0.994741"", ""eqgpt_reward"": ""0.934852"", ""eqgpt_source_equation"": ""ut+uxxx+ux"", ""exact_target_structure"": false, ""iter_start_beta"": ""2"", ""objective"": ""2.24663"", ""rank"": ""1"", ""raw_structure"": ""Hxxx + Hx"", ""selected"": ""False"", ""structure"": ""Hx + Hxxx"", ""structure_penalty"": ""0.15"", ""support"": ""Hx+Hxxx"", ""target_like_structure"": false, ""validation_residual_norm"": ""2.24004""}, {""alpha"": ""0.677348"", ""augmented_objective"": ""2.37291"", ""beta"": ""n/a"", ""coef_dbeta"": ""n/a"", ""coef_hx"": ""-1.26297"", ""complexity_score"": ""1"", ""condition"": ""9.2247"", ""endpoint_penalty"": ""0"", ""epoch"": ""1"", ""eqgpt_r2"": ""0.994415"", ""eqgpt_reward"": ""0.994415"", ""eqgpt_source_equation"": ""ux"", ""exact_target_structure"": false, ""iter_start_beta"": ""2"", ""objective"": ""2.3721"", ""rank"": ""2"", ""raw_structure"": ""Hx"", ""selected"": ""False"", ""structure"": ""Hx"", ""structure_penalty"": ""0.05"", ""support"": ""Hx"", ""target_like_structure"": false, ""validation_residual_norm"": ""2.37199""}, {""alpha"": ""0.677348"", ""augmented_objective"": ""2.37496"", ""beta"": ""n/a"", ""coef_dbeta"": ""n/a"", ""coef_hx"": ""-1.26297"", ""complexity_score"": ""3"", ""condition"": ""29.7406"", ""endpoint_penalty"": ""0"", ""epoch"": ""1"", ""eqgpt_r2"": ""0.994413"", ""eqgpt_reward"": ""0.994413"", ""eqgpt_source_equation"": ""uxxt+ut+ux*u+ux"", ""exact_target_structure"": false, ""iter_start_beta"": ""1.7"", ""objective"": ""2.374"", ""rank"": ""3"", ""raw_structure"": ""H*Hx + Hx"", ""selected"": ""False"", ""structure"": ""Hx + H*Hx"", ""structure_penalty"": ""0.15"", ""support"": ""Hx"", ""target_like_structure"": false, ""validation_residual_norm"": ""2.37199""}, {""alpha"": ""0.999"", ""augmented_objective"": ""5.6572"", ""beta"": ""n/a"", ""coef_dbeta"": ""n/a"", ""coef_hx"": ""-2.39879"", ""complexity_score"": ""4"", ""condition"": ""2.191e+02"", ""endpoint_penalty"": ""0"", ""epoch"": ""1"", ""eqgpt_r2"": ""0.852488"", ""eqgpt_reward"": ""0.801163"", ""eqgpt_source_equation"": ""uxxx+ut+u*ux"", ""exact_target_structure"": false, ""iter_start_beta"": ""2"", ""objective"": ""6.16585"", ""rank"": ""4"", ""raw_structure"": ""Hxxx + H*Hx"", ""selected"": ""False"", ""structure"": ""Hxxx + H*Hx"", ""structure_penalty"": ""0.2"", ""support"": ""Hxxx+H*Hx"", ""target_like_structure"": false, ""validation_residual_norm"": ""5.61337""}, {""alpha"": ""0.999"", ""augmented_objective"": ""6.40528"", ""beta"": ""n/a"", ""coef_dbeta"": ""n/a"", ""coef_hx"": ""n/a"", ""complexity_score"": ""2"", ""condition"": ""11.1795"", ""endpoint_penalty"": ""0"", ""epoch"": ""1"", ""eqgpt_r2"": ""0.818094"", ""eqgpt_reward"": ""0.818094"", ""eqgpt_source_equation"": ""u*ux+ut+uxt"", ""exact_target_structure"": false, ""iter_start_beta"": ""2"", ""objective"": ""6.47494"", ""rank"": ""5"", ""raw_structure"": ""H*Hx"", ""selected"": ""False"", ""structure"": ""H*Hx"", ""structure_penalty"": ""0.1"", ""support"": ""H*Hx"", ""target_like_structure"": false, ""validation_residual_norm"": ""6.40417""}, {""alpha"": ""0.999"", ""augmented_objective"": ""2.26961"", ""beta"": ""2"", ""coef_dbeta"": ""1.76975"", ""coef_hx"": ""n/a"", ""complexity_score"": ""1.5"", ""condition"": ""32.4732"", ""endpoint_penalty"": ""0.1"", ""epoch"": ""1"", ""eqgpt_r2"": ""0.977749"", ""eqgpt_reward"": ""0.977749"", ""eqgpt_source_equation"": ""uxx+utt"", ""exact_target_structure"": false, ""iter_start_beta"": ""2"", ""objective"": ""11.7559"", ""rank"": ""6"", ""raw_structure"": ""Hxx"", ""selected"": ""False"", ""structure"": ""D_x^beta H"", ""structure_penalty"": ""0.075"", ""support"": ""D_x^2 H"", ""target_like_structure"": false, ""validation_residual_norm"": ""2.26637""}, {""alpha"": ""0.756447"", ""augmented_objective"": ""0.990005"", ""beta"": ""1.78381"", ""coef_dbeta"": ""0.424073"", ""coef_hx"": ""-1.05797"", ""complexity_score"": ""6.5"", ""condition"": ""3.069e+02"", ""endpoint_penalty"": ""0"", ""epoch"": ""2"", ""eqgpt_r2"": ""0.998732"", ""eqgpt_reward"": ""0.938602"", ""eqgpt_source_equation"": ""uxx+uxxx+u*ux+ut+ux"", ""exact_target_structure"": false, ""iter_start_beta"": ""1.7"", ""objective"": ""0.973488"", ""rank"": ""1"", ""raw_structure"": ""Hxx + Hxxx + H*Hx + Hx"", ""selected"": ""True"", ""structure"": ""Hx + D_x^beta H + Hxxx + H*Hx"", ""structure_penalty"": ""0.325"", ""support"": ""Hx+D_x^1.783807 H"", ""target_like_structure"": true, ""validation_residual_norm"": ""0.928632""}, {""alpha"": ""0.999"", ""augmented_objective"": ""5.80699"", ""beta"": ""n/a"", ""coef_dbeta"": ""n/a"", ""coef_hx"": ""n/a"", ""complexity_score"": ""3.5"", ""condition"": ""44.3766"", ""endpoint_penalty"": ""0"", ""epoch"": ""2"", ""eqgpt_r2"": ""0.854654"", ""eqgpt_reward"": ""0.803199"", ""eqgpt_source_equation"": ""ux*u^2+u+ut"", ""exact_target_structure"": false, ""iter_start_beta"": ""2"", ""objective"": ""7.52804"", ""rank"": ""2"", ""raw_structure"": ""H^2*Hx + H"", ""selected"": ""False"", ""structure"": ""H + H^2*Hx"", ""structure_penalty"": ""0.175"", ""support"": ""H+H^2*Hx"", ""target_like_structure"": false, ""validation_residual_norm"": ""5.79811""}, {""alpha"": ""0.999"", ""augmented_objective"": ""1.96304"", ""beta"": ""2"", ""coef_dbeta"": ""3.21282"", ""coef_hx"": ""n/a"", ""complexity_score"": ""2.5"", ""condition"": ""2.133e+02"", ""endpoint_penalty"": ""0.1"", ""epoch"": ""2"", ""eqgpt_r2"": ""0.983454"", ""eqgpt_reward"": ""0.924244"", ""eqgpt_source_equation"": ""utt+uxx+u"", ""exact_target_structure"": false, ""iter_start_beta"": ""2"", ""objective"": ""10.1715"", ""rank"": ""3"", ""raw_structure"": ""Hxx + H"", ""selected"": ""False"", ""structure"": ""H + D_x^beta H"", ""structure_penalty"": ""0.125"", ""support"": ""H+D_x^2 H"", ""target_like_structure"": false, ""validation_residual_norm"": ""1.92038""}, {""alpha"": ""0.999"", ""augmented_objective"": ""2.26961"", ""beta"": ""2"", ""coef_dbeta"": ""1.76975"", ""coef_hx"": ""n/a"", ""complexity_score"": ""1.5"", ""condition"": ""32.4732"", ""endpoint_penalty"": ""0.1"", ""epoch"": ""2"", ""eqgpt_r2"": ""0.977749"", ""eqgpt_reward"": ""0.977749"", ""eqgpt_source_equation"": ""ut+uxx+utt"", ""exact_target_structure"": false, ""iter_start_beta"": ""2"", ""objective"": ""11.7559"", ""rank"": ""4"", ""raw_structure"": ""Hxx"", ""selected"": ""False"", ""structure"": ""D_x^beta H"", ""structure_penalty"": ""0.075"", ""support"": ""D_x^2 H"", ""target_like_structure"": false, ""validation_residual_norm"": ""2.26637""}, {""alpha"": ""0.677348"", ""augmented_objective"": ""2.37291"", ""beta"": ""n/a"", ""coef_dbeta"": ""n/a"", ""coef_hx"": ""-1.26297"", ""complexity_score"": ""1"", ""condition"": ""9.2247"", ""endpoint_penalty"": ""0"", ""epoch"": ""3"", ""eqgpt_r2"": ""0.994415"", ""eqgpt_reward"": ""0.994415"", ""eqgpt_source_equation"": ""ux"", ""exact_target_structure"": false, ""iter_start_beta"": ""2"", ""objective"": ""2.3721"", ""rank"": ""1"", ""raw_structure"": ""Hx"", ""selected"": ""False"", ""structure"": ""Hx"", ""structure_penalty"": ""0.05"", ""support"": ""Hx"", ""target_like_structure"": false, ""validation_residual_norm"": ""2.37199""}, {""alpha"": ""0.999"", ""augmented_objective"": ""6.52825"", ""beta"": ""n/a"", ""coef_dbeta"": ""n/a"", ""coef_hx"": ""0.962725"", ""complexity_score"": ""4.5"", ""condition"": ""1.393e+03"", ""endpoint_penalty"": ""0"", ""epoch"": ""3"", ""eqgpt_r2"": ""0.804324"", ""eqgpt_reward"": ""0.804324"", ""eqgpt_source_equation"": ""ux*u^2+ut+uxxx"", ""exact_target_structure"": false, ""iter_start_beta"": ""2"", ""objective"": ""8.17339"", ""rank"": ""2"", ""raw_structure"": ""H^2*Hx + Hxxx"", ""selected"": ""False"", ""structure"": ""Hxxx + H^2*Hx"", ""structure_penalty"": ""0.225"", ""support"": ""Hxxx+H^2*Hx"", ""target_like_structure"": false, ""validation_residual_norm"": ""6.38898""}, {""alpha"": ""0.999"", ""augmented_objective"": ""2.26961"", ""beta"": ""2"", ""coef_dbeta"": ""1.76975"", ""coef_hx"": ""n/a"", ""complexity_score"": ""1.5"", ""condition"": ""32.4732"", ""endpoint_penalty"": ""0.1"", ""epoch"": ""3"", ""eqgpt_r2"": ""0.977749"", ""eqgpt_reward"": ""0.977749"", ""eqgpt_source_equation"": ""uxx+utt+uxxt"", ""exact_target_structure"": false, ""iter_start_beta"": ""2"", ""objective"": ""11.7559"", ""rank"": ""3"", ""raw_structure"": ""Hxx"", ""selected"": ""False"", ""structure"": ""D_x^beta H"", ""structure_penalty"": ""0.075"", ""support"": ""D_x^2 H"", ""target_like_structure"": false, ""validation_residual_norm"": ""2.26637""}, {""alpha"": ""0.999"", ""augmented_objective"": ""2.08956"", ""beta"": ""2"", ""coef_dbeta"": ""1.19268"", ""coef_hx"": ""1.17065"", ""complexity_score"": ""5.5"", ""condition"": ""2.497e+02"", ""endpoint_penalty"": ""0.1"", ""epoch"": ""4"", ""eqgpt_r2"": ""0.980788"", ""eqgpt_reward"": ""0.921739"", ""eqgpt_source_equation"": ""ux*u+uxx+uxxx+ut"", ""exact_target_structure"": false, ""iter_start_beta"": ""2"", ""objective"": ""3.91587"", ""rank"": ""1"", ""raw_structure"": ""H*Hx + Hxx + Hxxx"", ""selected"": ""False"", ""structure"": ""D_x^beta H + Hxxx + H*Hx"", ""structure_penalty"": ""0.275"", ""support"": ""D_x^2 H+Hxxx+H*Hx"", ""target_like_structure"": false, ""validation_residual_norm"": ""2.03962""}, {""alpha"": ""0.999"", ""augmented_objective"": ""6.39946"", ""beta"": ""n/a"", ""coef_dbeta"": ""n/a"", ""coef_hx"": ""n/a"", ""complexity_score"": ""3.5"", ""condition"": ""1.605e+02"", ""endpoint_penalty"": ""0"", ""epoch"": ""4"", ""eqgpt_r2"": ""0.811119"", ""eqgpt_reward"": ""0.811119"", ""eqgpt_source_equation"": ""u^2+u^2+u*ux+ut"", ""exact_target_structure"": false, ""iter_start_beta"": ""2"", ""objective"": ""5.19495"", ""rank"": ""2"", ""raw_structure"": ""H^2 + H^2 + H*Hx"", ""selected"": ""False"", ""structure"": ""H^2 + H*Hx"", ""structure_penalty"": ""0.175"", ""support"": ""H^2+H*Hx"", ""target_like_structure"": false, ""validation_residual_norm"": ""6.38341""}, {""alpha"": ""0.999"", ""augmented_objective"": ""6.26814"", ""beta"": ""n/a"", ""coef_dbeta"": ""n/a"", ""coef_hx"": ""0.962725"", ""complexity_score"": ""4.5"", ""condition"": ""1.393e+03"", ""endpoint_penalty"": ""0"", ""epoch"": ""4"", ""eqgpt_r2"": ""0.830035"", ""eqgpt_reward"": ""0.780062"", ""eqgpt_source_equation"": ""ut+ux*u^2+uxxx"", ""exact_target_structure"": false, ""iter_start_beta"": ""2"", ""objective"": ""8.17339"", ""rank"": ""3"", ""raw_structure"": ""H^2*Hx + Hxxx"", ""selected"": ""False"", ""structure"": ""Hxxx + H^2*Hx"", ""structure_penalty"": ""0.225"", ""support"": ""Hxxx+H^2*Hx"", ""target_like_structure"": false, ""validation_residual_norm"": ""5.9896""}, {""alpha"": ""0.999"", ""augmented_objective"": ""7.24095"", ""beta"": ""n/a"", ""coef_dbeta"": ""n/a"", ""coef_hx"": ""n/a"", ""complexity_score"": ""2.5"", ""condition"": ""43.6459"", ""endpoint_penalty"": ""0"", ""epoch"": ""4"", ""eqgpt_r2"": ""0.762665"", ""eqgpt_reward"": ""0.762665"", ""eqgpt_source_equation"": ""ut+u^2*ux+uxxt"", ""exact_target_structure"": false, ""iter_start_beta"": ""2"", ""objective"": ""inf"", ""rank"": ""4"", ""raw_structure"": ""H^2*Hx"", ""selected"": ""False"", ""structure"": ""H^2*Hx"", ""structure_penalty"": ""0.125"", ""support"": ""alpha_correction"", ""target_like_structure"": false, ""validation_residual_norm"": ""7.24095""}]",0,"example: tsfade_retrained_alpha078_beta183_clean
checkpoint: D:\OneDrive - HHU\ML codes\DL-PDE\Linear_fractional\data\models\tsfade_retrained_alpha078_beta183_normalized_tanh\draft-2000-0\best.pkl
candidate equation: D_t^0.75644663 H = -1.058*Hx + 0.4241 D_x^1.783807 H
center orders: alpha0 = 0.757531, beta0 = 1.81425
order update: mode=iterative, iterations=4, converged=False, stop=objective_not_decreased, selected=10
alpha = 0.75644663, beta = 1.7838073 (status=estimated)
detailed report: C:\Users\54543\AppData\Local\Temp\linear_fractional_results\tsfade_fft_tsfade_retrained_alpha078_beta183_clean_gj_hybrid_taylor_result.txt",
candidate_select_tsfade_noise5,5%,eqgpt_generated_iterative_stridge_objective_none_refit,ok,True,support is exactly Hx plus one spatial fractional term,D_t^0.74371746 H = -1.106*Hx + 0.3655 D_x^1.700736 H,Hx + D_x^1.700736 H,0.7437174568330485,1.700735571796598,-1.105970939,0.3655375774,0.78,1.83,0.04651608098327124,0.0706362995647006,generated,Hx + D_x^beta H + Hxxx + H*Hx,Hxx + Hxxx + H*Hx + Hx,"('Hxx -> D_x^beta H',)",True,1.0,D:\OneDrive - HHU\ML codes\EqGPT-main\results_save\PDEGPT_KdV_equation.pt,2.0,20.0,4.0,5.0,stridge_objective,0.9386274965695016,0.9987587659671952,uxx+uxxx+u*ux+ut+ux,6.5,0.325,4.0,True,1,False,0,True,none,False,,,,None,None,iterative,6.0,True,correction_below_tolerance,10.0,1.006594760268452,1.0351830968789877,0.0001,0.008,"(4.0, 26.0, 3.0, 14.0)",25.8999921,C:\Users\54543\AppData\Local\Temp\linear_fractional_results\tsfade_fft_tsfade_retrained_alpha078_beta183_noise5_gj_hybrid_taylor_result.txt,report copy skipped: [Errno 13] Permission denied: 'D:\\OneDrive - HHU\\ML codes\\DL-PDE\\Linear_fractional\\results\\candidate_select\\candidate_select_tsfade_noise5_report.txt',D:\Miniconda\envs\sr\python.exe main.py --paper-example candidate_select_tsfade_noise5 --generated-candidates 20 --d-tol 0.008,"{""D_x^1.700736 H"": 0.3655375774, ""Hx"": -1.105970939}","{""first"": {""active_count_for_loss"": ""5"", ""active_lamb_sum"": ""0.0003"", ""alpha0"": ""0.99"", ""alpha_next"": ""0.79"", ""beta0"": ""1.8"", ""beta_next"": ""1.95"", ""complexity_penalty"": ""0.0839092"", ""condition"": ""2.797e+02"", ""delta_alpha"": ""-0.25"", ""delta_alpha_raw"": ""-0.299455"", ""delta_beta"": ""0.15"", ""delta_beta_raw"": ""0.262551"", ""delta_beta_used"": ""0.15"", ""iter"": ""0"", ""mse"": ""0.000539259"", ""objective"": ""1.0994"", ""physical_refit_condition_penalty"": ""0.0720849"", ""raw_mse"": ""0.000539259"", ""regularized_objective"": ""1.0994"", ""status"": ""estimated"", ""support"": ""Hx+D_x^1.95 H+Hxxx"", ""tolerance"": ""0.00736759"", ""validation_residual_norm"": ""1.28592""}, ""last"": {""active_count_for_loss"": ""4"", ""active_lamb_sum"": ""0.0002"", ""alpha0"": ""0.743891"", ""alpha_next"": ""0.743717"", ""beta0"": ""1.70264"", ""beta_next"": ""1.70074"", ""complexity_penalty"": ""0.0752419"", ""condition"": ""3.762e+02"", ""delta_alpha"": ""-0.000173818"", ""delta_alpha_raw"": ""-0.000173818"", ""delta_beta"": ""-0.00190557"", ""delta_beta_raw"": ""-0.00190557"", ""delta_beta_used"": ""-0.00190557"", ""iter"": ""5"", ""mse"": ""0.000468619"", ""objective"": ""1.00659"", ""physical_refit_condition_penalty"": ""0.0466519"", ""raw_mse"": ""0.000468619"", ""regularized_objective"": ""1.00659"", ""status"": ""estimated"", ""support"": ""Hx+D_x^1.700736 H"", ""tolerance"": ""0.008"", ""validation_residual_norm"": ""0.959941""}, ""row_count"": 6}","[{""alpha"": ""0.674671"", ""augmented_objective"": ""2.45647"", ""beta"": ""n/a"", ""coef_dbeta"": ""n/a"", ""coef_hx"": ""-1.269"", ""complexity_score"": ""1"", ""condition"": ""9.26107"", ""endpoint_penalty"": ""0"", ""epoch"": ""0"", ""eqgpt_r2"": ""0.994189"", ""eqgpt_reward"": ""0.994189"", ""eqgpt_source_equation"": ""ux"", ""exact_target_structure"": false, ""iter_start_beta"": ""1.7"", ""objective"": ""2.44539"", ""rank"": ""1"", ""raw_structure"": ""Hx"", ""selected"": ""False"", ""structure"": ""Hx"", ""structure_penalty"": ""0.05"", ""support"": ""Hx"", ""target_like_structure"": false, ""validation_residual_norm"": ""2.45555""}, {""alpha"": ""0.684659"", ""augmented_objective"": ""2.61185"", ""beta"": ""n/a"", ""coef_dbeta"": ""n/a"", ""coef_hx"": ""-1.28825"", ""complexity_score"": ""5.5"", ""condition"": ""1.429e+03"", ""endpoint_penalty"": ""0"", ""epoch"": ""0"", ""eqgpt_r2"": ""0.99453"", ""eqgpt_reward"": ""0.934654"", ""eqgpt_source_equation"": ""ux*u^2+ut+uxxx+ux"", ""exact_target_structure"": false, ""iter_start_beta"": ""2"", ""objective"": ""2.58463"", ""rank"": ""2"", ""raw_structure"": ""H^2*Hx + Hxxx + Hx"", ""selected"": ""False"", ""structure"": ""Hx + Hxxx + H^2*Hx"", ""structure_penalty"": ""0.275"", ""support"": ""Hx+Hxxx"", ""target_like_structure"": false, ""validation_residual_norm"": ""2.32598""}, {""alpha"": ""0.999"", ""augmented_objective"": ""6.51588"", ""beta"": ""n/a"", ""coef_dbeta"": ""n/a"", ""coef_hx"": ""n/a"", ""complexity_score"": ""3.5"", ""condition"": ""1.532e+02"", ""endpoint_penalty"": ""0"", ""epoch"": ""0"", ""eqgpt_r2"": ""0.813479"", ""eqgpt_reward"": ""0.813479"", ""eqgpt_source_equation"": ""ut+u^2+u*ux"", ""exact_target_structure"": false, ""iter_start_beta"": ""2"", ""objective"": ""5.27882"", ""rank"": ""3"", ""raw_structure"": ""H^2 + H*Hx"", ""selected"": ""False"", ""structure"": ""H^2 + H*Hx"", ""structure_penalty"": ""0.175"", ""support"": ""H^2+H*Hx"", ""target_like_structure"": false, ""validation_residual_norm"": ""6.50056""}, {""alpha"": ""0.999"", ""augmented_objective"": ""2.31004"", ""beta"": ""2"", ""coef_dbeta"": ""1.77202"", ""coef_hx"": ""n/a"", ""complexity_score"": ""1.5"", ""condition"": ""33.0986"", ""endpoint_penalty"": ""0.1"", ""epoch"": ""0"", ""eqgpt_r2"": ""0.976791"", ""eqgpt_reward"": ""0.976791"", ""eqgpt_source_equation"": ""utt+uxx"", ""exact_target_structure"": false, ""iter_start_beta"": ""2"", ""objective"": ""11.7796"", ""rank"": ""4"", ""raw_structure"": ""Hxx"", ""selected"": ""False"", ""structure"": ""D_x^beta H"", ""structure_penalty"": ""0.075"", ""support"": ""D_x^2 H"", ""target_like_structure"": false, ""validation_residual_norm"": ""2.30673""}, {""alpha"": ""0.684659"", ""augmented_objective"": ""2.35039"", ""beta"": ""n/a"", ""coef_dbeta"": ""n/a"", ""coef_hx"": ""-1.28825"", ""complexity_score"": ""3"", ""condition"": ""1.220e+02"", ""endpoint_penalty"": ""0"", ""epoch"": ""1"", ""eqgpt_r2"": ""0.99453"", ""eqgpt_reward"": ""0.934654"", ""eqgpt_source_equation"": ""ut+uxxx+ux"", ""exact_target_structure"": false, ""iter_start_beta"": ""2"", ""objective"": ""2.33279"", ""rank"": ""1"", ""raw_structure"": ""Hxxx + Hx"", ""selected"": ""False"", ""structure"": ""Hx + Hxxx"", ""structure_penalty"": ""0.15"", ""support"": ""Hx+Hxxx"", ""target_like_structure"": false, ""validation_residual_norm"": ""2.32598""}, {""alpha"": ""0.674671"", ""augmented_objective"": ""2.45647"", ""beta"": ""n/a"", ""coef_dbeta"": ""n/a"", ""coef_hx"": ""-1.269"", ""complexity_score"": ""1"", ""condition"": ""9.26107"", ""endpoint_penalty"": ""0"", ""epoch"": ""1"", ""eqgpt_r2"": ""0.994189"", ""eqgpt_reward"": ""0.994189"", ""eqgpt_source_equation"": ""ux"", ""exact_target_structure"": false, ""iter_start_beta"": ""2"", ""objective"": ""2.44539"", ""rank"": ""2"", ""raw_structure"": ""Hx"", ""selected"": ""False"", ""structure"": ""Hx"", ""structure_penalty"": ""0.05"", ""support"": ""Hx"", ""target_like_structure"": false, ""validation_residual_norm"": ""2.45555""}, {""alpha"": ""0.673027"", ""augmented_objective"": ""2.44846"", ""beta"": ""n/a"", ""coef_dbeta"": ""n/a"", ""coef_hx"": ""-1.27386"", ""complexity_score"": ""3"", ""condition"": ""30.0411"", ""endpoint_penalty"": ""0"", ""epoch"": ""1"", ""eqgpt_r2"": ""0.994257"", ""eqgpt_reward"": ""0.994257"", ""eqgpt_source_equation"": ""uxxt+ut+ux*u+ux"", ""exact_target_structure"": false, ""iter_start_beta"": ""2"", ""objective"": ""2.44746"", ""rank"": ""3"", ""raw_structure"": ""H*Hx + Hx"", ""selected"": ""False"", ""structure"": ""Hx + H*Hx"", ""structure_penalty"": ""0.15"", ""support"": ""Hx"", ""target_like_structure"": false, ""validation_residual_norm"": ""2.44546""}, {""alpha"": ""0.999"", ""augmented_objective"": ""5.68883"", ""beta"": ""n/a"", ""coef_dbeta"": ""n/a"", ""coef_hx"": ""-2.68201"", ""complexity_score"": ""4"", ""condition"": ""2.270e+02"", ""endpoint_penalty"": ""0"", ""epoch"": ""1"", ""eqgpt_r2"": ""0.851649"", ""eqgpt_reward"": ""0.800375"", ""eqgpt_source_equation"": ""uxxx+ut+u*ux"", ""exact_target_structure"": false, ""iter_start_beta"": ""2"", ""objective"": ""6.23063"", ""rank"": ""4"", ""raw_structure"": ""Hxxx + H*Hx"", ""selected"": ""False"", ""structure"": ""Hxxx + H*Hx"", ""structure_penalty"": ""0.2"", ""support"": ""Hxxx+H*Hx"", ""target_like_structure"": false, ""validation_residual_norm"": ""5.64342""}, {""alpha"": ""0.999"", ""augmented_objective"": ""6.50167"", ""beta"": ""n/a"", ""coef_dbeta"": ""n/a"", ""coef_hx"": ""n/a"", ""complexity_score"": ""2"", ""condition"": ""11.0583"", ""endpoint_penalty"": ""0"", ""epoch"": ""1"", ""eqgpt_r2"": ""0.813479"", ""eqgpt_reward"": ""0.813479"", ""eqgpt_source_equation"": ""u*ux+ut+uxt"", ""exact_target_structure"": false, ""iter_start_beta"": ""2"", ""objective"": ""6.57846"", ""rank"": ""5"", ""raw_structure"": ""H*Hx"", ""selected"": ""False"", ""structure"": ""H*Hx"", ""structure_penalty"": ""0.1"", ""support"": ""H*Hx"", ""target_like_structure"": false, ""validation_residual_norm"": ""6.50056""}, {""alpha"": ""0.999"", ""augmented_objective"": ""2.31004"", ""beta"": ""2"", ""coef_dbeta"": ""1.77202"", ""coef_hx"": ""n/a"", ""complexity_score"": ""1.5"", ""condition"": ""33.0986"", ""endpoint_penalty"": ""0.1"", ""epoch"": ""1"", ""eqgpt_r2"": ""0.976791"", ""eqgpt_reward"": ""0.976791"", ""eqgpt_source_equation"": ""uxx+utt"", ""exact_target_structure"": false, ""iter_start_beta"": ""2"", ""objective"": ""11.7796"", ""rank"": ""6"", ""raw_structure"": ""Hxx"", ""selected"": ""False"", ""structure"": ""D_x^beta H"", ""structure_penalty"": ""0.075"", ""support"": ""D_x^2 H"", ""target_like_structure"": false, ""validation_residual_norm"": ""2.30673""}, {""alpha"": ""0.743717"", ""augmented_objective"": ""1.03518"", ""beta"": ""1.70074"", ""coef_dbeta"": ""0.365538"", ""coef_hx"": ""-1.10597"", ""complexity_score"": ""6.5"", ""condition"": ""3.762e+02"", ""endpoint_penalty"": ""0"", ""epoch"": ""2"", ""eqgpt_r2"": ""0.998759"", ""eqgpt_reward"": ""0.938627"", ""eqgpt_source_equation"": ""uxx+uxxx+u*ux+ut+ux"", ""exact_target_structure"": false, ""iter_start_beta"": ""1.8"", ""objective"": ""1.00659"", ""rank"": ""1"", ""raw_structure"": ""Hxx + Hxxx + H*Hx + Hx"", ""selected"": ""True"", ""structure"": ""Hx + D_x^beta H + Hxxx + H*Hx"", ""structure_penalty"": ""0.325"", ""support"": ""Hx+D_x^1.700736 H"", ""target_like_structure"": true, ""validation_residual_norm"": ""0.959941""}, {""alpha"": ""0.999"", ""augmented_objective"": ""5.83453"", ""beta"": ""n/a"", ""coef_dbeta"": ""n/a"", ""coef_hx"": ""n/a"", ""complexity_score"": ""3.5"", ""condition"": ""45.2902"", ""endpoint_penalty"": ""0"", ""epoch"": ""2"", ""eqgpt_r2"": ""0.847745"", ""eqgpt_reward"": ""0.796706"", ""eqgpt_source_equation"": ""ux*u^2+u+ut"", ""exact_target_structure"": false, ""iter_start_beta"": ""2"", ""objective"": ""7.60483"", ""rank"": ""2"", ""raw_structure"": ""H^2*Hx + H"", ""selected"": ""False"", ""structure"": ""H + H^2*Hx"", ""structure_penalty"": ""0.175"", ""support"": ""H+H^2*Hx"", ""target_like_structure"": false, ""validation_residual_norm"": ""5.82547""}, {""alpha"": ""0.999"", ""augmented_objective"": ""2.04154"", ""beta"": ""2"", ""coef_dbeta"": ""3.19308"", ""coef_hx"": ""n/a"", ""complexity_score"": ""2.5"", ""condition"": ""2.165e+02"", ""endpoint_penalty"": ""0.1"", ""epoch"": ""2"", ""eqgpt_r2"": ""0.98192"", ""eqgpt_reward"": ""0.922803"", ""eqgpt_source_equation"": ""utt+uxx+u"", ""exact_target_structure"": false, ""iter_start_beta"": ""2"", ""objective"": ""10.2306"", ""rank"": ""3"", ""raw_structure"": ""Hxx + H"", ""selected"": ""False"", ""structure"": ""H + D_x^beta H"", ""structure_penalty"": ""0.125"", ""support"": ""H+D_x^2 H"", ""target_like_structure"": false, ""validation_residual_norm"": ""1.99824""}, {""alpha"": ""0.999"", ""augmented_objective"": ""2.31004"", ""beta"": ""2"", ""coef_dbeta"": ""1.77202"", ""coef_hx"": ""n/a"", ""complexity_score"": ""1.5"", ""condition"": ""33.0986"", ""endpoint_penalty"": ""0.1"", ""epoch"": ""2"", ""eqgpt_r2"": ""0.976791"", ""eqgpt_reward"": ""0.976791"", ""eqgpt_source_equation"": ""ut+uxx+utt"", ""exact_target_structure"": false, ""iter_start_beta"": ""2"", ""objective"": ""11.7796"", ""rank"": ""4"", ""raw_structure"": ""Hxx"", ""selected"": ""False"", ""structure"": ""D_x^beta H"", ""structure_penalty"": ""0.075"", ""support"": ""D_x^2 H"", ""target_like_structure"": false, ""validation_residual_norm"": ""2.30673""}, {""alpha"": ""0.674671"", ""augmented_objective"": ""2.45647"", ""beta"": ""n/a"", ""coef_dbeta"": ""n/a"", ""coef_hx"": ""-1.269"", ""complexity_score"": ""1"", ""condition"": ""9.26107"", ""endpoint_penalty"": ""0"", ""epoch"": ""3"", ""eqgpt_r2"": ""0.994189"", ""eqgpt_reward"": ""0.994189"", ""eqgpt_source_equation"": ""ux"", ""exact_target_structure"": false, ""iter_start_beta"": ""2"", ""objective"": ""2.44539"", ""rank"": ""1"", ""raw_structure"": ""Hx"", ""selected"": ""False"", ""structure"": ""Hx"", ""structure_penalty"": ""0.05"", ""support"": ""Hx"", ""target_like_structure"": false, ""validation_residual_norm"": ""2.45555""}, {""alpha"": ""0.999"", ""augmented_objective"": ""6.312"", ""beta"": ""n/a"", ""coef_dbeta"": ""n/a"", ""coef_hx"": ""0.881836"", ""complexity_score"": ""4.5"", ""condition"": ""1.447e+03"", ""endpoint_penalty"": ""0"", ""epoch"": ""3"", ""eqgpt_r2"": ""0.829196"", ""eqgpt_reward"": ""0.779274"", ""eqgpt_source_equation"": ""ux*u^2+ut+uxxx"", ""exact_target_structure"": false, ""iter_start_beta"": ""2"", ""objective"": ""8.28213"", ""rank"": ""2"", ""raw_structure"": ""H^2*Hx + Hxxx"", ""selected"": ""False"", ""structure"": ""Hxxx + H^2*Hx"", ""structure_penalty"": ""0.225"", ""support"": ""Hxxx+H^2*Hx"", ""target_like_structure"": false, ""validation_residual_norm"": ""6.02259""}, {""alpha"": ""0.999"", ""augmented_objective"": ""2.31004"", ""beta"": ""2"", ""coef_dbeta"": ""1.77202"", ""coef_hx"": ""n/a"", ""complexity_score"": ""1.5"", ""condition"": ""33.0986"", ""endpoint_penalty"": ""0.1"", ""epoch"": ""3"", ""eqgpt_r2"": ""0.976791"", ""eqgpt_reward"": ""0.976791"", ""eqgpt_source_equation"": ""uxx+utt+uxxt"", ""exact_target_structure"": false, ""iter_start_beta"": ""2"", ""objective"": ""11.7796"", ""rank"": ""3"", ""raw_structure"": ""Hxx"", ""selected"": ""False"", ""structure"": ""D_x^beta H"", ""structure_penalty"": ""0.075"", ""support"": ""D_x^2 H"", ""target_like_structure"": false, ""validation_residual_norm"": ""2.30673""}, {""alpha"": ""0.999"", ""augmented_objective"": ""2.16554"", ""beta"": ""2"", ""coef_dbeta"": ""1.20742"", ""coef_hx"": ""1.24715"", ""complexity_score"": ""5.5"", ""condition"": ""2.595e+02"", ""endpoint_penalty"": ""0.1"", ""epoch"": ""4"", ""eqgpt_r2"": ""0.980042"", ""eqgpt_reward"": ""0.886522"", ""eqgpt_source_equation"": ""ux*u+uxx+uxxx+ut"", ""exact_target_structure"": false, ""iter_start_beta"": ""2"", ""objective"": ""4.01946"", ""rank"": ""1"", ""raw_structure"": ""H*Hx + Hxx + Hxxx"", ""selected"": ""False"", ""structure"": ""D_x^beta H + Hxxx + H*Hx"", ""structure_penalty"": ""0.275"", ""support"": ""D_x^2 H+Hxxx+H*Hx"", ""target_like_structure"": false, ""validation_residual_norm"": ""2.08771""}, {""alpha"": ""0.999"", ""augmented_objective"": ""6.51588"", ""beta"": ""n/a"", ""coef_dbeta"": ""n/a"", ""coef_hx"": ""n/a"", ""complexity_score"": ""3.5"", ""condition"": ""1.532e+02"", ""endpoint_penalty"": ""0"", ""epoch"": ""4"", ""eqgpt_r2"": ""0.813479"", ""eqgpt_reward"": ""0.813479"", ""eqgpt_source_equation"": ""u^2+u^2+u*ux+ut"", ""exact_target_structure"": false, ""iter_start_beta"": ""2"", ""objective"": ""5.27882"", ""rank"": ""2"", ""raw_structure"": ""H^2 + H^2 + H*Hx"", ""selected"": ""False"", ""structure"": ""H^2 + H*Hx"", ""structure_penalty"": ""0.175"", ""support"": ""H^2+H*Hx"", ""target_like_structure"": false, ""validation_residual_norm"": ""6.50056""}, {""alpha"": ""0.999"", ""augmented_objective"": ""6.83389"", ""beta"": ""n/a"", ""coef_dbeta"": ""n/a"", ""coef_hx"": ""n/a"", ""complexity_score"": ""2.5"", ""condition"": ""43.5779"", ""endpoint_penalty"": ""0"", ""epoch"": ""4"", ""eqgpt_r2"": ""0.791806"", ""eqgpt_reward"": ""0.791806"", ""eqgpt_source_equation"": ""ut+u^2*ux+uxxt"", ""exact_target_structure"": false, ""iter_start_beta"": ""1.8"", ""objective"": ""8.0958"", ""rank"": ""3"", ""raw_structure"": ""H^2*Hx"", ""selected"": ""False"", ""structure"": ""H^2*Hx"", ""structure_penalty"": ""0.125"", ""support"": ""H^2*Hx"", ""target_like_structure"": false, ""validation_residual_norm"": ""6.82953""}, {""alpha"": ""0.999"", ""augmented_objective"": ""6.312"", ""beta"": ""n/a"", ""coef_dbeta"": ""n/a"", ""coef_hx"": ""0.881836"", ""complexity_score"": ""4.5"", ""condition"": ""1.447e+03"", ""endpoint_penalty"": ""0"", ""epoch"": ""4"", ""eqgpt_r2"": ""0.829196"", ""eqgpt_reward"": ""0.779274"", ""eqgpt_source_equation"": ""ut+ux*u^2+uxxx"", ""exact_target_structure"": false, ""iter_start_beta"": ""2"", ""objective"": ""8.28213"", ""rank"": ""4"", ""raw_structure"": ""H^2*Hx + Hxxx"", ""selected"": ""False"", ""structure"": ""Hxxx + H^2*Hx"", ""structure_penalty"": ""0.225"", ""support"": ""Hxxx+H^2*Hx"", ""target_like_structure"": false, ""validation_residual_norm"": ""6.02259""}]",0,"example: tsfade_retrained_alpha078_beta183_noise5
checkpoint: D:\OneDrive - HHU\ML codes\DL-PDE\Linear_fractional\data\models\tsfade_retrained_alpha078_beta183_normalized_tanh\draft-2000-5\best.pkl
candidate equation: D_t^0.74371746 H = -1.106*Hx + 0.3655 D_x^1.700736 H
center orders: alpha0 = 0.743891, beta0 = 1.70264
order update: mode=iterative, iterations=6, converged=True, stop=correction_below_tolerance, selected=10
alpha = 0.74371746, beta = 1.7007356 (status=estimated)
detailed report: C:\Users\54543\AppData\Local\Temp\linear_fractional_results\tsfade_fft_tsfade_retrained_alpha078_beta183_noise5_gj_hybrid_taylor_result.txt",
candidate_select_tsfade_noise25,25%,eqgpt_generated_iterative_stridge_objective_none_refit,ok,False,"expected Hx + D_x^beta H, got ['Hx', 'D_x^1.85 H', 'Hxxx', 'H*Hx']",D_t^0.7591909 H = -1.056*Hx + 0.4314 D_x^1.85 H + 0.5479*Hxxx + 0.0114*H*Hx,Hx + D_x^1.85 H + Hxxx + H*Hx,0.7591909035517866,1.8499999999999999,-1.056329189,0.431372575,0.78,1.83,0.026678328779760747,0.010928961748633767,generated,Hx + D_x^beta H + Hxxx + H*Hx,Hxx + Hxxx + H*Hx + Hx,"('Hxx -> D_x^beta H',)",True,1.0,D:\OneDrive - HHU\ML codes\EqGPT-main\results_save\PDEGPT_KdV_equation.pt,2.0,20.0,4.0,5.0,stridge_objective,0.8963842800291372,0.9909444078779713,uxx+uxxx+u*ux+ut+ux,6.5,0.325,4.0,True,1,False,0,True,none,False,,,,None,None,iterative,2.0,False,objective_not_decreased,10.0,0.9813770656073894,1.4543813262152907,0.0001,0.008,"(5.0, 28.0, 3.0, 14.0)",59.42722690000001,C:\Users\54543\AppData\Local\Temp\linear_fractional_results\tsfade_fft_tsfade_retrained_alpha078_beta183_noise25_gj_hybrid_taylor_result.txt,report copy skipped: [Errno 13] Permission denied: 'D:\\OneDrive - HHU\\ML codes\\DL-PDE\\Linear_fractional\\results\\candidate_select\\candidate_select_tsfade_noise25_report.txt',D:\Miniconda\envs\sr\python.exe main.py --paper-example candidate_select_tsfade_noise25 --generated-candidates 20 --d-tol 0.008,"{""D_x^1.85 H"": 0.431372575, ""H*Hx"": 0.01139682186, ""Hx"": -1.056329189, ""Hxxx"": 0.5478923298}","{""first"": {""active_count_for_loss"": ""5"", ""active_lamb_sum"": ""0.0003"", ""alpha0"": ""0.99"", ""alpha_next"": ""0.79"", ""beta0"": ""1.7"", ""beta_next"": ""1.85"", ""complexity_penalty"": ""0.0761468"", ""condition"": ""2.538e+02"", ""delta_alpha"": ""-0.230809"", ""delta_alpha_raw"": ""-0.230809"", ""delta_beta"": ""0.15"", ""delta_beta_raw"": ""0.245121"", ""delta_beta_used"": ""0.15"", ""iter"": ""0"", ""mse"": ""0.000408963"", ""objective"": ""0.981377"", ""physical_refit_condition_penalty"": ""0.0797153"", ""raw_mse"": ""0.000408963"", ""regularized_objective"": ""0.981377"", ""status"": ""estimated"", ""support"": ""Hx+D_x^1.85 H+Hxxx+H*Hx"", ""tolerance"": ""0.2"", ""validation_residual_norm"": ""1.37823""}, ""last"": {""active_count_for_loss"": ""3"", ""active_lamb_sum"": ""0.0001"", ""alpha0"": ""0.79"", ""alpha_next"": ""0.730599"", ""beta0"": ""1.85"", ""beta_next"": ""1.85"", ""complexity_penalty"": ""0.0261766"", ""condition"": ""2.618e+02"", ""delta_alpha"": ""-0.0594012"", ""delta_alpha_raw"": ""-0.0594012"", ""delta_beta"": ""0"", ""delta_beta_raw"": ""0"", ""delta_beta_used"": ""0"", ""iter"": ""1"", ""mse"": ""0.000432465"", ""objective"": ""inf"", ""physical_refit_condition_penalty"": ""inf"", ""raw_mse"": ""0.000432465"", ""regularized_objective"": ""inf"", ""status"": ""invalid_unpaired_correction"", ""support"": ""Hx+alpha_correction+spatial_correction_beta0=1.8"", ""tolerance"": ""0.16"", ""validation_residual_norm"": ""0.915668""}, ""row_count"": 2}","[{""alpha"": ""0.687913"", ""augmented_objective"": ""2.14101"", ""beta"": ""n/a"", ""coef_dbeta"": ""n/a"", ""coef_hx"": ""-1.20144"", ""complexity_score"": ""1"", ""condition"": ""8.26603"", ""endpoint_penalty"": ""0"", ""epoch"": ""0"", ""eqgpt_r2"": ""0.994602"", ""eqgpt_reward"": ""0.994602"", ""eqgpt_source_equation"": ""ux"", ""exact_target_structure"": false, ""iter_start_beta"": ""2"", ""objective"": ""2.13893"", ""rank"": ""1"", ""raw_structure"": ""Hx"", ""selected"": ""False"", ""structure"": ""Hx"", ""structure_penalty"": ""0.05"", ""support"": ""Hx"", ""target_like_structure"": false, ""validation_residual_norm"": ""2.14019""}, {""alpha"": ""0.693213"", ""augmented_objective"": ""2.31759"", ""beta"": ""n/a"", ""coef_dbeta"": ""n/a"", ""coef_hx"": ""-1.2126"", ""complexity_score"": ""5.5"", ""condition"": ""1.175e+03"", ""endpoint_penalty"": ""0"", ""epoch"": ""0"", ""eqgpt_r2"": ""0.994759"", ""eqgpt_reward"": ""0.934868"", ""eqgpt_source_equation"": ""ux*u^2+ut+uxxx+ux"", ""exact_target_structure"": false, ""iter_start_beta"": ""1.8"", ""objective"": ""2.30158"", ""rank"": ""2"", ""raw_structure"": ""H^2*Hx + Hxxx + Hx"", ""selected"": ""False"", ""structure"": ""Hx + Hxxx + H^2*Hx"", ""structure_penalty"": ""0.275"", ""support"": ""Hx+Hxxx"", ""target_like_structure"": false, ""validation_residual_norm"": ""2.08253""}, {""alpha"": ""0.999"", ""augmented_objective"": ""6.39067"", ""beta"": ""n/a"", ""coef_dbeta"": ""n/a"", ""coef_hx"": ""n/a"", ""complexity_score"": ""3.5"", ""condition"": ""1.505e+02"", ""endpoint_penalty"": ""0"", ""epoch"": ""0"", ""eqgpt_r2"": ""0.802319"", ""eqgpt_reward"": ""0.802319"", ""eqgpt_source_equation"": ""ut+u^2+u*ux"", ""exact_target_structure"": false, ""iter_start_beta"": ""2"", ""objective"": ""5.37841"", ""rank"": ""3"", ""raw_structure"": ""H^2 + H*Hx"", ""selected"": ""False"", ""structure"": ""H^2 + H*Hx"", ""structure_penalty"": ""0.175"", ""support"": ""H^2+H*Hx"", ""target_like_structure"": false, ""validation_residual_norm"": ""6.37562""}, {""alpha"": ""0.999"", ""augmented_objective"": ""2.3685"", ""beta"": ""2"", ""coef_dbeta"": ""1.64522"", ""coef_hx"": ""n/a"", ""complexity_score"": ""1.5"", ""condition"": ""22.6101"", ""endpoint_penalty"": ""0.1"", ""epoch"": ""0"", ""eqgpt_r2"": ""0.972707"", ""eqgpt_reward"": ""0.972707"", ""eqgpt_source_equation"": ""utt+uxx"", ""exact_target_structure"": false, ""iter_start_beta"": ""2"", ""objective"": ""11.5831"", ""rank"": ""4"", ""raw_structure"": ""Hxx"", ""selected"": ""False"", ""structure"": ""D_x^beta H"", ""structure_penalty"": ""0.075"", ""support"": ""D_x^2 H"", ""target_like_structure"": false, ""validation_residual_norm"": ""2.36624""}, {""alpha"": ""0.684814"", ""augmented_objective"": ""2.06364"", ""beta"": ""n/a"", ""coef_dbeta"": ""n/a"", ""coef_hx"": ""-1.281"", ""complexity_score"": ""3"", ""condition"": ""27.8227"", ""endpoint_penalty"": ""0"", ""epoch"": ""1"", ""eqgpt_r2"": ""0.995044"", ""eqgpt_reward"": ""0.935137"", ""eqgpt_source_equation"": ""uxxt+ut+ux*u+ux"", ""exact_target_structure"": false, ""iter_start_beta"": ""2"", ""objective"": ""2.06028"", ""rank"": ""1"", ""raw_structure"": ""H*Hx + Hx"", ""selected"": ""False"", ""structure"": ""Hx + H*Hx"", ""structure_penalty"": ""0.15"", ""support"": ""Hx+H*Hx"", ""target_like_structure"": false, ""validation_residual_norm"": ""2.05808""}, {""alpha"": ""0.693213"", ""augmented_objective"": ""2.09965"", ""beta"": ""n/a"", ""coef_dbeta"": ""n/a"", ""coef_hx"": ""-1.2126"", ""complexity_score"": ""3"", ""condition"": ""85.5929"", ""endpoint_penalty"": ""0"", ""epoch"": ""1"", ""eqgpt_r2"": ""0.994759"", ""eqgpt_reward"": ""0.934868"", ""eqgpt_source_equation"": ""ut+uxxx+ux"", ""exact_target_structure"": false, ""iter_start_beta"": ""2"", ""objective"": ""2.08629"", ""rank"": ""2"", ""raw_structure"": ""Hxxx + Hx"", ""selected"": ""False"", ""structure"": ""Hx + Hxxx"", ""structure_penalty"": ""0.15"", ""support"": ""Hx+Hxxx"", ""target_like_structure"": false, ""validation_residual_norm"": ""2.08253""}, {""alpha"": ""0.687913"", ""augmented_objective"": ""2.14101"", ""beta"": ""n/a"", ""coef_dbeta"": ""n/a"", ""coef_hx"": ""-1.20144"", ""complexity_score"": ""1"", ""condition"": ""8.26603"", ""endpoint_penalty"": ""0"", ""epoch"": ""1"", ""eqgpt_r2"": ""0.994602"", ""eqgpt_reward"": ""0.994602"", ""eqgpt_source_equation"": ""ux"", ""exact_target_structure"": false, ""iter_start_beta"": ""2"", ""objective"": ""2.13893"", ""rank"": ""3"", ""raw_structure"": ""Hx"", ""selected"": ""False"", ""structure"": ""Hx"", ""structure_penalty"": ""0.05"", ""support"": ""Hx"", ""target_like_structure"": false, ""validation_residual_norm"": ""2.14019""}, {""alpha"": ""0.999"", ""augmented_objective"": ""5.86781"", ""beta"": ""n/a"", ""coef_dbeta"": ""n/a"", ""coef_hx"": ""-2.9484"", ""complexity_score"": ""4"", ""condition"": ""1.786e+02"", ""endpoint_penalty"": ""0"", ""epoch"": ""1"", ""eqgpt_r2"": ""0.839089"", ""eqgpt_reward"": ""0.788571"", ""eqgpt_source_equation"": ""uxxx+ut+u*ux"", ""exact_target_structure"": false, ""iter_start_beta"": ""2"", ""objective"": ""6.21264"", ""rank"": ""4"", ""raw_structure"": ""Hxxx + H*Hx"", ""selected"": ""False"", ""structure"": ""Hxxx + H*Hx"", ""structure_penalty"": ""0.2"", ""support"": ""Hxxx+H*Hx"", ""target_like_structure"": false, ""validation_residual_norm"": ""5.83209""}, {""alpha"": ""0.999"", ""augmented_objective"": ""6.37667"", ""beta"": ""n/a"", ""coef_dbeta"": ""n/a"", ""coef_hx"": ""n/a"", ""complexity_score"": ""2"", ""condition"": ""10.4401"", ""endpoint_penalty"": ""0"", ""epoch"": ""1"", ""eqgpt_r2"": ""0.802319"", ""eqgpt_reward"": ""0.802319"", ""eqgpt_source_equation"": ""u*ux+ut+uxt"", ""exact_target_structure"": false, ""iter_start_beta"": ""2"", ""objective"": ""6.59803"", ""rank"": ""5"", ""raw_structure"": ""H*Hx"", ""selected"": ""False"", ""structure"": ""H*Hx"", ""structure_penalty"": ""0.1"", ""support"": ""H*Hx"", ""target_like_structure"": false, ""validation_residual_norm"": ""6.37562""}, {""alpha"": ""0.999"", ""augmented_objective"": ""2.3685"", ""beta"": ""2"", ""coef_dbeta"": ""1.64522"", ""coef_hx"": ""n/a"", ""complexity_score"": ""1.5"", ""condition"": ""22.6101"", ""endpoint_penalty"": ""0.1"", ""epoch"": ""1"", ""eqgpt_r2"": ""0.972707"", ""eqgpt_reward"": ""0.972707"", ""eqgpt_source_equation"": ""uxx+utt"", ""exact_target_structure"": false, ""iter_start_beta"": ""2"", ""objective"": ""11.5831"", ""rank"": ""6"", ""raw_structure"": ""Hxx"", ""selected"": ""False"", ""structure"": ""D_x^beta H"", ""structure_penalty"": ""0.075"", ""support"": ""D_x^2 H"", ""target_like_structure"": false, ""validation_residual_norm"": ""2.36624""}, {""alpha"": ""0.759191"", ""augmented_objective"": ""1.45438"", ""beta"": ""1.85"", ""coef_dbeta"": ""0.431373"", ""coef_hx"": ""-1.05633"", ""complexity_score"": ""6.5"", ""condition"": ""2.538e+02"", ""endpoint_penalty"": ""0"", ""epoch"": ""2"", ""eqgpt_r2"": ""0.990944"", ""eqgpt_reward"": ""0.896384"", ""eqgpt_source_equation"": ""uxx+uxxx+u*ux+ut+ux"", ""exact_target_structure"": false, ""iter_start_beta"": ""1.7"", ""objective"": ""0.981377"", ""rank"": ""1"", ""raw_structure"": ""Hxx + Hxxx + H*Hx + Hx"", ""selected"": ""True"", ""structure"": ""Hx + D_x^beta H + Hxxx + H*Hx"", ""structure_penalty"": ""0.325"", ""support"": ""Hx+D_x^1.85 H+Hxxx+H*Hx"", ""target_like_structure"": true, ""validation_residual_norm"": ""1.37823""}, {""alpha"": ""0.999"", ""augmented_objective"": ""5.38967"", ""beta"": ""n/a"", ""coef_dbeta"": ""n/a"", ""coef_hx"": ""n/a"", ""complexity_score"": ""3.5"", ""condition"": ""46.7066"", ""endpoint_penalty"": ""0"", ""epoch"": ""2"", ""eqgpt_r2"": ""0.850679"", ""eqgpt_reward"": ""0.799463"", ""eqgpt_source_equation"": ""ux*u^2+u+ut"", ""exact_target_structure"": false, ""iter_start_beta"": ""2"", ""objective"": ""7.76906"", ""rank"": ""2"", ""raw_structure"": ""H^2*Hx + H"", ""selected"": ""False"", ""structure"": ""H + H^2*Hx"", ""structure_penalty"": ""0.175"", ""support"": ""H+H^2*Hx"", ""target_like_structure"": false, ""validation_residual_norm"": ""5.38033""}, {""alpha"": ""0.999"", ""augmented_objective"": ""2.38194"", ""beta"": ""2"", ""coef_dbeta"": ""3.00087"", ""coef_hx"": ""n/a"", ""complexity_score"": ""2.5"", ""condition"": ""1.570e+02"", ""endpoint_penalty"": ""0.1"", ""epoch"": ""2"", ""eqgpt_r2"": ""0.972707"", ""eqgpt_reward"": ""0.972707"", ""eqgpt_source_equation"": ""utt+uxx+u"", ""exact_target_structure"": false, ""iter_start_beta"": ""2"", ""objective"": ""9.54263"", ""rank"": ""3"", ""raw_structure"": ""Hxx + H"", ""selected"": ""False"", ""structure"": ""H + D_x^beta H"", ""structure_penalty"": ""0.125"", ""support"": ""H+D_x^2 H"", ""target_like_structure"": false, ""validation_residual_norm"": ""2.36624""}, {""alpha"": ""0.999"", ""augmented_objective"": ""2.3685"", ""beta"": ""2"", ""coef_dbeta"": ""1.64522"", ""coef_hx"": ""n/a"", ""complexity_score"": ""1.5"", ""condition"": ""22.6101"", ""endpoint_penalty"": ""0.1"", ""epoch"": ""2"", ""eqgpt_r2"": ""0.972707"", ""eqgpt_reward"": ""0.972707"", ""eqgpt_source_equation"": ""ut+uxx+utt"", ""exact_target_structure"": false, ""iter_start_beta"": ""2"", ""objective"": ""11.5831"", ""rank"": ""4"", ""raw_structure"": ""Hxx"", ""selected"": ""False"", ""structure"": ""D_x^beta H"", ""structure_penalty"": ""0.075"", ""support"": ""D_x^2 H"", ""target_like_structure"": false, ""validation_residual_norm"": ""2.36624""}, {""alpha"": ""0.687913"", ""augmented_objective"": ""2.14101"", ""beta"": ""n/a"", ""coef_dbeta"": ""n/a"", ""coef_hx"": ""-1.20144"", ""complexity_score"": ""1"", ""condition"": ""8.26603"", ""endpoint_penalty"": ""0"", ""epoch"": ""3"", ""eqgpt_r2"": ""0.994602"", ""eqgpt_reward"": ""0.994602"", ""eqgpt_source_equation"": ""ux"", ""exact_target_structure"": false, ""iter_start_beta"": ""2"", ""objective"": ""2.13893"", ""rank"": ""1"", ""raw_structure"": ""Hx"", ""selected"": ""False"", ""structure"": ""Hx"", ""structure_penalty"": ""0.05"", ""support"": ""Hx"", ""target_like_structure"": false, ""validation_residual_norm"": ""2.14019""}, {""alpha"": ""0.999"", ""augmented_objective"": ""6.47652"", ""beta"": ""n/a"", ""coef_dbeta"": ""n/a"", ""coef_hx"": ""-0.466559"", ""complexity_score"": ""4.5"", ""condition"": ""1.167e+03"", ""endpoint_penalty"": ""0"", ""epoch"": ""3"", ""eqgpt_r2"": ""0.812572"", ""eqgpt_reward"": ""0.76365"", ""eqgpt_source_equation"": ""ux*u^2+ut+uxxx"", ""exact_target_structure"": false, ""iter_start_beta"": ""2"", ""objective"": ""8.35805"", ""rank"": ""2"", ""raw_structure"": ""H^2*Hx + Hxxx"", ""selected"": ""False"", ""structure"": ""Hxxx + H^2*Hx"", ""structure_penalty"": ""0.225"", ""support"": ""Hxxx+H^2*Hx"", ""target_like_structure"": false, ""validation_residual_norm"": ""6.24312""}, {""alpha"": ""0.999"", ""augmented_objective"": ""2.3685"", ""beta"": ""2"", ""coef_dbeta"": ""1.64522"", ""coef_hx"": ""n/a"", ""complexity_score"": ""1.5"", ""condition"": ""22.6101"", ""endpoint_penalty"": ""0.1"", ""epoch"": ""3"", ""eqgpt_r2"": ""0.972707"", ""eqgpt_reward"": ""0.972707"", ""eqgpt_source_equation"": ""uxx+utt+uxxt"", ""exact_target_structure"": false, ""iter_start_beta"": ""2"", ""objective"": ""11.5831"", ""rank"": ""3"", ""raw_structure"": ""Hxx"", ""selected"": ""False"", ""structure"": ""D_x^beta H"", ""structure_penalty"": ""0.075"", ""support"": ""D_x^2 H"", ""target_like_structure"": false, ""validation_residual_norm"": ""2.36624""}, {""alpha"": ""0.999"", ""augmented_objective"": ""2.23914"", ""beta"": ""2"", ""coef_dbeta"": ""1.02982"", ""coef_hx"": ""0"", ""complexity_score"": ""5.5"", ""condition"": ""2.046e+02"", ""endpoint_penalty"": ""0.1"", ""epoch"": ""4"", ""eqgpt_r2"": ""0.977272"", ""eqgpt_reward"": ""0.884016"", ""eqgpt_source_equation"": ""ux*u+uxx+uxxx+ut"", ""exact_target_structure"": false, ""iter_start_beta"": ""2"", ""objective"": ""4.27807"", ""rank"": ""1"", ""raw_structure"": ""H*Hx + Hxx + Hxxx"", ""selected"": ""False"", ""structure"": ""D_x^beta H + Hxxx + H*Hx"", ""structure_penalty"": ""0.275"", ""support"": ""D_x^2 H+H*Hx"", ""target_like_structure"": false, ""validation_residual_norm"": ""2.17775""}, {""alpha"": ""0.999"", ""augmented_objective"": ""6.39067"", ""beta"": ""n/a"", ""coef_dbeta"": ""n/a"", ""coef_hx"": ""n/a"", ""complexity_score"": ""3.5"", ""condition"": ""1.505e+02"", ""endpoint_penalty"": ""0"", ""epoch"": ""4"", ""eqgpt_r2"": ""0.802319"", ""eqgpt_reward"": ""0.802319"", ""eqgpt_source_equation"": ""u^2+u^2+u*ux+ut"", ""exact_target_structure"": false, ""iter_start_beta"": ""2"", ""objective"": ""5.37841"", ""rank"": ""2"", ""raw_structure"": ""H^2 + H^2 + H*Hx"", ""selected"": ""False"", ""structure"": ""H^2 + H*Hx"", ""structure_penalty"": ""0.175"", ""support"": ""H^2+H*Hx"", ""target_like_structure"": false, ""validation_residual_norm"": ""6.37562""}, {""alpha"": ""0.999"", ""augmented_objective"": ""6.58836"", ""beta"": ""n/a"", ""coef_dbeta"": ""n/a"", ""coef_hx"": ""n/a"", ""complexity_score"": ""2.5"", ""condition"": ""45.986"", ""endpoint_penalty"": ""0"", ""epoch"": ""4"", ""eqgpt_r2"": ""0.776841"", ""eqgpt_reward"": ""0.776841"", ""eqgpt_source_equation"": ""ut+u^2*ux+uxxt"", ""exact_target_structure"": false, ""iter_start_beta"": ""1.8"", ""objective"": ""8.152"", ""rank"": ""3"", ""raw_structure"": ""H^2*Hx"", ""selected"": ""False"", ""structure"": ""H^2*Hx"", ""structure_penalty"": ""0.125"", ""support"": ""H^2*Hx"", ""target_like_structure"": false, ""validation_residual_norm"": ""6.58376""}, {""alpha"": ""0.999"", ""augmented_objective"": ""6.99735"", ""beta"": ""n/a"", ""coef_dbeta"": ""n/a"", ""coef_hx"": ""-0.466559"", ""complexity_score"": ""4.5"", ""condition"": ""1.167e+03"", ""endpoint_penalty"": ""0"", ""epoch"": ""4"", ""eqgpt_r2"": ""0.760782"", ""eqgpt_reward"": ""0.760782"", ""eqgpt_source_equation"": ""ut+ux*u^2+uxxx"", ""exact_target_structure"": false, ""iter_start_beta"": ""2"", ""objective"": ""8.35805"", ""rank"": ""4"", ""raw_structure"": ""H^2*Hx + Hxxx"", ""selected"": ""False"", ""structure"": ""Hxxx + H^2*Hx"", ""structure_penalty"": ""0.225"", ""support"": ""Hxxx+H^2*Hx"", ""target_like_structure"": false, ""validation_residual_norm"": ""6.88065""}]",0,"example: tsfade_retrained_alpha078_beta183_noise25
checkpoint: D:\OneDrive - HHU\ML codes\DL-PDE\Linear_fractional\data\models\tsfade_retrained_alpha078_beta183_normalized_tanh\draft-2000-25\best.pkl
candidate equation: D_t^0.7591909 H = -1.056*Hx + 0.4314 D_x^1.85 H + 0.5479*Hxxx + 0.0114*H*Hx
center orders: alpha0 = 0.99, beta0 = 1.7
order update: mode=iterative, iterations=2, converged=False, stop=objective_not_decreased, selected=10
alpha = 0.7591909, beta = 1.85 (status=estimated)
detailed report: C:\Users\54543\AppData\Local\Temp\linear_fractional_results\tsfade_fft_tsfade_retrained_alpha078_beta183_noise25_gj_hybrid_taylor_result.txt",
