paper_example,noise_label,winner_equation,rank,selected,structure,raw_structure,prior_score,complexity_score,structure_penalty,endpoint_penalty,iter_start_beta,alpha,beta,coef_hx,coef_dbeta,objective,augmented_objective,validation_residual_norm,condition,support
candidate_select_tsfade_clean,clean,D_t^0.76384762 H = -1.017*Hx + 0.5044 D_x^1.856593 H,1,True,Hx + D_x^beta H,Hx + Hxx,5.75,2.5,0.0675,0,2,0.76384762,1.8565928,-1.0171816,0.50436522,1.419026,1.351526,0.93342591,104.52503,Hx+D_x^1.856593 H
candidate_select_tsfade_clean,clean,D_t^0.76384762 H = -1.017*Hx + 0.5044 D_x^1.856593 H,2,False,H + Hx + D_x^beta H,H + Hx + Hxx,5.75,3.5,0.1175,0,2,0.75503624,1.7686514,-1.0646142,0.41110645,2.3007964,2.1832964,0.92847973,313.70416,Hx+D_x^1.768651 H
candidate_select_tsfade_clean,clean,D_t^0.76384762 H = -1.017*Hx + 0.5044 D_x^1.856593 H,3,False,Hx + D_x^beta H + H^2,Hx + Hxx + H^2,5.75,4,0.1425,0.1,2,0.74,2,-0.98491745,1.1539949,12.430988,12.188488,1.2038738,2746.1535,Hx+D_x^2 H
candidate_select_tsfade_clean,clean,D_t^0.76384762 H = -1.017*Hx + 0.5044 D_x^1.856593 H,4,False,Hx + D_x^beta H + H*Hx,Hx + H*Hx + Hxx,5.75,4.5,0.1675,0,2,0.75437512,1.7600464,-1.0679861,0.40427423,1.7477019,1.5802019,0.92855889,162.91075,Hx+D_x^1.760046 H
candidate_select_tsfade_clean,clean,D_t^0.76384762 H = -1.017*Hx + 0.5044 D_x^1.856593 H,5,False,Hx + D_x^beta H + H*Hxx,Hx + H*Hxx + Hxx,5.75,4.5,0.1675,0,2,0.75781892,1.8972234,-1.0226213,0.25019954,1.6119209,1.4444209,0.88870036,111.1441,Hx+D_x^1.897223 H+H*Hxx
candidate_select_tsfade_clean,clean,D_t^0.76384762 H = -1.017*Hx + 0.5044 D_x^1.856593 H,6,False,Hx + D_x^beta H + H^2*Hx,Hx + Hxx + H^2*Hx,5.75,5,0.1925,0.1,2,0.74,2,-0.98491745,1.1539949,7.0905804,6.7980804,1.2038738,1398.5517,Hx+D_x^2 H
candidate_select_tsfade_clean,clean,D_t^0.76384762 H = -1.017*Hx + 0.5044 D_x^1.856593 H,7,False,Hx + D_x^beta H + H^2*Hxx,Hx + Hxx + H^2*Hxx,5.75,5,0.1925,0,2,0.75503624,1.7686514,-1.0646142,0.41110645,2.5201715,2.3276715,0.92847973,349.79794,Hx+D_x^1.768651 H
candidate_select_tsfade_clean,clean,D_t^0.76384762 H = -1.017*Hx + 0.5044 D_x^1.856593 H,8,False,H + Hx + D_x^beta H + H^2,Hx + Hxx + H + H^2,5.75,5,0.1925,0.1,2,0.74,2,-0.98491745,1.1539949,12.862276,12.569776,1.2038738,2841.4756,Hx+D_x^2 H
candidate_select_tsfade_clean,clean,D_t^0.76384762 H = -1.017*Hx + 0.5044 D_x^1.856593 H,9,False,H + Hx + D_x^beta H + H*Hx,Hx + Hxx + H + H*Hx,5.75,5.5,0.2175,0,2,0.75503624,1.7686514,-1.0646142,0.41110645,2.4021861,2.1846861,0.92847973,314.0516,Hx+D_x^1.768651 H
candidate_select_tsfade_clean,clean,D_t^0.76384762 H = -1.017*Hx + 0.5044 D_x^1.856593 H,10,False,H + Hx + D_x^beta H + H*Hxx,Hx + Hxx + H + H*Hxx,5.75,5.5,0.2175,0,2,0.75938422,1.80708,-1.0432833,0.44844167,3.0113555,2.7938555,0.92988646,465.99226,Hx+D_x^1.80708 H
candidate_select_tsfade_noise5,5%,D_t^0.75728043 H = -1.03*Hx + 0.5146 D_x^1.863028 H,1,True,Hx + D_x^beta H,Hx + Hxx,5.75,2.5,0.0675,0,2,0.75728043,1.8630281,-1.0304117,0.51457335,1.466783,1.399283,0.97377376,106.37731,Hx+D_x^1.863028 H
candidate_select_tsfade_noise5,5%,D_t^0.75728043 H = -1.03*Hx + 0.5146 D_x^1.863028 H,2,False,H + Hx + D_x^beta H,H + Hx + Hxx,5.75,3.5,0.1175,0,2,0.7437404,1.7009927,-1.10586,0.36571595,1.9842854,1.8667854,0.95994343,226.71049,Hx+D_x^1.700993 H
candidate_select_tsfade_noise5,5%,D_t^0.75728043 H = -1.03*Hx + 0.5146 D_x^1.863028 H,3,False,Hx + D_x^beta H + H^2,Hx + Hxx + H^2,5.75,4,0.1425,0.1,2,0.74,2,-0.95963246,1.2610314,12.662116,12.419616,1.3081323,2777.8709,Hx+D_x^2 H
candidate_select_tsfade_noise5,5%,D_t^0.75728043 H = -1.03*Hx + 0.5146 D_x^1.863028 H,4,False,Hx + D_x^beta H + H*Hx,Hx + H*Hx + Hxx,5.75,4.5,0.1675,0,2,0.7437404,1.7009927,-1.10586,0.36571595,1.6651984,1.4976984,0.95994343,134.43873,Hx+D_x^1.700993 H
candidate_select_tsfade_noise5,5%,D_t^0.75728043 H = -1.03*Hx + 0.5146 D_x^1.863028 H,5,False,Hx + D_x^beta H + H*Hxx,Hx + H*Hxx + Hxx,5.75,4.5,0.1675,0,2,0.74628913,1.7415805,-1.0751344,0.258824,1.5170296,1.3495296,0.9457788,80.750158,Hx+D_x^1.741581 H+H*Hxx
candidate_select_tsfade_noise5,5%,D_t^0.75728043 H = -1.03*Hx + 0.5146 D_x^1.863028 H,6,False,Hx + D_x^beta H + H^2*Hx,Hx + Hxx + H^2*Hx,5.75,5,0.1925,0.1,2,0.74,2,-0.95963246,1.2610314,7.5605734,7.2680734,1.3081323,1489.9853,Hx+D_x^2 H
candidate_select_tsfade_noise5,5%,D_t^0.75728043 H = -1.03*Hx + 0.5146 D_x^1.863028 H,7,False,Hx + D_x^beta H + H^2*Hxx,Hx + Hxx + H^2*Hxx,5.75,5,0.1925,0,2,0.7437404,1.7009927,-1.10586,0.36571595,2.2309511,2.0384511,0.95994343,269.62692,Hx+D_x^1.700993 H
candidate_select_tsfade_noise5,5%,D_t^0.75728043 H = -1.03*Hx + 0.5146 D_x^1.863028 H,8,False,H + Hx + D_x^beta H + H^2,Hx + Hxx + H + H^2,5.75,5,0.1925,0.1,2,0.74,2,-0.95963246,1.2610314,13.079527,12.787027,1.3081323,2869.7238,Hx+D_x^2 H
candidate_select_tsfade_noise5,5%,D_t^0.75728043 H = -1.03*Hx + 0.5146 D_x^1.863028 H,9,False,H + Hx + D_x^beta H + H*Hx,Hx + Hxx + H + H*Hx,5.75,5.5,0.2175,0,2,0.7437404,1.7009927,-1.10586,0.36571595,2.1161068,1.8986068,0.95994343,234.66586,Hx+D_x^1.700993 H
candidate_select_tsfade_noise5,5%,D_t^0.75728043 H = -1.03*Hx + 0.5146 D_x^1.863028 H,10,False,H + Hx + D_x^beta H + H*Hxx,Hx + Hxx + H + H*Hxx,5.75,5.5,0.2175,0,2,0.7437404,1.7009927,-1.10586,0.36571595,2.2520243,2.0345243,0.95994343,268.64521,Hx+D_x^1.700993 H
candidate_select_tsfade_noise25,25%,D_t^0.82134276 H = -0.8609*Hx + 0.5075 D_x^1.86859 H,1,True,Hx + D_x^beta H,Hx + Hxx,5.75,2.5,0.0675,0,1.7,0.82134276,1.8685905,-0.86085488,0.50752733,1.9700321,1.9025321,1.6927353,52.449208,Hx+D_x^1.86859 H
candidate_select_tsfade_noise25,25%,D_t^0.82134276 H = -0.8609*Hx + 0.5075 D_x^1.86859 H,2,False,H + Hx + D_x^beta H,H + Hx + Hxx,5.75,3.5,0.1175,0,1.7,0.82134276,1.8685905,-0.86085488,0.50752733,2.8421719,2.7246719,1.6927353,257.98414,Hx+D_x^1.86859 H
candidate_select_tsfade_noise25,25%,D_t^0.82134276 H = -0.8609*Hx + 0.5075 D_x^1.86859 H,3,False,Hx + D_x^beta H + H^2,Hx + Hxx + H^2,5.75,4,0.1425,0,1.7,0.83673462,1.85,-0.76044958,0.65150083,7.3178892,7.1753892,2.0299328,1286.3641,Hx+D_x^1.85 H
candidate_select_tsfade_noise25,25%,D_t^0.82134276 H = -0.8609*Hx + 0.5075 D_x^1.86859 H,4,False,Hx + D_x^beta H + H*Hx,Hx + H*Hx + Hxx,5.75,4.5,0.1675,0,1.7,0.82134276,1.8685905,-0.86085488,0.50752733,2.4364764,2.2689764,1.6927353,144.06028,Hx+D_x^1.86859 H
candidate_select_tsfade_noise25,25%,D_t^0.82134276 H = -0.8609*Hx + 0.5075 D_x^1.86859 H,5,False,Hx + D_x^beta H + H*Hxx,Hx + H*Hxx + Hxx,5.75,4.5,0.1675,0,1.7,0.82313678,1.866756,-0.87038269,0.81071902,2.1415333,1.9740333,1.6437454,66.057574,Hx+D_x^1.866756 H+H*Hxx
candidate_select_tsfade_noise25,25%,D_t^0.82134276 H = -0.8609*Hx + 0.5075 D_x^1.86859 H,6,False,Hx + D_x^beta H + H^2*Hx,Hx + Hxx + H^2*Hx,5.75,5,0.1925,0,1.7,0.83673462,1.85,-0.76044958,0.65150083,4.8307241,4.6382241,2.0299328,652.07283,Hx+D_x^1.85 H
candidate_select_tsfade_noise25,25%,D_t^0.82134276 H = -0.8609*Hx + 0.5075 D_x^1.86859 H,7,False,Hx + D_x^beta H + H^2*Hxx,Hx + Hxx + H^2*Hxx,5.75,5,0.1925,0,1.7,0.83673462,1.85,-0.76044958,0.65150083,3.161706,2.969206,2.0299328,234.81832,Hx+D_x^1.85 H
candidate_select_tsfade_noise25,25%,D_t^0.82134276 H = -0.8609*Hx + 0.5075 D_x^1.86859 H,8,False,H + Hx + D_x^beta H + H^2,Hx + Hxx + H + H^2,5.75,5,0.1925,0,1.7,0.83673462,1.85,-0.76044958,0.65150083,9.6818294,9.4893294,2.0299328,1864.8492,Hx+D_x^1.85 H
candidate_select_tsfade_noise25,25%,D_t^0.82134276 H = -0.8609*Hx + 0.5075 D_x^1.86859 H,9,False,H + Hx + D_x^beta H + H*Hx,Hx + Hxx + H + H*Hx,5.75,5.5,0.2175,0,1.7,0.83673462,1.85,-0.76044958,0.65150083,2.9989334,2.7814334,2.0299328,187.87517,Hx+D_x^1.85 H
candidate_select_tsfade_noise25,25%,D_t^0.82134276 H = -0.8609*Hx + 0.5075 D_x^1.86859 H,10,False,H + Hx + D_x^beta H + H*Hxx,Hx + Hxx + H + H*Hxx,5.75,5.5,0.2175,0,1.7,0.83673462,1.85,-0.76044958,0.65150083,3.0510701,2.8335701,2.0299328,200.90933,Hx+D_x^1.85 H
