noise_label,candidate_source,paper_example,fit_x_min,fit_x_max,fit_t_min,fit_t_max,status,support_correct,equation,support,alpha,beta,coef_hx,coef_dbeta,alpha_relative_error,beta_relative_error,coef_hx_relative_error,coef_dbeta_relative_error,objective,condition_number,sparsity_lamb,d_tol,generated_structure,generated_structure_rank,generated_structure_count,iter_start_beta,iter_start_beta_values,iteration_selected_index,iteration_count,iteration_stop_reason,runtime_seconds,report_path,command,returncode,stdout_tail,stderr_tail
clean,fixed,tsfade_clean,3.0,26.0,3.0,14.0,ok,False,D_t^0.74 H = -1.058*Hx + 0.9223 D_x^2 H + 0.4258*Hxxx,Hx + D_x^2 H + Hxxx,0.74,2.0,-1.057665329,0.9222501422,0.0512821,0.0928962,,,198.7867488071347,,0.001,0.005,None,,,2.0,None,0.0,2.0,objective_not_decreased,2.4636614,C:\Users\54543\AppData\Local\Temp\linear_fractional_results\tsfade_fft_tsfade_retrained_alpha078_beta183_clean_gj_hybrid_taylor_result.txt,D:\Miniconda\envs\sr\python.exe main.py --paper-example tsfade_clean --fit-x-min 3 --fit-x-max 26 --fit-t-min 3 --fit-t-max 14,0,"example: tsfade_retrained_alpha078_beta183_clean
checkpoint: D:\OneDrive - HHU\ML codes\DL-PDE\Linear_fractional\data\models\tsfade_retrained_alpha078_beta183_normalized_tanh\draft-2000-0\best.pkl
candidate equation: D_t^0.74 H = -1.058*Hx + 0.9223 D_x^2 H + 0.4258*Hxxx
center orders: alpha0 = 0.99, beta0 = 2
order update: mode=iterative, iterations=2, converged=False, stop=objective_not_decreased, selected=0
alpha = 0.74, beta = 2 (status=estimated)
detailed report: C:\Users\54543\AppData\Local\Temp\linear_fractional_results\tsfade_fft_tsfade_retrained_alpha078_beta183_clean_gj_hybrid_taylor_result.txt",
clean,generated,candidate_select_tsfade_clean,3.0,26.0,3.0,14.0,ok,True,D_t^0.75715906 H = -1.055*Hx + 0.4288 D_x^1.78905 H,Hx + D_x^1.78905 H,0.7571590646838741,1.789049821752064,-1.054739927,0.4287920397,0.0292833,0.0223771,,,1.285111774600825,,0.001,0.005,Hx + D_x^beta H,1.0,10.0,2.0,None,3.0,4.0,correction_below_tolerance,5.2930081,C:\Users\54543\AppData\Local\Temp\linear_fractional_results\tsfade_fft_tsfade_retrained_alpha078_beta183_clean_gj_hybrid_taylor_result.txt,D:\Miniconda\envs\sr\python.exe main.py --paper-example candidate_select_tsfade_clean --fit-x-min 3 --fit-x-max 26 --fit-t-min 3 --fit-t-max 14 --generated-top-structures 10,0,"example: tsfade_retrained_alpha078_beta183_clean
checkpoint: D:\OneDrive - HHU\ML codes\DL-PDE\Linear_fractional\data\models\tsfade_retrained_alpha078_beta183_normalized_tanh\draft-2000-0\best.pkl
candidate equation: D_t^0.75715906 H = -1.055*Hx + 0.4288 D_x^1.78905 H
center orders: alpha0 = 0.75728865, beta0 = 1.7923862
order update: mode=iterative, iterations=4, converged=True, stop=correction_below_tolerance, selected=3
alpha = 0.75715906, beta = 1.7890498 (status=estimated)
detailed report: C:\Users\54543\AppData\Local\Temp\linear_fractional_results\tsfade_fft_tsfade_retrained_alpha078_beta183_clean_gj_hybrid_taylor_result.txt",
clean,fixed,tsfade_clean,3.0,26.0,4.0,14.0,ok,True,D_t^0.73660378 H = -1.114*Hx + 0.3185 D_x^1.85 H,Hx + D_x^1.85 H,0.7366037802569407,1.85,-1.114279992,0.3184715325,0.0556362,0.010929,,,159.6040517896549,,0.001,0.005,None,,,2.0,None,1.0,3.0,objective_not_decreased,2.9309174000000002,C:\Users\54543\AppData\Local\Temp\linear_fractional_results\tsfade_fft_tsfade_retrained_alpha078_beta183_clean_gj_hybrid_taylor_result.txt,D:\Miniconda\envs\sr\python.exe main.py --paper-example tsfade_clean --fit-x-min 3 --fit-x-max 26 --fit-t-min 4 --fit-t-max 14,0,"example: tsfade_retrained_alpha078_beta183_clean
checkpoint: D:\OneDrive - HHU\ML codes\DL-PDE\Linear_fractional\data\models\tsfade_retrained_alpha078_beta183_normalized_tanh\draft-2000-0\best.pkl
candidate equation: D_t^0.73660378 H = -1.114*Hx + 0.3185 D_x^1.85 H
center orders: alpha0 = 0.79, beta0 = 2
order update: mode=iterative, iterations=3, converged=False, stop=objective_not_decreased, selected=1
alpha = 0.73660378, beta = 1.85 (status=estimated)
detailed report: C:\Users\54543\AppData\Local\Temp\linear_fractional_results\tsfade_fft_tsfade_retrained_alpha078_beta183_clean_gj_hybrid_taylor_result.txt",
clean,generated,candidate_select_tsfade_clean,3.0,26.0,4.0,14.0,ok,True,D_t^0.73609157 H = -1.132*Hx + 0.3377 D_x^1.695414 H,Hx + D_x^1.695414 H,0.7360915718064845,1.6954137233899407,-1.131773459,0.3377467039,0.0562929,0.0735444,,,1.1275953399740413,,0.001,0.005,Hx + D_x^beta H,1.0,10.0,2.0,None,3.0,4.0,correction_below_tolerance,6.0824233,C:\Users\54543\AppData\Local\Temp\linear_fractional_results\tsfade_fft_tsfade_retrained_alpha078_beta183_clean_gj_hybrid_taylor_result.txt,D:\Miniconda\envs\sr\python.exe main.py --paper-example candidate_select_tsfade_clean --fit-x-min 3 --fit-x-max 26 --fit-t-min 4 --fit-t-max 14 --generated-top-structures 10,0,"example: tsfade_retrained_alpha078_beta183_clean
checkpoint: D:\OneDrive - HHU\ML codes\DL-PDE\Linear_fractional\data\models\tsfade_retrained_alpha078_beta183_normalized_tanh\draft-2000-0\best.pkl
candidate equation: D_t^0.73609157 H = -1.132*Hx + 0.3377 D_x^1.695414 H
center orders: alpha0 = 0.7371796, beta0 = 1.7
order update: mode=iterative, iterations=4, converged=True, stop=correction_below_tolerance, selected=3
alpha = 0.73609157, beta = 1.6954137 (status=estimated)
detailed report: C:\Users\54543\AppData\Local\Temp\linear_fractional_results\tsfade_fft_tsfade_retrained_alpha078_beta183_clean_gj_hybrid_taylor_result.txt",
clean,fixed,tsfade_clean,3.0,26.0,5.0,14.0,ok,True,D_t^0.72803685 H = -1.157*Hx + 0.29 D_x^1.7 H,Hx + D_x^1.7 H,0.728036854839124,1.7000000000000002,-1.15730485,0.2900371296,0.0666194,0.0710383,,,195.94582075397796,,0.001,0.005,None,,,2.0,None,2.0,4.0,objective_not_decreased,3.5961238000000004,C:\Users\54543\AppData\Local\Temp\linear_fractional_results\tsfade_fft_tsfade_retrained_alpha078_beta183_clean_gj_hybrid_taylor_result.txt,D:\Miniconda\envs\sr\python.exe main.py --paper-example tsfade_clean --fit-x-min 3 --fit-x-max 26 --fit-t-min 5 --fit-t-max 14,0,"example: tsfade_retrained_alpha078_beta183_clean
checkpoint: D:\OneDrive - HHU\ML codes\DL-PDE\Linear_fractional\data\models\tsfade_retrained_alpha078_beta183_normalized_tanh\draft-2000-0\best.pkl
candidate equation: D_t^0.72803685 H = -1.157*Hx + 0.29 D_x^1.7 H
center orders: alpha0 = 0.72367328, beta0 = 1.85
order update: mode=iterative, iterations=4, converged=False, stop=objective_not_decreased, selected=2
alpha = 0.72803685, beta = 1.7 (status=estimated)
detailed report: C:\Users\54543\AppData\Local\Temp\linear_fractional_results\tsfade_fft_tsfade_retrained_alpha078_beta183_clean_gj_hybrid_taylor_result.txt",
clean,generated,candidate_select_tsfade_clean,3.0,26.0,5.0,14.0,ok,True,D_t^0.72583913 H = -1.167*Hx + 0.2978 D_x^1.660502 H,Hx + D_x^1.660502 H,0.7258391275537258,1.6605017898553327,-1.167348973,0.2978033317,0.069437,0.092622,,,1.1341118989093908,,0.001,0.005,Hx + D_x^beta H,1.0,10.0,2.0,None,4.0,5.0,correction_below_tolerance,7.5620035,C:\Users\54543\AppData\Local\Temp\linear_fractional_results\tsfade_fft_tsfade_retrained_alpha078_beta183_clean_gj_hybrid_taylor_result.txt,D:\Miniconda\envs\sr\python.exe main.py --paper-example candidate_select_tsfade_clean --fit-x-min 3 --fit-x-max 26 --fit-t-min 5 --fit-t-max 14 --generated-top-structures 10,0,"example: tsfade_retrained_alpha078_beta183_clean
checkpoint: D:\OneDrive - HHU\ML codes\DL-PDE\Linear_fractional\data\models\tsfade_retrained_alpha078_beta183_normalized_tanh\draft-2000-0\best.pkl
candidate equation: D_t^0.72583913 H = -1.167*Hx + 0.2978 D_x^1.660502 H
center orders: alpha0 = 0.7263026, beta0 = 1.6650788
order update: mode=iterative, iterations=5, converged=True, stop=correction_below_tolerance, selected=4
alpha = 0.72583913, beta = 1.6605018 (status=estimated)
detailed report: C:\Users\54543\AppData\Local\Temp\linear_fractional_results\tsfade_fft_tsfade_retrained_alpha078_beta183_clean_gj_hybrid_taylor_result.txt",
clean,fixed,tsfade_clean,4.0,26.0,3.0,14.0,ok,True,D_t^0.76384762 H = -1.017*Hx + 0.5044 D_x^1.856593 H,Hx + D_x^1.856593 H,0.7638476163254426,1.8565927667699924,-1.017181611,0.5043652174,0.0207082,0.0145316,,,251.36524409337107,,0.001,0.005,None,,,2.0,None,1.0,3.0,objective_not_decreased,3.1966974,C:\Users\54543\AppData\Local\Temp\linear_fractional_results\tsfade_fft_tsfade_retrained_alpha078_beta183_clean_gj_hybrid_taylor_result.txt,D:\Miniconda\envs\sr\python.exe main.py --paper-example tsfade_clean --fit-x-min 4 --fit-x-max 26 --fit-t-min 3 --fit-t-max 14,0,"example: tsfade_retrained_alpha078_beta183_clean
checkpoint: D:\OneDrive - HHU\ML codes\DL-PDE\Linear_fractional\data\models\tsfade_retrained_alpha078_beta183_normalized_tanh\draft-2000-0\best.pkl
candidate equation: D_t^0.76384762 H = -1.017*Hx + 0.5044 D_x^1.856593 H
center orders: alpha0 = 0.79, beta0 = 2
order update: mode=iterative, iterations=3, converged=False, stop=objective_not_decreased, selected=1
alpha = 0.76384762, beta = 1.8565928 (status=estimated)
detailed report: C:\Users\54543\AppData\Local\Temp\linear_fractional_results\tsfade_fft_tsfade_retrained_alpha078_beta183_clean_gj_hybrid_taylor_result.txt",
clean,generated,candidate_select_tsfade_clean,4.0,26.0,3.0,14.0,ok,True,D_t^0.76384762 H = -1.017*Hx + 0.5044 D_x^1.856593 H,Hx + D_x^1.856593 H,0.7638476163254435,1.8565927667699942,-1.017181611,0.5043652174,0.0207082,0.0145316,,,1.4190260338297858,,0.001,0.005,Hx + D_x^beta H,1.0,10.0,2.0,None,1.0,3.0,objective_not_decreased,8.249568199999999,C:\Users\54543\AppData\Local\Temp\linear_fractional_results\tsfade_fft_tsfade_retrained_alpha078_beta183_clean_gj_hybrid_taylor_result.txt,D:\Miniconda\envs\sr\python.exe main.py --paper-example candidate_select_tsfade_clean --fit-x-min 4 --fit-x-max 26 --fit-t-min 3 --fit-t-max 14 --generated-top-structures 10,0,"example: tsfade_retrained_alpha078_beta183_clean
checkpoint: D:\OneDrive - HHU\ML codes\DL-PDE\Linear_fractional\data\models\tsfade_retrained_alpha078_beta183_normalized_tanh\draft-2000-0\best.pkl
candidate equation: D_t^0.76384762 H = -1.017*Hx + 0.5044 D_x^1.856593 H
center orders: alpha0 = 0.79, beta0 = 2
order update: mode=iterative, iterations=3, converged=False, stop=objective_not_decreased, selected=1
alpha = 0.76384762, beta = 1.8565928 (status=estimated)
detailed report: C:\Users\54543\AppData\Local\Temp\linear_fractional_results\tsfade_fft_tsfade_retrained_alpha078_beta183_clean_gj_hybrid_taylor_result.txt",
clean,fixed,tsfade_clean,4.0,26.0,4.0,14.0,ok,True,D_t^0.74377042 H = -1.086*Hx + 0.3882 D_x^1.85 H,Hx + D_x^1.85 H,0.7437704249163906,1.85,-1.085695729,0.3882144293,0.0464482,0.010929,,,263.4365804100458,,0.001,0.005,None,,,2.0,None,1.0,3.0,objective_not_decreased,4.4587682,C:\Users\54543\AppData\Local\Temp\linear_fractional_results\tsfade_fft_tsfade_retrained_alpha078_beta183_clean_gj_hybrid_taylor_result.txt,D:\Miniconda\envs\sr\python.exe main.py --paper-example tsfade_clean --fit-x-min 4 --fit-x-max 26 --fit-t-min 4 --fit-t-max 14,0,"example: tsfade_retrained_alpha078_beta183_clean
checkpoint: D:\OneDrive - HHU\ML codes\DL-PDE\Linear_fractional\data\models\tsfade_retrained_alpha078_beta183_normalized_tanh\draft-2000-0\best.pkl
candidate equation: D_t^0.74377042 H = -1.086*Hx + 0.3882 D_x^1.85 H
center orders: alpha0 = 0.79, beta0 = 2
order update: mode=iterative, iterations=3, converged=False, stop=objective_not_decreased, selected=1
alpha = 0.74377042, beta = 1.85 (status=estimated)
detailed report: C:\Users\54543\AppData\Local\Temp\linear_fractional_results\tsfade_fft_tsfade_retrained_alpha078_beta183_clean_gj_hybrid_taylor_result.txt",
clean,generated,candidate_select_tsfade_clean,4.0,26.0,4.0,14.0,ok,True,D_t^0.74377042 H = -1.086*Hx + 0.3882 D_x^1.85 H,Hx + D_x^1.85 H,0.743770424916391,1.85,-1.085695729,0.3882144293,0.0464482,0.010929,,,1.3758176158450395,,0.001,0.005,Hx + D_x^beta H,1.0,10.0,2.0,None,1.0,3.0,objective_not_decreased,6.079149699999999,C:\Users\54543\AppData\Local\Temp\linear_fractional_results\tsfade_fft_tsfade_retrained_alpha078_beta183_clean_gj_hybrid_taylor_result.txt,D:\Miniconda\envs\sr\python.exe main.py --paper-example candidate_select_tsfade_clean --fit-x-min 4 --fit-x-max 26 --fit-t-min 4 --fit-t-max 14 --generated-top-structures 10,0,"example: tsfade_retrained_alpha078_beta183_clean
checkpoint: D:\OneDrive - HHU\ML codes\DL-PDE\Linear_fractional\data\models\tsfade_retrained_alpha078_beta183_normalized_tanh\draft-2000-0\best.pkl
candidate equation: D_t^0.74377042 H = -1.086*Hx + 0.3882 D_x^1.85 H
center orders: alpha0 = 0.79, beta0 = 2
order update: mode=iterative, iterations=3, converged=False, stop=objective_not_decreased, selected=1
alpha = 0.74377042, beta = 1.85 (status=estimated)
detailed report: C:\Users\54543\AppData\Local\Temp\linear_fractional_results\tsfade_fft_tsfade_retrained_alpha078_beta183_clean_gj_hybrid_taylor_result.txt",
clean,fixed,tsfade_clean,4.0,26.0,5.0,14.0,ok,True,D_t^0.73276593 H = -1.115*Hx + 0.3631 D_x^1.85 H,Hx + D_x^1.85 H,0.7327659252203792,1.85,-1.115365224,0.3631112267,0.0605565,0.010929,,,280.7607475201721,,0.001,0.005,None,,,2.0,None,1.0,3.0,objective_not_decreased,3.1385099999999997,C:\Users\54543\AppData\Local\Temp\linear_fractional_results\tsfade_fft_tsfade_retrained_alpha078_beta183_clean_gj_hybrid_taylor_result.txt,D:\Miniconda\envs\sr\python.exe main.py --paper-example tsfade_clean --fit-x-min 4 --fit-x-max 26 --fit-t-min 5 --fit-t-max 14,0,"example: tsfade_retrained_alpha078_beta183_clean
checkpoint: D:\OneDrive - HHU\ML codes\DL-PDE\Linear_fractional\data\models\tsfade_retrained_alpha078_beta183_normalized_tanh\draft-2000-0\best.pkl
candidate equation: D_t^0.73276593 H = -1.115*Hx + 0.3631 D_x^1.85 H
center orders: alpha0 = 0.79, beta0 = 2
order update: mode=iterative, iterations=3, converged=False, stop=objective_not_decreased, selected=1
alpha = 0.73276593, beta = 1.85 (status=estimated)
detailed report: C:\Users\54543\AppData\Local\Temp\linear_fractional_results\tsfade_fft_tsfade_retrained_alpha078_beta183_clean_gj_hybrid_taylor_result.txt",
clean,generated,candidate_select_tsfade_clean,4.0,26.0,5.0,14.0,ok,True,D_t^0.72936277 H = -1.155*Hx + 0.3118 D_x^1.677677 H,Hx + D_x^1.677677 H,0.7293627748361052,1.6776766384510422,-1.154962343,0.3118252967,0.0649195,0.0832368,,,1.2006024741459989,,0.001,0.005,Hx + D_x^beta H,1.0,10.0,2.0,None,4.0,5.0,correction_below_tolerance,4.898694099999999,C:\Users\54543\AppData\Local\Temp\linear_fractional_results\tsfade_fft_tsfade_retrained_alpha078_beta183_clean_gj_hybrid_taylor_result.txt,D:\Miniconda\envs\sr\python.exe main.py --paper-example candidate_select_tsfade_clean --fit-x-min 4 --fit-x-max 26 --fit-t-min 5 --fit-t-max 14 --generated-top-structures 10,0,"example: tsfade_retrained_alpha078_beta183_clean
checkpoint: D:\OneDrive - HHU\ML codes\DL-PDE\Linear_fractional\data\models\tsfade_retrained_alpha078_beta183_normalized_tanh\draft-2000-0\best.pkl
candidate equation: D_t^0.72936277 H = -1.155*Hx + 0.3118 D_x^1.677677 H
center orders: alpha0 = 0.72970722, beta0 = 1.6823098
order update: mode=iterative, iterations=5, converged=True, stop=correction_below_tolerance, selected=4
alpha = 0.72936277, beta = 1.6776766 (status=estimated)
detailed report: C:\Users\54543\AppData\Local\Temp\linear_fractional_results\tsfade_fft_tsfade_retrained_alpha078_beta183_clean_gj_hybrid_taylor_result.txt",
clean,fixed,tsfade_clean,5.0,26.0,3.0,14.0,ok,True,D_t^0.74 H = -1.003*Hx + 1.221 D_x^2 H,Hx + D_x^2 H,0.74,2.0,-1.003457921,1.220559144,0.0512821,0.0928962,,,445.58250500632414,,0.001,0.005,None,,,2.0,None,0.0,2.0,objective_not_decreased,2.6414763,C:\Users\54543\AppData\Local\Temp\linear_fractional_results\tsfade_fft_tsfade_retrained_alpha078_beta183_clean_gj_hybrid_taylor_result.txt,D:\Miniconda\envs\sr\python.exe main.py --paper-example tsfade_clean --fit-x-min 5 --fit-x-max 26 --fit-t-min 3 --fit-t-max 14,0,"example: tsfade_retrained_alpha078_beta183_clean
checkpoint: D:\OneDrive - HHU\ML codes\DL-PDE\Linear_fractional\data\models\tsfade_retrained_alpha078_beta183_normalized_tanh\draft-2000-0\best.pkl
candidate equation: D_t^0.74 H = -1.003*Hx + 1.221 D_x^2 H
center orders: alpha0 = 0.99, beta0 = 2
order update: mode=iterative, iterations=2, converged=False, stop=objective_not_decreased, selected=0
alpha = 0.74, beta = 2 (status=estimated)
detailed report: C:\Users\54543\AppData\Local\Temp\linear_fractional_results\tsfade_fft_tsfade_retrained_alpha078_beta183_clean_gj_hybrid_taylor_result.txt",
clean,generated,candidate_select_tsfade_clean,5.0,26.0,3.0,14.0,ok,True,D_t^0.76541067 H = -1.006*Hx + 0.5463 D_x^1.897135 H,Hx + D_x^1.897135 H,0.7654106747354011,1.8971352466031122,-1.006089658,0.5463185086,0.0187043,0.0366859,,,1.400656492211723,,0.001,0.005,Hx + D_x^beta H,1.0,10.0,2.0,None,1.0,3.0,objective_not_decreased,4.0623106,C:\Users\54543\AppData\Local\Temp\linear_fractional_results\tsfade_fft_tsfade_retrained_alpha078_beta183_clean_gj_hybrid_taylor_result.txt,D:\Miniconda\envs\sr\python.exe main.py --paper-example candidate_select_tsfade_clean --fit-x-min 5 --fit-x-max 26 --fit-t-min 3 --fit-t-max 14 --generated-top-structures 10,0,"example: tsfade_retrained_alpha078_beta183_clean
checkpoint: D:\OneDrive - HHU\ML codes\DL-PDE\Linear_fractional\data\models\tsfade_retrained_alpha078_beta183_normalized_tanh\draft-2000-0\best.pkl
candidate equation: D_t^0.76541067 H = -1.006*Hx + 0.5463 D_x^1.897135 H
center orders: alpha0 = 0.79, beta0 = 2
order update: mode=iterative, iterations=3, converged=False, stop=objective_not_decreased, selected=1
alpha = 0.76541067, beta = 1.8971352 (status=estimated)
detailed report: C:\Users\54543\AppData\Local\Temp\linear_fractional_results\tsfade_fft_tsfade_retrained_alpha078_beta183_clean_gj_hybrid_taylor_result.txt",
clean,fixed,tsfade_clean,5.0,26.0,4.0,14.0,ok,True,D_t^0.74 H = -1.117*Hx + 1.176 D_x^2 H,Hx + D_x^2 H,0.74,2.0,-1.117098812,1.175521713,0.0512821,0.0928962,,,479.7048948695708,,0.001,0.005,None,,,2.0,None,0.0,2.0,objective_not_decreased,2.6064651000000003,C:\Users\54543\AppData\Local\Temp\linear_fractional_results\tsfade_fft_tsfade_retrained_alpha078_beta183_clean_gj_hybrid_taylor_result.txt,D:\Miniconda\envs\sr\python.exe main.py --paper-example tsfade_clean --fit-x-min 5 --fit-x-max 26 --fit-t-min 4 --fit-t-max 14,0,"example: tsfade_retrained_alpha078_beta183_clean
checkpoint: D:\OneDrive - HHU\ML codes\DL-PDE\Linear_fractional\data\models\tsfade_retrained_alpha078_beta183_normalized_tanh\draft-2000-0\best.pkl
candidate equation: D_t^0.74 H = -1.117*Hx + 1.176 D_x^2 H
center orders: alpha0 = 0.99, beta0 = 2
order update: mode=iterative, iterations=2, converged=False, stop=objective_not_decreased, selected=0
alpha = 0.74, beta = 2 (status=estimated)
detailed report: C:\Users\54543\AppData\Local\Temp\linear_fractional_results\tsfade_fft_tsfade_retrained_alpha078_beta183_clean_gj_hybrid_taylor_result.txt",
clean,generated,candidate_select_tsfade_clean,5.0,26.0,4.0,14.0,ok,True,D_t^0.74751384 H = -1.068*Hx + 0.4381 D_x^1.85 H,Hx + D_x^1.85 H,0.7475138378502574,1.85,-1.067635334,0.438051424,0.0416489,0.010929,,,1.380903278802076,,0.001,0.005,Hx + D_x^beta H,1.0,10.0,2.0,None,1.0,3.0,objective_not_decreased,3.2371375,C:\Users\54543\AppData\Local\Temp\linear_fractional_results\tsfade_fft_tsfade_retrained_alpha078_beta183_clean_gj_hybrid_taylor_result.txt,D:\Miniconda\envs\sr\python.exe main.py --paper-example candidate_select_tsfade_clean --fit-x-min 5 --fit-x-max 26 --fit-t-min 4 --fit-t-max 14 --generated-top-structures 10,0,"example: tsfade_retrained_alpha078_beta183_clean
checkpoint: D:\OneDrive - HHU\ML codes\DL-PDE\Linear_fractional\data\models\tsfade_retrained_alpha078_beta183_normalized_tanh\draft-2000-0\best.pkl
candidate equation: D_t^0.74751384 H = -1.068*Hx + 0.4381 D_x^1.85 H
center orders: alpha0 = 0.79, beta0 = 2
order update: mode=iterative, iterations=3, converged=False, stop=objective_not_decreased, selected=1
alpha = 0.74751384, beta = 1.85 (status=estimated)
detailed report: C:\Users\54543\AppData\Local\Temp\linear_fractional_results\tsfade_fft_tsfade_retrained_alpha078_beta183_clean_gj_hybrid_taylor_result.txt",
clean,fixed,tsfade_clean,5.0,26.0,5.0,14.0,ok,True,D_t^0.74 H = -1.174*Hx + 1.204 D_x^2 H,Hx + D_x^2 H,0.74,2.0,-1.174083413,1.204338185,0.0512821,0.0928962,,,520.8359775772622,,0.001,0.005,None,,,2.0,None,0.0,2.0,objective_not_decreased,2.2876896,C:\Users\54543\AppData\Local\Temp\linear_fractional_results\tsfade_fft_tsfade_retrained_alpha078_beta183_clean_gj_hybrid_taylor_result.txt,D:\Miniconda\envs\sr\python.exe main.py --paper-example tsfade_clean --fit-x-min 5 --fit-x-max 26 --fit-t-min 5 --fit-t-max 14,0,"example: tsfade_retrained_alpha078_beta183_clean
checkpoint: D:\OneDrive - HHU\ML codes\DL-PDE\Linear_fractional\data\models\tsfade_retrained_alpha078_beta183_normalized_tanh\draft-2000-0\best.pkl
candidate equation: D_t^0.74 H = -1.174*Hx + 1.204 D_x^2 H
center orders: alpha0 = 0.99, beta0 = 2
order update: mode=iterative, iterations=2, converged=False, stop=objective_not_decreased, selected=0
alpha = 0.74, beta = 2 (status=estimated)
detailed report: C:\Users\54543\AppData\Local\Temp\linear_fractional_results\tsfade_fft_tsfade_retrained_alpha078_beta183_clean_gj_hybrid_taylor_result.txt",
clean,generated,candidate_select_tsfade_clean,5.0,26.0,5.0,14.0,ok,True,D_t^0.73891621 H = -1.086*Hx + 0.4425 D_x^1.85 H,Hx + D_x^1.85 H,0.7389162095383128,1.85,-1.086080587,0.4424766993,0.0526715,0.010929,,,1.4192700484196905,,0.001,0.005,Hx + D_x^beta H,1.0,10.0,2.0,None,1.0,3.0,objective_not_decreased,4.1159203,C:\Users\54543\AppData\Local\Temp\linear_fractional_results\tsfade_fft_tsfade_retrained_alpha078_beta183_clean_gj_hybrid_taylor_result.txt,D:\Miniconda\envs\sr\python.exe main.py --paper-example candidate_select_tsfade_clean --fit-x-min 5 --fit-x-max 26 --fit-t-min 5 --fit-t-max 14 --generated-top-structures 10,0,"example: tsfade_retrained_alpha078_beta183_clean
checkpoint: D:\OneDrive - HHU\ML codes\DL-PDE\Linear_fractional\data\models\tsfade_retrained_alpha078_beta183_normalized_tanh\draft-2000-0\best.pkl
candidate equation: D_t^0.73891621 H = -1.086*Hx + 0.4425 D_x^1.85 H
center orders: alpha0 = 0.79, beta0 = 2
order update: mode=iterative, iterations=3, converged=False, stop=objective_not_decreased, selected=1
alpha = 0.73891621, beta = 1.85 (status=estimated)
detailed report: C:\Users\54543\AppData\Local\Temp\linear_fractional_results\tsfade_fft_tsfade_retrained_alpha078_beta183_clean_gj_hybrid_taylor_result.txt",
5%,fixed,tsfade_noise5,3.0,26.0,3.0,14.0,ok,True,D_t^0.75060948 H = -1.068*Hx + 0.387 D_x^1.85 H,Hx + D_x^1.85 H,0.7506094833845941,1.85,-1.067883259,0.3870433057,0.0376801,0.010929,,,159.7626557212504,,0.001,0.005,None,,,2.0,None,1.0,3.0,objective_not_decreased,2.8673969,C:\Users\54543\AppData\Local\Temp\linear_fractional_results\tsfade_fft_tsfade_retrained_alpha078_beta183_noise5_gj_hybrid_taylor_result.txt,D:\Miniconda\envs\sr\python.exe main.py --paper-example tsfade_noise5 --fit-x-min 3 --fit-x-max 26 --fit-t-min 3 --fit-t-max 14,0,"example: tsfade_retrained_alpha078_beta183_noise5
checkpoint: D:\OneDrive - HHU\ML codes\DL-PDE\Linear_fractional\data\models\tsfade_retrained_alpha078_beta183_normalized_tanh\draft-2000-5\best.pkl
candidate equation: D_t^0.75060948 H = -1.068*Hx + 0.387 D_x^1.85 H
center orders: alpha0 = 0.79, beta0 = 2
order update: mode=iterative, iterations=3, converged=False, stop=objective_not_decreased, selected=1
alpha = 0.75060948, beta = 1.85 (status=estimated)
detailed report: C:\Users\54543\AppData\Local\Temp\linear_fractional_results\tsfade_fft_tsfade_retrained_alpha078_beta183_noise5_gj_hybrid_taylor_result.txt",
5%,generated,candidate_select_tsfade_noise5,3.0,26.0,3.0,14.0,ok,True,D_t^0.74951627 H = -1.084*Hx + 0.3939 D_x^1.740657 H,Hx + D_x^1.740657 H,0.7495162727820518,1.7406570327766775,-1.083831331,0.3939221367,0.0390817,0.0488213,,,1.2770298453755426,,0.001,0.005,Hx + D_x^beta H,1.0,10.0,2.0,None,3.0,5.0,objective_not_decreased,6.5728754,C:\Users\54543\AppData\Local\Temp\linear_fractional_results\tsfade_fft_tsfade_retrained_alpha078_beta183_noise5_gj_hybrid_taylor_result.txt,D:\Miniconda\envs\sr\python.exe main.py --paper-example candidate_select_tsfade_noise5 --fit-x-min 3 --fit-x-max 26 --fit-t-min 3 --fit-t-max 14 --generated-top-structures 10,0,"example: tsfade_retrained_alpha078_beta183_noise5
checkpoint: D:\OneDrive - HHU\ML codes\DL-PDE\Linear_fractional\data\models\tsfade_retrained_alpha078_beta183_normalized_tanh\draft-2000-5\best.pkl
candidate equation: D_t^0.74951627 H = -1.084*Hx + 0.3939 D_x^1.740657 H
center orders: alpha0 = 0.74983856, beta0 = 1.7332009
order update: mode=iterative, iterations=5, converged=False, stop=objective_not_decreased, selected=3
alpha = 0.74951627, beta = 1.740657 (status=estimated)
detailed report: C:\Users\54543\AppData\Local\Temp\linear_fractional_results\tsfade_fft_tsfade_retrained_alpha078_beta183_noise5_gj_hybrid_taylor_result.txt",
5%,fixed,tsfade_noise5,3.0,26.0,4.0,14.0,ok,True,D_t^0.72338863 H = -1.182*Hx + 0.2459 D_x^1.696386 H,Hx + D_x^1.696386 H,0.7233886316942539,1.6963863677181983,-1.181571929,0.2459033735,0.0725787,0.0730129,,,181.01203863775004,,0.001,0.005,None,,,2.0,None,2.0,4.0,objective_not_decreased,3.6867371,C:\Users\54543\AppData\Local\Temp\linear_fractional_results\tsfade_fft_tsfade_retrained_alpha078_beta183_noise5_gj_hybrid_taylor_result.txt,D:\Miniconda\envs\sr\python.exe main.py --paper-example tsfade_noise5 --fit-x-min 3 --fit-x-max 26 --fit-t-min 4 --fit-t-max 14,0,"example: tsfade_retrained_alpha078_beta183_noise5
checkpoint: D:\OneDrive - HHU\ML codes\DL-PDE\Linear_fractional\data\models\tsfade_retrained_alpha078_beta183_normalized_tanh\draft-2000-5\best.pkl
candidate equation: D_t^0.72338863 H = -1.182*Hx + 0.2459 D_x^1.696386 H
center orders: alpha0 = 0.72118308, beta0 = 1.8463864
order update: mode=iterative, iterations=4, converged=False, stop=objective_not_decreased, selected=2
alpha = 0.72338863, beta = 1.6963864 (status=estimated)
detailed report: C:\Users\54543\AppData\Local\Temp\linear_fractional_results\tsfade_fft_tsfade_retrained_alpha078_beta183_noise5_gj_hybrid_taylor_result.txt",
5%,generated,candidate_select_tsfade_noise5,3.0,26.0,4.0,14.0,ok,True,D_t^0.72322383 H = -1.179*Hx + 0.2982 D_x^1.627135 H,Hx + D_x^1.627135 H,0.7232238276468838,1.6271345945236066,-1.178581088,0.2982080537,0.07279,0.110855,,,1.065998629920087,,0.001,0.005,Hx + D_x^beta H,1.0,10.0,2.0,None,4.0,6.0,objective_not_decreased,8.483290799999999,C:\Users\54543\AppData\Local\Temp\linear_fractional_results\tsfade_fft_tsfade_retrained_alpha078_beta183_noise5_gj_hybrid_taylor_result.txt,D:\Miniconda\envs\sr\python.exe main.py --paper-example candidate_select_tsfade_noise5 --fit-x-min 3 --fit-x-max 26 --fit-t-min 4 --fit-t-max 14 --generated-top-structures 10,0,"example: tsfade_retrained_alpha078_beta183_noise5
checkpoint: D:\OneDrive - HHU\ML codes\DL-PDE\Linear_fractional\data\models\tsfade_retrained_alpha078_beta183_normalized_tanh\draft-2000-5\best.pkl
candidate equation: D_t^0.72322383 H = -1.179*Hx + 0.2982 D_x^1.627135 H
center orders: alpha0 = 0.72340538, beta0 = 1.6181894
order update: mode=iterative, iterations=6, converged=False, stop=objective_not_decreased, selected=4
alpha = 0.72322383, beta = 1.6271346 (status=estimated)
detailed report: C:\Users\54543\AppData\Local\Temp\linear_fractional_results\tsfade_fft_tsfade_retrained_alpha078_beta183_noise5_gj_hybrid_taylor_result.txt",
5%,fixed,tsfade_noise5,3.0,26.0,5.0,14.0,ok,True,D_t^0.68982083 H = -1.27*Hx + 0.1577 D_x^1.7 H,Hx + D_x^1.7 H,0.6898208340366793,1.7000000000000002,-1.270104607,0.1577056467,0.115614,0.0710383,,,191.04954003069787,,0.001,0.005,None,,,2.0,None,1.0,3.0,objective_not_decreased,3.2052557999999998,C:\Users\54543\AppData\Local\Temp\linear_fractional_results\tsfade_fft_tsfade_retrained_alpha078_beta183_noise5_gj_hybrid_taylor_result.txt,D:\Miniconda\envs\sr\python.exe main.py --paper-example tsfade_noise5 --fit-x-min 3 --fit-x-max 26 --fit-t-min 5 --fit-t-max 14,0,"example: tsfade_retrained_alpha078_beta183_noise5
checkpoint: D:\OneDrive - HHU\ML codes\DL-PDE\Linear_fractional\data\models\tsfade_retrained_alpha078_beta183_normalized_tanh\draft-2000-5\best.pkl
candidate equation: D_t^0.68982083 H = -1.27*Hx + 0.1577 D_x^1.7 H
center orders: alpha0 = 0.79, beta0 = 1.85
order update: mode=iterative, iterations=3, converged=False, stop=objective_not_decreased, selected=1
alpha = 0.68982083, beta = 1.7 (status=estimated)
detailed report: C:\Users\54543\AppData\Local\Temp\linear_fractional_results\tsfade_fft_tsfade_retrained_alpha078_beta183_noise5_gj_hybrid_taylor_result.txt",
5%,generated,candidate_select_tsfade_noise5,3.0,26.0,5.0,14.0,ok,True,D_t^0.70684307 H = -1.24*Hx + 0.2389 D_x^1.547033 H,Hx + D_x^1.547033 H,0.7068430731998729,1.54703302276532,-1.239774518,0.2388747176,0.0937909,0.154627,,,1.0086548569566558,,0.001,0.005,Hx + D_x^beta H,1.0,10.0,2.0,None,4.0,5.0,correction_below_tolerance,6.2600434,C:\Users\54543\AppData\Local\Temp\linear_fractional_results\tsfade_fft_tsfade_retrained_alpha078_beta183_noise5_gj_hybrid_taylor_result.txt,D:\Miniconda\envs\sr\python.exe main.py --paper-example candidate_select_tsfade_noise5 --fit-x-min 3 --fit-x-max 26 --fit-t-min 5 --fit-t-max 14 --generated-top-structures 10,0,"example: tsfade_retrained_alpha078_beta183_noise5
checkpoint: D:\OneDrive - HHU\ML codes\DL-PDE\Linear_fractional\data\models\tsfade_retrained_alpha078_beta183_normalized_tanh\draft-2000-5\best.pkl
candidate equation: D_t^0.70684307 H = -1.24*Hx + 0.2389 D_x^1.547033 H
center orders: alpha0 = 0.70714906, beta0 = 1.55
order update: mode=iterative, iterations=5, converged=True, stop=correction_below_tolerance, selected=4
alpha = 0.70684307, beta = 1.547033 (status=estimated)
detailed report: C:\Users\54543\AppData\Local\Temp\linear_fractional_results\tsfade_fft_tsfade_retrained_alpha078_beta183_noise5_gj_hybrid_taylor_result.txt",
5%,fixed,tsfade_noise5,4.0,26.0,3.0,14.0,ok,True,D_t^0.75728043 H = -1.03*Hx + 0.5146 D_x^1.863028 H,Hx + D_x^1.863028 H,0.7572804261725519,1.8630281213495024,-1.030411749,0.5145733512,0.0291277,0.0180482,,,269.08574054418574,,0.001,0.005,None,,,2.0,None,1.0,3.0,objective_not_decreased,2.8467992,C:\Users\54543\AppData\Local\Temp\linear_fractional_results\tsfade_fft_tsfade_retrained_alpha078_beta183_noise5_gj_hybrid_taylor_result.txt,D:\Miniconda\envs\sr\python.exe main.py --paper-example tsfade_noise5 --fit-x-min 4 --fit-x-max 26 --fit-t-min 3 --fit-t-max 14,0,"example: tsfade_retrained_alpha078_beta183_noise5
checkpoint: D:\OneDrive - HHU\ML codes\DL-PDE\Linear_fractional\data\models\tsfade_retrained_alpha078_beta183_normalized_tanh\draft-2000-5\best.pkl
candidate equation: D_t^0.75728043 H = -1.03*Hx + 0.5146 D_x^1.863028 H
center orders: alpha0 = 0.79, beta0 = 2
order update: mode=iterative, iterations=3, converged=False, stop=objective_not_decreased, selected=1
alpha = 0.75728043, beta = 1.8630281 (status=estimated)
detailed report: C:\Users\54543\AppData\Local\Temp\linear_fractional_results\tsfade_fft_tsfade_retrained_alpha078_beta183_noise5_gj_hybrid_taylor_result.txt",
5%,generated,candidate_select_tsfade_noise5,4.0,26.0,3.0,14.0,ok,True,D_t^0.75728043 H = -1.03*Hx + 0.5146 D_x^1.863028 H,Hx + D_x^1.863028 H,0.7572804261725519,1.8630281213495041,-1.030411749,0.5145733512,0.0291277,0.0180482,,,1.466782988108419,,0.001,0.005,Hx + D_x^beta H,1.0,10.0,2.0,None,1.0,3.0,objective_not_decreased,7.0747176000000005,C:\Users\54543\AppData\Local\Temp\linear_fractional_results\tsfade_fft_tsfade_retrained_alpha078_beta183_noise5_gj_hybrid_taylor_result.txt,D:\Miniconda\envs\sr\python.exe main.py --paper-example candidate_select_tsfade_noise5 --fit-x-min 4 --fit-x-max 26 --fit-t-min 3 --fit-t-max 14 --generated-top-structures 10,0,"example: tsfade_retrained_alpha078_beta183_noise5
checkpoint: D:\OneDrive - HHU\ML codes\DL-PDE\Linear_fractional\data\models\tsfade_retrained_alpha078_beta183_normalized_tanh\draft-2000-5\best.pkl
candidate equation: D_t^0.75728043 H = -1.03*Hx + 0.5146 D_x^1.863028 H
center orders: alpha0 = 0.79, beta0 = 2
order update: mode=iterative, iterations=3, converged=False, stop=objective_not_decreased, selected=1
alpha = 0.75728043, beta = 1.8630281 (status=estimated)
detailed report: C:\Users\54543\AppData\Local\Temp\linear_fractional_results\tsfade_fft_tsfade_retrained_alpha078_beta183_noise5_gj_hybrid_taylor_result.txt",
5%,fixed,tsfade_noise5,4.0,26.0,4.0,14.0,ok,True,D_t^0.72850359 H = -1.13*Hx + 0.341 D_x^1.85 H,Hx + D_x^1.85 H,0.7285035912865592,1.85,-1.129609379,0.341000728,0.066021,0.010929,,,280.9541630841087,,0.001,0.005,None,,,2.0,None,1.0,3.0,objective_not_decreased,3.0629292,C:\Users\54543\AppData\Local\Temp\linear_fractional_results\tsfade_fft_tsfade_retrained_alpha078_beta183_noise5_gj_hybrid_taylor_result.txt,D:\Miniconda\envs\sr\python.exe main.py --paper-example tsfade_noise5 --fit-x-min 4 --fit-x-max 26 --fit-t-min 4 --fit-t-max 14,0,"example: tsfade_retrained_alpha078_beta183_noise5
checkpoint: D:\OneDrive - HHU\ML codes\DL-PDE\Linear_fractional\data\models\tsfade_retrained_alpha078_beta183_normalized_tanh\draft-2000-5\best.pkl
candidate equation: D_t^0.72850359 H = -1.13*Hx + 0.341 D_x^1.85 H
center orders: alpha0 = 0.79, beta0 = 2
order update: mode=iterative, iterations=3, converged=False, stop=objective_not_decreased, selected=1
alpha = 0.72850359, beta = 1.85 (status=estimated)
detailed report: C:\Users\54543\AppData\Local\Temp\linear_fractional_results\tsfade_fft_tsfade_retrained_alpha078_beta183_noise5_gj_hybrid_taylor_result.txt",
5%,generated,candidate_select_tsfade_noise5,4.0,26.0,4.0,14.0,ok,True,D_t^0.72177171 H = -1.186*Hx + 0.2898 D_x^1.610356 H,Hx + D_x^1.610356 H,0.7217717069622018,1.6103557653361964,-1.185801992,0.2897568114,0.0746517,0.120024,,,1.072283262193757,,0.001,0.005,Hx + D_x^beta H,1.0,10.0,2.0,None,4.0,6.0,objective_not_decreased,6.453489299999999,C:\Users\54543\AppData\Local\Temp\linear_fractional_results\tsfade_fft_tsfade_retrained_alpha078_beta183_noise5_gj_hybrid_taylor_result.txt,D:\Miniconda\envs\sr\python.exe main.py --paper-example candidate_select_tsfade_noise5 --fit-x-min 4 --fit-x-max 26 --fit-t-min 4 --fit-t-max 14 --generated-top-structures 10,0,"example: tsfade_retrained_alpha078_beta183_noise5
checkpoint: D:\OneDrive - HHU\ML codes\DL-PDE\Linear_fractional\data\models\tsfade_retrained_alpha078_beta183_normalized_tanh\draft-2000-5\best.pkl
candidate equation: D_t^0.72177171 H = -1.186*Hx + 0.2898 D_x^1.610356 H
center orders: alpha0 = 0.72229181, beta0 = 1.5990452
order update: mode=iterative, iterations=6, converged=False, stop=objective_not_decreased, selected=4
alpha = 0.72177171, beta = 1.6103558 (status=estimated)
detailed report: C:\Users\54543\AppData\Local\Temp\linear_fractional_results\tsfade_fft_tsfade_retrained_alpha078_beta183_noise5_gj_hybrid_taylor_result.txt",
5%,fixed,tsfade_noise5,4.0,26.0,5.0,14.0,ok,True,D_t^0.74 H = -1.21*Hx + 1.121 D_x^2 H,Hx + D_x^2 H,0.74,2.0,-1.210062216,1.120971172,0.0512821,0.0928962,,,312.454389559476,,0.001,0.005,None,,,2.0,None,0.0,2.0,objective_not_decreased,2.3999735,C:\Users\54543\AppData\Local\Temp\linear_fractional_results\tsfade_fft_tsfade_retrained_alpha078_beta183_noise5_gj_hybrid_taylor_result.txt,D:\Miniconda\envs\sr\python.exe main.py --paper-example tsfade_noise5 --fit-x-min 4 --fit-x-max 26 --fit-t-min 5 --fit-t-max 14,0,"example: tsfade_retrained_alpha078_beta183_noise5
checkpoint: D:\OneDrive - HHU\ML codes\DL-PDE\Linear_fractional\data\models\tsfade_retrained_alpha078_beta183_normalized_tanh\draft-2000-5\best.pkl
candidate equation: D_t^0.74 H = -1.21*Hx + 1.121 D_x^2 H
center orders: alpha0 = 0.99, beta0 = 2
order update: mode=iterative, iterations=2, converged=False, stop=objective_not_decreased, selected=0
alpha = 0.74, beta = 2 (status=estimated)
detailed report: C:\Users\54543\AppData\Local\Temp\linear_fractional_results\tsfade_fft_tsfade_retrained_alpha078_beta183_noise5_gj_hybrid_taylor_result.txt",
5%,generated,candidate_select_tsfade_noise5,4.0,26.0,5.0,14.0,ok,True,D_t^0.7060686 H = -1.243*Hx + 0.2357 D_x^1.539621 H,Hx + D_x^1.539621 H,0.7060686024543477,1.5396206334901834,-1.243193446,0.2356988114,0.0947838,0.158677,,,1.0388574605903877,,0.001,0.005,Hx + D_x^beta H,1.0,10.0,2.0,None,6.0,7.0,correction_below_tolerance,6.8494334,C:\Users\54543\AppData\Local\Temp\linear_fractional_results\tsfade_fft_tsfade_retrained_alpha078_beta183_noise5_gj_hybrid_taylor_result.txt,D:\Miniconda\envs\sr\python.exe main.py --paper-example candidate_select_tsfade_noise5 --fit-x-min 4 --fit-x-max 26 --fit-t-min 5 --fit-t-max 14 --generated-top-structures 10,0,"example: tsfade_retrained_alpha078_beta183_noise5
checkpoint: D:\OneDrive - HHU\ML codes\DL-PDE\Linear_fractional\data\models\tsfade_retrained_alpha078_beta183_normalized_tanh\draft-2000-5\best.pkl
candidate equation: D_t^0.7060686 H = -1.243*Hx + 0.2357 D_x^1.539621 H
center orders: alpha0 = 0.70612516, beta0 = 1.5403684
order update: mode=iterative, iterations=7, converged=True, stop=correction_below_tolerance, selected=6
alpha = 0.7060686, beta = 1.5396206 (status=estimated)
detailed report: C:\Users\54543\AppData\Local\Temp\linear_fractional_results\tsfade_fft_tsfade_retrained_alpha078_beta183_noise5_gj_hybrid_taylor_result.txt",
5%,fixed,tsfade_noise5,5.0,26.0,3.0,14.0,ok,True,D_t^0.75996362 H = -1.005*Hx + 0.6176 D_x^1.95537 H,Hx + D_x^1.95537 H,0.7599636179384183,1.9553704095910807,-1.005284305,0.617629807,0.0256877,0.0685084,,,477.7867883865084,,0.001,0.005,None,,,2.0,None,1.0,3.0,objective_not_decreased,3.2470232,C:\Users\54543\AppData\Local\Temp\linear_fractional_results\tsfade_fft_tsfade_retrained_alpha078_beta183_noise5_gj_hybrid_taylor_result.txt,D:\Miniconda\envs\sr\python.exe main.py --paper-example tsfade_noise5 --fit-x-min 5 --fit-x-max 26 --fit-t-min 3 --fit-t-max 14,0,"example: tsfade_retrained_alpha078_beta183_noise5
checkpoint: D:\OneDrive - HHU\ML codes\DL-PDE\Linear_fractional\data\models\tsfade_retrained_alpha078_beta183_normalized_tanh\draft-2000-5\best.pkl
candidate equation: D_t^0.75996362 H = -1.005*Hx + 0.6176 D_x^1.95537 H
center orders: alpha0 = 0.79, beta0 = 2
order update: mode=iterative, iterations=3, converged=False, stop=objective_not_decreased, selected=1
alpha = 0.75996362, beta = 1.9553704 (status=estimated)
detailed report: C:\Users\54543\AppData\Local\Temp\linear_fractional_results\tsfade_fft_tsfade_retrained_alpha078_beta183_noise5_gj_hybrid_taylor_result.txt",
5%,generated,candidate_select_tsfade_noise5,5.0,26.0,3.0,14.0,ok,True,D_t^0.75996362 H = -1.005*Hx + 0.6176 D_x^1.95537 H,Hx + D_x^1.95537 H,0.75996361793842,1.9553704095910807,-1.005284305,0.617629807,0.0256877,0.0685084,,,1.4078496810187762,,0.001,0.005,Hx + D_x^beta H,1.0,10.0,2.0,None,1.0,3.0,objective_not_decreased,4.0850126,C:\Users\54543\AppData\Local\Temp\linear_fractional_results\tsfade_fft_tsfade_retrained_alpha078_beta183_noise5_gj_hybrid_taylor_result.txt,D:\Miniconda\envs\sr\python.exe main.py --paper-example candidate_select_tsfade_noise5 --fit-x-min 5 --fit-x-max 26 --fit-t-min 3 --fit-t-max 14 --generated-top-structures 10,0,"example: tsfade_retrained_alpha078_beta183_noise5
checkpoint: D:\OneDrive - HHU\ML codes\DL-PDE\Linear_fractional\data\models\tsfade_retrained_alpha078_beta183_normalized_tanh\draft-2000-5\best.pkl
candidate equation: D_t^0.75996362 H = -1.005*Hx + 0.6176 D_x^1.95537 H
center orders: alpha0 = 0.79, beta0 = 2
order update: mode=iterative, iterations=3, converged=False, stop=objective_not_decreased, selected=1
alpha = 0.75996362, beta = 1.9553704 (status=estimated)
detailed report: C:\Users\54543\AppData\Local\Temp\linear_fractional_results\tsfade_fft_tsfade_retrained_alpha078_beta183_noise5_gj_hybrid_taylor_result.txt",
5%,fixed,tsfade_noise5,5.0,26.0,4.0,14.0,ok,True,D_t^0.74 H = -1.118*Hx + 1.33 D_x^2 H,Hx + D_x^2 H,0.74,2.0,-1.118029598,1.330264042,0.0512821,0.0928962,,,520.3897583668858,,0.001,0.005,None,,,2.0,None,0.0,2.0,objective_not_decreased,2.4031523999999997,C:\Users\54543\AppData\Local\Temp\linear_fractional_results\tsfade_fft_tsfade_retrained_alpha078_beta183_noise5_gj_hybrid_taylor_result.txt,D:\Miniconda\envs\sr\python.exe main.py --paper-example tsfade_noise5 --fit-x-min 5 --fit-x-max 26 --fit-t-min 4 --fit-t-max 14,0,"example: tsfade_retrained_alpha078_beta183_noise5
checkpoint: D:\OneDrive - HHU\ML codes\DL-PDE\Linear_fractional\data\models\tsfade_retrained_alpha078_beta183_normalized_tanh\draft-2000-5\best.pkl
candidate equation: D_t^0.74 H = -1.118*Hx + 1.33 D_x^2 H
center orders: alpha0 = 0.99, beta0 = 2
order update: mode=iterative, iterations=2, converged=False, stop=objective_not_decreased, selected=0
alpha = 0.74, beta = 2 (status=estimated)
detailed report: C:\Users\54543\AppData\Local\Temp\linear_fractional_results\tsfade_fft_tsfade_retrained_alpha078_beta183_noise5_gj_hybrid_taylor_result.txt",
5%,generated,candidate_select_tsfade_noise5,5.0,26.0,4.0,14.0,ok,True,D_t^0.73338907 H = -1.096*Hx + 0.461 D_x^1.85 H,Hx + D_x^1.85 H,0.7333890650274711,1.85,-1.095774159,0.4609989934,0.0597576,0.010929,,,1.3509932297322442,,0.001,0.005,Hx + D_x^beta H,1.0,10.0,2.0,None,1.0,3.0,objective_not_decreased,4.7498136,C:\Users\54543\AppData\Local\Temp\linear_fractional_results\tsfade_fft_tsfade_retrained_alpha078_beta183_noise5_gj_hybrid_taylor_result.txt,D:\Miniconda\envs\sr\python.exe main.py --paper-example candidate_select_tsfade_noise5 --fit-x-min 5 --fit-x-max 26 --fit-t-min 4 --fit-t-max 14 --generated-top-structures 10,0,"example: tsfade_retrained_alpha078_beta183_noise5
checkpoint: D:\OneDrive - HHU\ML codes\DL-PDE\Linear_fractional\data\models\tsfade_retrained_alpha078_beta183_normalized_tanh\draft-2000-5\best.pkl
candidate equation: D_t^0.73338907 H = -1.096*Hx + 0.461 D_x^1.85 H
center orders: alpha0 = 0.79, beta0 = 2
order update: mode=iterative, iterations=3, converged=False, stop=objective_not_decreased, selected=1
alpha = 0.73338907, beta = 1.85 (status=estimated)
detailed report: C:\Users\54543\AppData\Local\Temp\linear_fractional_results\tsfade_fft_tsfade_retrained_alpha078_beta183_noise5_gj_hybrid_taylor_result.txt",
5%,fixed,tsfade_noise5,5.0,26.0,5.0,14.0,ok,True,D_t^0.71290268 H = -1.154*Hx + 0.4026 D_x^1.85 H,Hx + D_x^1.85 H,0.7129026772580995,1.85,-1.153708867,0.4026477833,0.0860222,0.010929,,,545.8637600436836,,0.001,0.005,None,,,2.0,None,1.0,3.0,objective_not_decreased,2.8479485999999996,C:\Users\54543\AppData\Local\Temp\linear_fractional_results\tsfade_fft_tsfade_retrained_alpha078_beta183_noise5_gj_hybrid_taylor_result.txt,D:\Miniconda\envs\sr\python.exe main.py --paper-example tsfade_noise5 --fit-x-min 5 --fit-x-max 26 --fit-t-min 5 --fit-t-max 14,0,"example: tsfade_retrained_alpha078_beta183_noise5
checkpoint: D:\OneDrive - HHU\ML codes\DL-PDE\Linear_fractional\data\models\tsfade_retrained_alpha078_beta183_normalized_tanh\draft-2000-5\best.pkl
candidate equation: D_t^0.71290268 H = -1.154*Hx + 0.4026 D_x^1.85 H
center orders: alpha0 = 0.79, beta0 = 2
order update: mode=iterative, iterations=3, converged=False, stop=objective_not_decreased, selected=1
alpha = 0.71290268, beta = 1.85 (status=estimated)
detailed report: C:\Users\54543\AppData\Local\Temp\linear_fractional_results\tsfade_fft_tsfade_retrained_alpha078_beta183_noise5_gj_hybrid_taylor_result.txt",
5%,generated,candidate_select_tsfade_noise5,5.0,26.0,5.0,14.0,ok,True,D_t^0.71290268 H = -1.154*Hx + 0.4026 D_x^1.85 H,Hx + D_x^1.85 H,0.7129026772581011,1.85,-1.153708867,0.4026477833,0.0860222,0.010929,,,1.35335275412343,,0.001,0.005,Hx + D_x^beta H,1.0,10.0,2.0,None,1.0,3.0,objective_not_decreased,4.6145903,C:\Users\54543\AppData\Local\Temp\linear_fractional_results\tsfade_fft_tsfade_retrained_alpha078_beta183_noise5_gj_hybrid_taylor_result.txt,D:\Miniconda\envs\sr\python.exe main.py --paper-example candidate_select_tsfade_noise5 --fit-x-min 5 --fit-x-max 26 --fit-t-min 5 --fit-t-max 14 --generated-top-structures 10,0,"example: tsfade_retrained_alpha078_beta183_noise5
checkpoint: D:\OneDrive - HHU\ML codes\DL-PDE\Linear_fractional\data\models\tsfade_retrained_alpha078_beta183_normalized_tanh\draft-2000-5\best.pkl
candidate equation: D_t^0.71290268 H = -1.154*Hx + 0.4026 D_x^1.85 H
center orders: alpha0 = 0.79, beta0 = 2
order update: mode=iterative, iterations=3, converged=False, stop=objective_not_decreased, selected=1
alpha = 0.71290268, beta = 1.85 (status=estimated)
detailed report: C:\Users\54543\AppData\Local\Temp\linear_fractional_results\tsfade_fft_tsfade_retrained_alpha078_beta183_noise5_gj_hybrid_taylor_result.txt",
25%,fixed,tsfade_noise25,3.0,28.0,3.0,14.0,ok,True,D_t^0.71318241 H = -1.203*Hx + -0.01794 D_x^2 H,Hx + D_x^2 H,0.7131824082717761,2.0,-1.203130705,-0.01794021535,0.0856636,0.0928962,,,528.9482803603549,,0.004,0.006,None,,,2.0,None,1.0,3.0,objective_not_decreased,2.8531820000000003,C:\Users\54543\AppData\Local\Temp\linear_fractional_results\tsfade_fft_tsfade_retrained_alpha078_beta183_noise25_gj_hybrid_taylor_result.txt,D:\Miniconda\envs\sr\python.exe main.py --paper-example tsfade_noise25 --fit-x-min 3 --fit-x-max 28 --fit-t-min 3 --fit-t-max 14,0,"example: tsfade_retrained_alpha078_beta183_noise25
checkpoint: D:\OneDrive - HHU\ML codes\DL-PDE\Linear_fractional\data\models\tsfade_retrained_alpha078_beta183_normalized_tanh\draft-2000-25\best.pkl
candidate equation: D_t^0.71318241 H = -1.203*Hx + -0.01794 D_x^2 H
center orders: alpha0 = 0.79, beta0 = 1.85
order update: mode=iterative, iterations=3, converged=False, stop=objective_not_decreased, selected=1
alpha = 0.71318241, beta = 2 (status=estimated)
detailed report: C:\Users\54543\AppData\Local\Temp\linear_fractional_results\tsfade_fft_tsfade_retrained_alpha078_beta183_noise25_gj_hybrid_taylor_result.txt",
25%,generated,candidate_select_tsfade_noise25,3.0,28.0,3.0,14.0,ok,True,D_t^0.73236955 H = -1.137*Hx + 0.2047 D_x^1.508879 H,Hx + D_x^1.508879 H,0.732369548007095,1.508879037100644,-1.136886692,0.2046759901,0.0610647,0.175476,,,1.4111252231608735,,0.001,0.006,Hx + D_x^beta H,1.0,10.0,1.7,"(2.0, 1.8, 1.7)",11.0,5.0,objective_not_decreased,13.2955424,C:\Users\54543\AppData\Local\Temp\linear_fractional_results\tsfade_fft_tsfade_retrained_alpha078_beta183_noise25_gj_hybrid_taylor_result.txt,D:\Miniconda\envs\sr\python.exe main.py --paper-example candidate_select_tsfade_noise25 --fit-x-min 3 --fit-x-max 28 --fit-t-min 3 --fit-t-max 14 --generated-top-structures 10,0,"example: tsfade_retrained_alpha078_beta183_noise25
checkpoint: D:\OneDrive - HHU\ML codes\DL-PDE\Linear_fractional\data\models\tsfade_retrained_alpha078_beta183_normalized_tanh\draft-2000-25\best.pkl
candidate equation: D_t^0.73236955 H = -1.137*Hx + 0.2047 D_x^1.508879 H
center orders: alpha0 = 0.73009192, beta0 = 1.5
order update: mode=iterative, iterations=5, converged=False, stop=objective_not_decreased, selected=11
alpha = 0.73236955, beta = 1.508879 (status=estimated)
detailed report: C:\Users\54543\AppData\Local\Temp\linear_fractional_results\tsfade_fft_tsfade_retrained_alpha078_beta183_noise25_gj_hybrid_taylor_result.txt",
25%,fixed,tsfade_noise25,3.0,28.0,4.0,14.0,ok,True,D_t^0.69713403 H = -1.277*Hx + -0.2794 D_x^2 H,Hx + D_x^2 H,0.6971340256291321,2.0,-1.277462473,-0.279386318,0.106238,0.0928962,,,498.9150105770731,,0.004,0.006,None,,,2.0,None,3.0,4.0,correction_below_tolerance,3.1506775,C:\Users\54543\AppData\Local\Temp\linear_fractional_results\tsfade_fft_tsfade_retrained_alpha078_beta183_noise25_gj_hybrid_taylor_result.txt,D:\Miniconda\envs\sr\python.exe main.py --paper-example tsfade_noise25 --fit-x-min 3 --fit-x-max 28 --fit-t-min 4 --fit-t-max 14,0,"example: tsfade_retrained_alpha078_beta183_noise25
checkpoint: D:\OneDrive - HHU\ML codes\DL-PDE\Linear_fractional\data\models\tsfade_retrained_alpha078_beta183_normalized_tanh\draft-2000-25\best.pkl
candidate equation: D_t^0.69713403 H = -1.277*Hx + -0.2794 D_x^2 H
center orders: alpha0 = 0.69588734, beta0 = 2
order update: mode=iterative, iterations=4, converged=True, stop=correction_below_tolerance, selected=3
alpha = 0.69713403, beta = 2 (status=estimated)
detailed report: C:\Users\54543\AppData\Local\Temp\linear_fractional_results\tsfade_fft_tsfade_retrained_alpha078_beta183_noise25_gj_hybrid_taylor_result.txt",
25%,generated,candidate_select_tsfade_noise25,3.0,28.0,4.0,14.0,ok,True,D_t^0.71658669 H = -1.185*Hx + 0.1769 D_x^1.5 H,Hx + D_x^1.5 H,0.7165866914878238,1.5,-1.185400999,0.1768759688,0.0812991,0.180328,,,1.167981082906958,,0.001,0.006,Hx + D_x^beta H,1.0,10.0,1.8,"(2.0, 1.8, 1.7)",6.0,4.0,correction_below_tolerance,11.5380912,C:\Users\54543\AppData\Local\Temp\linear_fractional_results\tsfade_fft_tsfade_retrained_alpha078_beta183_noise25_gj_hybrid_taylor_result.txt,D:\Miniconda\envs\sr\python.exe main.py --paper-example candidate_select_tsfade_noise25 --fit-x-min 3 --fit-x-max 28 --fit-t-min 4 --fit-t-max 14 --generated-top-structures 10,0,"example: tsfade_retrained_alpha078_beta183_noise25
checkpoint: D:\OneDrive - HHU\ML codes\DL-PDE\Linear_fractional\data\models\tsfade_retrained_alpha078_beta183_normalized_tanh\draft-2000-25\best.pkl
candidate equation: D_t^0.71658669 H = -1.185*Hx + 0.1769 D_x^1.5 H
center orders: alpha0 = 0.71414947, beta0 = 1.5
order update: mode=iterative, iterations=4, converged=True, stop=correction_below_tolerance, selected=6
alpha = 0.71658669, beta = 1.5 (status=estimated)
detailed report: C:\Users\54543\AppData\Local\Temp\linear_fractional_results\tsfade_fft_tsfade_retrained_alpha078_beta183_noise25_gj_hybrid_taylor_result.txt",
25%,fixed,tsfade_noise25,3.0,28.0,5.0,14.0,ok,True,D_t^0.67830598 H = -1.351*Hx + -0.3989 D_x^2 H,Hx + D_x^2 H,0.678305976919403,2.0,-1.350854684,-0.3989168311,0.130377,0.0928962,,,525.819265864998,,0.004,0.006,None,,,2.0,None,3.0,4.0,correction_below_tolerance,4.0170147,C:\Users\54543\AppData\Local\Temp\linear_fractional_results\tsfade_fft_tsfade_retrained_alpha078_beta183_noise25_gj_hybrid_taylor_result.txt,D:\Miniconda\envs\sr\python.exe main.py --paper-example tsfade_noise25 --fit-x-min 3 --fit-x-max 28 --fit-t-min 5 --fit-t-max 14,0,"example: tsfade_retrained_alpha078_beta183_noise25
checkpoint: D:\OneDrive - HHU\ML codes\DL-PDE\Linear_fractional\data\models\tsfade_retrained_alpha078_beta183_normalized_tanh\draft-2000-25\best.pkl
candidate equation: D_t^0.67830598 H = -1.351*Hx + -0.3989 D_x^2 H
center orders: alpha0 = 0.67621261, beta0 = 2
order update: mode=iterative, iterations=4, converged=True, stop=correction_below_tolerance, selected=3
alpha = 0.67830598, beta = 2 (status=estimated)
detailed report: C:\Users\54543\AppData\Local\Temp\linear_fractional_results\tsfade_fft_tsfade_retrained_alpha078_beta183_noise25_gj_hybrid_taylor_result.txt",
25%,generated,candidate_select_tsfade_noise25,3.0,28.0,5.0,14.0,ok,True,D_t^0.70456883 H = -1.225*Hx + 0.1508 D_x^1.5 H,Hx + D_x^1.5 H,0.7045688324740538,1.5,-1.225291096,0.1508267926,0.0967066,0.180328,,,1.0960184121956966,,0.001,0.006,Hx + D_x^beta H,1.0,10.0,1.7,"(2.0, 1.8, 1.7)",10.0,5.0,correction_below_tolerance,14.800523499999999,C:\Users\54543\AppData\Local\Temp\linear_fractional_results\tsfade_fft_tsfade_retrained_alpha078_beta183_noise25_gj_hybrid_taylor_result.txt,D:\Miniconda\envs\sr\python.exe main.py --paper-example candidate_select_tsfade_noise25 --fit-x-min 3 --fit-x-max 28 --fit-t-min 5 --fit-t-max 14 --generated-top-structures 10,0,"example: tsfade_retrained_alpha078_beta183_noise25
checkpoint: D:\OneDrive - HHU\ML codes\DL-PDE\Linear_fractional\data\models\tsfade_retrained_alpha078_beta183_normalized_tanh\draft-2000-25\best.pkl
candidate equation: D_t^0.70456883 H = -1.225*Hx + 0.1508 D_x^1.5 H
center orders: alpha0 = 0.70420292, beta0 = 1.5
order update: mode=iterative, iterations=5, converged=True, stop=correction_below_tolerance, selected=10
alpha = 0.70456883, beta = 1.5 (status=estimated)
detailed report: C:\Users\54543\AppData\Local\Temp\linear_fractional_results\tsfade_fft_tsfade_retrained_alpha078_beta183_noise25_gj_hybrid_taylor_result.txt",
25%,fixed,tsfade_noise25,4.0,28.0,3.0,14.0,ok,True,D_t^0.73715764 H = -1.126*Hx + 0.0155 D_x^1.836467 H,Hx + D_x^1.836467 H,0.7371576358287036,1.836467090774261,-1.125557877,0.01550355888,0.0549261,0.00353393,,,679.9979246209796,,0.004,0.006,None,,,2.0,None,1.0,3.0,objective_not_decreased,3.5375302,C:\Users\54543\AppData\Local\Temp\linear_fractional_results\tsfade_fft_tsfade_retrained_alpha078_beta183_noise25_gj_hybrid_taylor_result.txt,D:\Miniconda\envs\sr\python.exe main.py --paper-example tsfade_noise25 --fit-x-min 4 --fit-x-max 28 --fit-t-min 3 --fit-t-max 14,0,"example: tsfade_retrained_alpha078_beta183_noise25
checkpoint: D:\OneDrive - HHU\ML codes\DL-PDE\Linear_fractional\data\models\tsfade_retrained_alpha078_beta183_normalized_tanh\draft-2000-25\best.pkl
candidate equation: D_t^0.73715764 H = -1.126*Hx + 0.0155 D_x^1.836467 H
center orders: alpha0 = 0.79, beta0 = 1.9864671
order update: mode=iterative, iterations=3, converged=False, stop=objective_not_decreased, selected=1
alpha = 0.73715764, beta = 1.8364671 (status=estimated)
detailed report: C:\Users\54543\AppData\Local\Temp\linear_fractional_results\tsfade_fft_tsfade_retrained_alpha078_beta183_noise25_gj_hybrid_taylor_result.txt",
25%,generated,candidate_select_tsfade_noise25,4.0,28.0,3.0,14.0,ok,True,D_t^0.74307975 H = -1.105*Hx + 0.2337 D_x^1.555637 H,Hx + D_x^1.555637 H,0.7430797460575985,1.5556365401139436,-1.104939391,0.2336541625,0.0473337,0.149925,,,1.2106284845557704,,0.001,0.006,Hx + D_x^beta H,1.0,10.0,1.7,"(2.0, 1.8, 1.7)",10.0,5.0,objective_not_decreased,14.4643602,C:\Users\54543\AppData\Local\Temp\linear_fractional_results\tsfade_fft_tsfade_retrained_alpha078_beta183_noise25_gj_hybrid_taylor_result.txt,D:\Miniconda\envs\sr\python.exe main.py --paper-example candidate_select_tsfade_noise25 --fit-x-min 4 --fit-x-max 28 --fit-t-min 3 --fit-t-max 14 --generated-top-structures 10,0,"example: tsfade_retrained_alpha078_beta183_noise25
checkpoint: D:\OneDrive - HHU\ML codes\DL-PDE\Linear_fractional\data\models\tsfade_retrained_alpha078_beta183_normalized_tanh\draft-2000-25\best.pkl
candidate equation: D_t^0.74307975 H = -1.105*Hx + 0.2337 D_x^1.555637 H
center orders: alpha0 = 0.73854079, beta0 = 1.5
order update: mode=iterative, iterations=5, converged=False, stop=objective_not_decreased, selected=10
alpha = 0.74307975, beta = 1.5556365 (status=estimated)
detailed report: C:\Users\54543\AppData\Local\Temp\linear_fractional_results\tsfade_fft_tsfade_retrained_alpha078_beta183_noise25_gj_hybrid_taylor_result.txt",
25%,fixed,tsfade_noise25,4.0,28.0,4.0,14.0,ok,True,D_t^0.70740423 H = -1.25*Hx + -0.2489 D_x^2 H,Hx + D_x^2 H,0.7074042292337275,2.0,-1.249608565,-0.2489481205,0.0930715,0.0928962,,,687.0415524550741,,0.004,0.006,None,,,2.0,None,3.0,4.0,correction_below_tolerance,3.5301302000000003,C:\Users\54543\AppData\Local\Temp\linear_fractional_results\tsfade_fft_tsfade_retrained_alpha078_beta183_noise25_gj_hybrid_taylor_result.txt,D:\Miniconda\envs\sr\python.exe main.py --paper-example tsfade_noise25 --fit-x-min 4 --fit-x-max 28 --fit-t-min 4 --fit-t-max 14,0,"example: tsfade_retrained_alpha078_beta183_noise25
checkpoint: D:\OneDrive - HHU\ML codes\DL-PDE\Linear_fractional\data\models\tsfade_retrained_alpha078_beta183_normalized_tanh\draft-2000-25\best.pkl
candidate equation: D_t^0.70740423 H = -1.25*Hx + -0.2489 D_x^2 H
center orders: alpha0 = 0.70614277, beta0 = 2
order update: mode=iterative, iterations=4, converged=True, stop=correction_below_tolerance, selected=3
alpha = 0.70740423, beta = 2 (status=estimated)
detailed report: C:\Users\54543\AppData\Local\Temp\linear_fractional_results\tsfade_fft_tsfade_retrained_alpha078_beta183_noise25_gj_hybrid_taylor_result.txt",
25%,generated,candidate_select_tsfade_noise25,4.0,28.0,4.0,14.0,ok,True,D_t^0.72750232 H = -1.151*Hx + 0.2098 D_x^1.54615 H,Hx + D_x^1.54615 H,0.7275023201832922,1.5461502736897526,-1.150785796,0.2098295791,0.0673047,0.155109,,,1.0867087034812584,,0.001,0.006,Hx + D_x^beta H,1.0,10.0,1.8,"(2.0, 1.8, 1.7)",6.0,5.0,objective_not_decreased,13.1930765,C:\Users\54543\AppData\Local\Temp\linear_fractional_results\tsfade_fft_tsfade_retrained_alpha078_beta183_noise25_gj_hybrid_taylor_result.txt,D:\Miniconda\envs\sr\python.exe main.py --paper-example candidate_select_tsfade_noise25 --fit-x-min 4 --fit-x-max 28 --fit-t-min 4 --fit-t-max 14 --generated-top-structures 10,0,"example: tsfade_retrained_alpha078_beta183_noise25
checkpoint: D:\OneDrive - HHU\ML codes\DL-PDE\Linear_fractional\data\models\tsfade_retrained_alpha078_beta183_normalized_tanh\draft-2000-25\best.pkl
candidate equation: D_t^0.72750232 H = -1.151*Hx + 0.2098 D_x^1.54615 H
center orders: alpha0 = 0.72551687, beta0 = 1.5302462
order update: mode=iterative, iterations=5, converged=False, stop=objective_not_decreased, selected=6
alpha = 0.72750232, beta = 1.5461503 (status=estimated)
detailed report: C:\Users\54543\AppData\Local\Temp\linear_fractional_results\tsfade_fft_tsfade_retrained_alpha078_beta183_noise25_gj_hybrid_taylor_result.txt",
25%,fixed,tsfade_noise25,4.0,28.0,5.0,14.0,ok,True,D_t^0.68697179 H = -1.33*Hx + -0.3926 D_x^2 H,Hx + D_x^2 H,0.6869717943593814,2.0,-1.329846137,-0.392558598,0.119267,0.0928962,,,705.7819241898003,,0.004,0.006,None,,,2.0,None,3.0,4.0,correction_below_tolerance,3.0652805,C:\Users\54543\AppData\Local\Temp\linear_fractional_results\tsfade_fft_tsfade_retrained_alpha078_beta183_noise25_gj_hybrid_taylor_result.txt,D:\Miniconda\envs\sr\python.exe main.py --paper-example tsfade_noise25 --fit-x-min 4 --fit-x-max 28 --fit-t-min 5 --fit-t-max 14,0,"example: tsfade_retrained_alpha078_beta183_noise25
checkpoint: D:\OneDrive - HHU\ML codes\DL-PDE\Linear_fractional\data\models\tsfade_retrained_alpha078_beta183_normalized_tanh\draft-2000-25\best.pkl
candidate equation: D_t^0.68697179 H = -1.33*Hx + -0.3926 D_x^2 H
center orders: alpha0 = 0.68538824, beta0 = 2
order update: mode=iterative, iterations=4, converged=True, stop=correction_below_tolerance, selected=3
alpha = 0.68697179, beta = 2 (status=estimated)
detailed report: C:\Users\54543\AppData\Local\Temp\linear_fractional_results\tsfade_fft_tsfade_retrained_alpha078_beta183_noise25_gj_hybrid_taylor_result.txt",
25%,generated,candidate_select_tsfade_noise25,4.0,28.0,5.0,14.0,ok,True,D_t^0.71486745 H = -1.189*Hx + 0.1884 D_x^1.532801 H,Hx + D_x^1.532801 H,0.714867453528721,1.5328010547223425,-1.188816649,0.1883541084,0.0835033,0.162404,,,0.9531300002056721,,0.001,0.006,Hx + D_x^beta H,1.0,10.0,1.7,"(2.0, 1.8, 1.7)",9.0,4.0,objective_not_decreased,11.660669,C:\Users\54543\AppData\Local\Temp\linear_fractional_results\tsfade_fft_tsfade_retrained_alpha078_beta183_noise25_gj_hybrid_taylor_result.txt,D:\Miniconda\envs\sr\python.exe main.py --paper-example candidate_select_tsfade_noise25 --fit-x-min 4 --fit-x-max 28 --fit-t-min 5 --fit-t-max 14 --generated-top-structures 10,0,"example: tsfade_retrained_alpha078_beta183_noise25
checkpoint: D:\OneDrive - HHU\ML codes\DL-PDE\Linear_fractional\data\models\tsfade_retrained_alpha078_beta183_normalized_tanh\draft-2000-25\best.pkl
candidate equation: D_t^0.71486745 H = -1.189*Hx + 0.1884 D_x^1.532801 H
center orders: alpha0 = 0.69686341, beta0 = 1.5
order update: mode=iterative, iterations=4, converged=False, stop=objective_not_decreased, selected=9
alpha = 0.71486745, beta = 1.5328011 (status=estimated)
detailed report: C:\Users\54543\AppData\Local\Temp\linear_fractional_results\tsfade_fft_tsfade_retrained_alpha078_beta183_noise25_gj_hybrid_taylor_result.txt",
25%,fixed,tsfade_noise25,5.0,28.0,3.0,14.0,ok,True,D_t^0.74936352 H = -1.088*Hx + 0.08802 D_x^1.830813 H,Hx + D_x^1.830813 H,0.7493635245663292,1.8308132599223916,-1.08805783,0.08802051354,0.0392775,0.000444404,,,1033.6242741995197,,0.004,0.006,None,,,2.0,None,1.0,3.0,objective_not_decreased,3.2119665,C:\Users\54543\AppData\Local\Temp\linear_fractional_results\tsfade_fft_tsfade_retrained_alpha078_beta183_noise25_gj_hybrid_taylor_result.txt,D:\Miniconda\envs\sr\python.exe main.py --paper-example tsfade_noise25 --fit-x-min 5 --fit-x-max 28 --fit-t-min 3 --fit-t-max 14,0,"example: tsfade_retrained_alpha078_beta183_noise25
checkpoint: D:\OneDrive - HHU\ML codes\DL-PDE\Linear_fractional\data\models\tsfade_retrained_alpha078_beta183_normalized_tanh\draft-2000-25\best.pkl
candidate equation: D_t^0.74936352 H = -1.088*Hx + 0.08802 D_x^1.830813 H
center orders: alpha0 = 0.79, beta0 = 1.9808133
order update: mode=iterative, iterations=3, converged=False, stop=objective_not_decreased, selected=1
alpha = 0.74936352, beta = 1.8308133 (status=estimated)
detailed report: C:\Users\54543\AppData\Local\Temp\linear_fractional_results\tsfade_fft_tsfade_retrained_alpha078_beta183_noise25_gj_hybrid_taylor_result.txt",
25%,generated,candidate_select_tsfade_noise25,5.0,28.0,3.0,14.0,ok,True,D_t^0.75063291 H = -1.08*Hx + 0.2596 D_x^1.598097 H,Hx + D_x^1.598097 H,0.7506329120237095,1.598096972479376,-1.079696156,0.2595691979,0.0376501,0.126723,,,1.1157112160240144,,0.001,0.006,Hx + D_x^beta H,1.0,10.0,2.0,"(2.0, 1.8, 1.7)",4.0,6.0,objective_not_decreased,17.2055996,C:\Users\54543\AppData\Local\Temp\linear_fractional_results\tsfade_fft_tsfade_retrained_alpha078_beta183_noise25_gj_hybrid_taylor_result.txt,D:\Miniconda\envs\sr\python.exe main.py --paper-example candidate_select_tsfade_noise25 --fit-x-min 5 --fit-x-max 28 --fit-t-min 3 --fit-t-max 14 --generated-top-structures 10,0,"example: tsfade_retrained_alpha078_beta183_noise25
checkpoint: D:\OneDrive - HHU\ML codes\DL-PDE\Linear_fractional\data\models\tsfade_retrained_alpha078_beta183_normalized_tanh\draft-2000-25\best.pkl
candidate equation: D_t^0.75063291 H = -1.08*Hx + 0.2596 D_x^1.598097 H
center orders: alpha0 = 0.74349311, beta0 = 1.5308133
order update: mode=iterative, iterations=6, converged=False, stop=objective_not_decreased, selected=4
alpha = 0.75063291, beta = 1.598097 (status=estimated)
detailed report: C:\Users\54543\AppData\Local\Temp\linear_fractional_results\tsfade_fft_tsfade_retrained_alpha078_beta183_noise25_gj_hybrid_taylor_result.txt",
25%,fixed,tsfade_noise25,5.0,28.0,4.0,14.0,ok,True,D_t^0.74 H = -1.083*Hx + 0.5391 D_x^1.872057 H,Hx + D_x^1.872057 H,0.74,1.8720567001344683,-1.082575886,0.5391036995,0.0512821,0.0229818,,,1051.8580756323574,,0.004,0.006,None,,,2.0,None,0.0,2.0,objective_not_decreased,2.718034,C:\Users\54543\AppData\Local\Temp\linear_fractional_results\tsfade_fft_tsfade_retrained_alpha078_beta183_noise25_gj_hybrid_taylor_result.txt,D:\Miniconda\envs\sr\python.exe main.py --paper-example tsfade_noise25 --fit-x-min 5 --fit-x-max 28 --fit-t-min 4 --fit-t-max 14,0,"example: tsfade_retrained_alpha078_beta183_noise25
checkpoint: D:\OneDrive - HHU\ML codes\DL-PDE\Linear_fractional\data\models\tsfade_retrained_alpha078_beta183_normalized_tanh\draft-2000-25\best.pkl
candidate equation: D_t^0.74 H = -1.083*Hx + 0.5391 D_x^1.872057 H
center orders: alpha0 = 0.99, beta0 = 2
order update: mode=iterative, iterations=2, converged=False, stop=objective_not_decreased, selected=0
alpha = 0.74, beta = 1.8720567 (status=estimated)
detailed report: C:\Users\54543\AppData\Local\Temp\linear_fractional_results\tsfade_fft_tsfade_retrained_alpha078_beta183_noise25_gj_hybrid_taylor_result.txt",
25%,generated,candidate_select_tsfade_noise25,5.0,28.0,4.0,14.0,ok,True,D_t^0.73640562 H = -1.116*Hx + 0.2429 D_x^1.604131 H,Hx + D_x^1.604131 H,0.736405623152949,1.6041311506970253,-1.116274921,0.2429224891,0.0558902,0.123426,,,0.9731424303475554,,0.001,0.006,Hx + D_x^beta H,1.0,10.0,1.7,"(2.0, 1.8, 1.7)",9.0,5.0,objective_not_decreased,11.1806894,C:\Users\54543\AppData\Local\Temp\linear_fractional_results\tsfade_fft_tsfade_retrained_alpha078_beta183_noise25_gj_hybrid_taylor_result.txt,D:\Miniconda\envs\sr\python.exe main.py --paper-example candidate_select_tsfade_noise25 --fit-x-min 5 --fit-x-max 28 --fit-t-min 4 --fit-t-max 14 --generated-top-structures 10,0,"example: tsfade_retrained_alpha078_beta183_noise25
checkpoint: D:\OneDrive - HHU\ML codes\DL-PDE\Linear_fractional\data\models\tsfade_retrained_alpha078_beta183_normalized_tanh\draft-2000-25\best.pkl
candidate equation: D_t^0.73640562 H = -1.116*Hx + 0.2429 D_x^1.604131 H
center orders: alpha0 = 0.72851655, beta0 = 1.5
order update: mode=iterative, iterations=5, converged=False, stop=objective_not_decreased, selected=9
alpha = 0.73640562, beta = 1.6041312 (status=estimated)
detailed report: C:\Users\54543\AppData\Local\Temp\linear_fractional_results\tsfade_fft_tsfade_retrained_alpha078_beta183_noise25_gj_hybrid_taylor_result.txt",
25%,fixed,tsfade_noise25,5.0,28.0,5.0,14.0,ok,True,D_t^0.69470275 H = -1.305*Hx + -0.3531 D_x^2 H,Hx + D_x^2 H,0.6947027461201513,2.0,-1.304766355,-0.3530613626,0.109355,0.0928962,,,1055.145219083647,,0.004,0.006,None,,,2.0,None,3.0,4.0,correction_below_tolerance,3.1532597,C:\Users\54543\AppData\Local\Temp\linear_fractional_results\tsfade_fft_tsfade_retrained_alpha078_beta183_noise25_gj_hybrid_taylor_result.txt,D:\Miniconda\envs\sr\python.exe main.py --paper-example tsfade_noise25 --fit-x-min 5 --fit-x-max 28 --fit-t-min 5 --fit-t-max 14,0,"example: tsfade_retrained_alpha078_beta183_noise25
checkpoint: D:\OneDrive - HHU\ML codes\DL-PDE\Linear_fractional\data\models\tsfade_retrained_alpha078_beta183_normalized_tanh\draft-2000-25\best.pkl
candidate equation: D_t^0.69470275 H = -1.305*Hx + -0.3531 D_x^2 H
center orders: alpha0 = 0.69311612, beta0 = 2
order update: mode=iterative, iterations=4, converged=True, stop=correction_below_tolerance, selected=3
alpha = 0.69470275, beta = 2 (status=estimated)
detailed report: C:\Users\54543\AppData\Local\Temp\linear_fractional_results\tsfade_fft_tsfade_retrained_alpha078_beta183_noise25_gj_hybrid_taylor_result.txt",
25%,generated,candidate_select_tsfade_noise25,5.0,28.0,5.0,14.0,ok,True,D_t^0.72324902 H = -1.157*Hx + 0.2213 D_x^1.600009 H,Hx + D_x^1.600009 H,0.7232490181099582,1.6000088474583145,-1.157274306,0.2213292232,0.0727577,0.125678,,,0.9084192671544218,,0.001,0.006,Hx + D_x^beta H,1.0,10.0,1.7,"(2.0, 1.8, 1.7)",10.0,5.0,objective_not_decreased,12.6179626,C:\Users\54543\AppData\Local\Temp\linear_fractional_results\tsfade_fft_tsfade_retrained_alpha078_beta183_noise25_gj_hybrid_taylor_result.txt,D:\Miniconda\envs\sr\python.exe main.py --paper-example candidate_select_tsfade_noise25 --fit-x-min 5 --fit-x-max 28 --fit-t-min 5 --fit-t-max 14 --generated-top-structures 10,0,"example: tsfade_retrained_alpha078_beta183_noise25
checkpoint: D:\OneDrive - HHU\ML codes\DL-PDE\Linear_fractional\data\models\tsfade_retrained_alpha078_beta183_normalized_tanh\draft-2000-25\best.pkl
candidate equation: D_t^0.72324902 H = -1.157*Hx + 0.2213 D_x^1.600009 H
center orders: alpha0 = 0.71819159, beta0 = 1.5492956
order update: mode=iterative, iterations=5, converged=False, stop=objective_not_decreased, selected=10
alpha = 0.72324902, beta = 1.6000088 (status=estimated)
detailed report: C:\Users\54543\AppData\Local\Temp\linear_fractional_results\tsfade_fft_tsfade_retrained_alpha078_beta183_noise25_gj_hybrid_taylor_result.txt",
