paper_example,noise_label,method,status,support_correct,support_reason,equation,support,alpha,beta,coef_hx,coef_dbeta,true_alpha,true_beta,alpha_relative_error,beta_relative_error,candidate_search,generated_structure,generated_raw_structure,generated_normalized_from,generated_structure_has_fractional,generated_structure_rank,generated_prior_score,generated_complexity_score,generated_structure_objective_penalty,generated_structure_count,refit_mode,physical_refit,nonlinear_refit_success,nonlinear_refit_cost,nonlinear_refit_nfev,nonlinear_refit_status,nonlinear_refit_message,order_update_mode,iteration_count,iteration_converged,iteration_stop_reason,iteration_selected_index,objective,augmented_stridge_objective_raw,sparsity_lamb,d_tol,fit_window_config,runtime_seconds,report_path,report_copy_note,command,coefficients,trace_summary,returncode,stdout_tail,stderr_tail
candidate_select_tsfade_clean,clean,eqgpt_style_generated_iterative_none_refit,ok,True,support is exactly Hx plus one spatial fractional term,D_t^0.76384762 H = -1.017*Hx + 0.5044 D_x^1.856593 H,Hx + D_x^1.856593 H,0.7638476163254435,1.8565927667699942,-1.017181611,0.5043652174,0.78,1.83,0.0207082,0.0145316,generated,Hx + D_x^beta H,Hx + Hxx,"('Hxx -> D_x^beta H',)",True,1.0,5.75,2.5,-0.0003749999999999999,1.0,none,False,,,,None,None,iterative,3.0,False,objective_not_decreased,1.0,1.3511510338297856,1.3515260338297856,0.001,0.005,"(4.0, 26.0, 3.0, 14.0)",2.8288764,D:\OneDrive - HHU\ML codes\DL-PDE\Linear_fractional\results\candidate_select\candidate_select_tsfade_clean_report.txt,,D:\Miniconda\envs\sr\python.exe main.py --paper-example candidate_select_tsfade_clean,"{""D_x^1.856593 H"": 0.5043652174, ""Hx"": -1.017181611}","{""first"": {""active_count_for_loss"": ""4"", ""active_lamb_sum"": ""0.004"", ""alpha0"": ""0.99"", ""alpha_next"": ""0.79"", ""beta0"": ""2"", ""beta_next"": ""2"", ""complexity_penalty"": ""0.24982486"", ""condition"": ""62.456216"", ""delta_alpha"": ""-0.25"", ""delta_alpha_raw"": ""-0.32218677"", ""delta_beta"": ""0"", ""delta_beta_raw"": ""0.1486307"", ""delta_beta_used"": ""0"", ""iter"": ""0"", ""mse"": ""0.00075966518"", ""objective"": ""1.4533236"", ""physical_refit_condition_penalty"": ""0.24982486"", ""raw_mse"": ""0.00075966518"", ""regularized_objective"": ""1.4533236"", ""status"": ""estimated"", ""support"": ""Hx+D_x^2 H"", ""tolerance"": ""0.024477583"", ""validation_residual_norm"": ""1.2038738""}, ""last"": {""active_count_for_loss"": ""4"", ""active_lamb_sum"": ""0.004"", ""alpha0"": ""0.76384762"", ""alpha_next"": ""0.76060425"", ""beta0"": ""1.8565928"", ""beta_next"": ""1.8540238"", ""complexity_penalty"": ""0.41907422"", ""condition"": ""104.76855"", ""delta_alpha"": ""-0.0032433666"", ""delta_alpha_raw"": ""-0.0032433666"", ""delta_beta"": ""-0.0025690032"", ""delta_beta_raw"": ""-0.0025690032"", ""delta_beta_used"": ""-0.0025690032"", ""iter"": ""2"", ""mse"": ""0.00047114666"", ""objective"": ""1.3682022"", ""physical_refit_condition_penalty"": ""0.41907422"", ""raw_mse"": ""0.00047114666"", ""regularized_objective"": ""1.3682022"", ""status"": ""estimated"", ""support"": ""Hx+D_x^1.854024 H"", ""tolerance"": ""0.009497324"", ""validation_residual_norm"": ""0.94950303""}, ""row_count"": 3}",0,"example: tsfade_retrained_alpha078_beta183_clean
checkpoint: D:\OneDrive - HHU\ML codes\DL-PDE\Linear_fractional\data\models\tsfade_retrained_alpha078_beta183_normalized_tanh\draft-2000-0\best.pkl
candidate equation: D_t^0.76384762 H = -1.017*Hx + 0.5044 D_x^1.856593 H
center orders: alpha0 = 0.79, beta0 = 2
order update: mode=iterative, iterations=3, converged=False, stop=objective_not_decreased, selected=1
alpha = 0.76384762, beta = 1.8565928 (status=estimated)
detailed report: D:\OneDrive - HHU\ML codes\DL-PDE\Linear_fractional\results\tsfade_fft_tsfade_retrained_alpha078_beta183_clean_gj_hybrid_taylor_result.txt",
candidate_select_tsfade_noise5,5%,eqgpt_style_generated_iterative_none_refit,ok,True,support is exactly Hx plus one spatial fractional term,D_t^0.75728043 H = -1.03*Hx + 0.5146 D_x^1.863028 H,Hx + D_x^1.863028 H,0.7572804261725519,1.8630281213495041,-1.030411749,0.5145733512,0.78,1.83,0.0291277,0.0180482,generated,Hx + D_x^beta H,Hx + Hxx,"('Hxx -> D_x^beta H',)",True,1.0,5.75,2.5,-0.0003749999999999999,1.0,none,False,,,,None,None,iterative,3.0,False,objective_not_decreased,1.0,1.398907988108419,1.399282988108419,0.001,0.005,"(4.0, 26.0, 3.0, 14.0)",3.0242386,D:\OneDrive - HHU\ML codes\DL-PDE\Linear_fractional\results\candidate_select\candidate_select_tsfade_noise5_report.txt,,D:\Miniconda\envs\sr\python.exe main.py --paper-example candidate_select_tsfade_noise5,"{""D_x^1.863028 H"": 0.5145733512, ""Hx"": -1.030411749}","{""first"": {""active_count_for_loss"": ""4"", ""active_lamb_sum"": ""0.004"", ""alpha0"": ""0.99"", ""alpha_next"": ""0.79"", ""beta0"": ""2"", ""beta_next"": ""2"", ""complexity_penalty"": ""0.25447977"", ""condition"": ""63.619942"", ""delta_alpha"": ""-0.25"", ""delta_alpha_raw"": ""-0.31773121"", ""delta_beta"": ""0"", ""delta_beta_raw"": ""0.16732276"", ""delta_beta_used"": ""0"", ""iter"": ""0"", ""mse"": ""0.00089814993"", ""objective"": ""1.5622371"", ""physical_refit_condition_penalty"": ""0.25447977"", ""raw_mse"": ""0.00089814993"", ""regularized_objective"": ""1.5622371"", ""status"": ""estimated"", ""support"": ""Hx+D_x^2 H"", ""tolerance"": ""8.1690525e-14"", ""validation_residual_norm"": ""1.3081323""}, ""last"": {""active_count_for_loss"": ""4"", ""active_lamb_sum"": ""0.004"", ""alpha0"": ""0.75728043"", ""alpha_next"": ""0.75277214"", ""beta0"": ""1.8630281"", ""beta_next"": ""1.8362645"", ""complexity_penalty"": ""0.42159485"", ""condition"": ""105.39871"", ""delta_alpha"": ""-0.0045082879"", ""delta_alpha_raw"": ""-0.0045082879"", ""delta_beta"": ""-0.026763658"", ""delta_beta_raw"": ""-0.026763658"", ""delta_beta_used"": ""-0.026763658"", ""iter"": ""2"", ""mse"": ""0.00052028722"", ""objective"": ""1.4289957"", ""physical_refit_condition_penalty"": ""0.42159485"", ""raw_mse"": ""0.00052028722"", ""regularized_objective"": ""1.4289957"", ""status"": ""estimated"", ""support"": ""Hx+D_x^1.836264 H"", ""tolerance"": ""0.014471248"", ""validation_residual_norm"": ""1.0077759""}, ""row_count"": 3}",0,"example: tsfade_retrained_alpha078_beta183_noise5
checkpoint: D:\OneDrive - HHU\ML codes\DL-PDE\Linear_fractional\data\models\tsfade_retrained_alpha078_beta183_normalized_tanh\draft-2000-5\best.pkl
candidate equation: D_t^0.75728043 H = -1.03*Hx + 0.5146 D_x^1.863028 H
center orders: alpha0 = 0.79, beta0 = 2
order update: mode=iterative, iterations=3, converged=False, stop=objective_not_decreased, selected=1
alpha = 0.75728043, beta = 1.8630281 (status=estimated)
detailed report: D:\OneDrive - HHU\ML codes\DL-PDE\Linear_fractional\results\tsfade_fft_tsfade_retrained_alpha078_beta183_noise5_gj_hybrid_taylor_result.txt",
candidate_select_tsfade_noise25,25%,eqgpt_style_generated_iterative_none_refit,ok,True,support is exactly Hx plus one spatial fractional term,D_t^0.81940165 H = -0.8689*Hx + 0.4879 D_x^1.846983 H,Hx + D_x^1.846983 H,0.8194016464212486,1.8469825610078963,-0.8688835738,0.4878500225,0.78,1.83,0.0505149,0.00928009,generated,Hx + D_x^beta H,Hx + Hxx,"('Hxx -> D_x^beta H',)",True,1.0,5.75,2.5,-0.0003749999999999999,1.0,none,False,,,,None,None,iterative,3.0,False,objective_not_decreased,1.0,1.9050628293026166,1.9054378293026166,0.001,0.006,"(4.0, 28.0, 1.0, 14.0)",3.3038912,D:\OneDrive - HHU\ML codes\DL-PDE\Linear_fractional\results\candidate_select\candidate_select_tsfade_noise25_report.txt,,D:\Miniconda\envs\sr\python.exe main.py --paper-example candidate_select_tsfade_noise25,"{""D_x^1.846983 H"": 0.4878500225, ""Hx"": -0.8688835738}","{""first"": {""active_count_for_loss"": ""4"", ""active_lamb_sum"": ""0.004"", ""alpha0"": ""0.99"", ""alpha_next"": ""0.83673462"", ""beta0"": ""1.7"", ""beta_next"": ""1.85"", ""complexity_penalty"": ""0.12267475"", ""condition"": ""30.668689"", ""delta_alpha"": ""-0.15326538"", ""delta_alpha_raw"": ""-0.15326538"", ""delta_beta"": ""0.15"", ""delta_beta_raw"": ""0.20827003"", ""delta_beta_used"": ""0.15"", ""iter"": ""0"", ""mse"": ""0.0017726755"", ""objective"": ""2.1522325"", ""physical_refit_condition_penalty"": ""0.12267475"", ""raw_mse"": ""0.0017726755"", ""regularized_objective"": ""2.1522325"", ""status"": ""estimated"", ""support"": ""Hx+D_x^1.85 H"", ""tolerance"": ""0.041192126"", ""validation_residual_norm"": ""2.0299328""}, ""last"": {""active_count_for_loss"": ""4"", ""active_lamb_sum"": ""0.004"", ""alpha0"": ""0.81940165"", ""alpha_next"": ""0.81656962"", ""beta0"": ""1.8469826"", ""beta_next"": ""1.8341731"", ""complexity_penalty"": ""0.21440182"", ""condition"": ""53.600456"", ""delta_alpha"": ""-0.0028320309"", ""delta_alpha_raw"": ""-0.0028320309"", ""delta_beta"": ""-0.012809478"", ""delta_beta_raw"": ""-0.012809478"", ""delta_beta_used"": ""-0.012809478"", ""iter"": ""2"", ""mse"": ""0.0012201809"", ""objective"": ""1.9050923"", ""physical_refit_condition_penalty"": ""0.21440182"", ""raw_mse"": ""0.0012201809"", ""regularized_objective"": ""1.9050923"", ""status"": ""estimated"", ""support"": ""Hx+D_x^1.834173 H"", ""tolerance"": ""0.00068305187"", ""validation_residual_norm"": ""1.6910655""}, ""row_count"": 3}",0,"example: tsfade_retrained_alpha078_beta183_noise25
checkpoint: D:\OneDrive - HHU\ML codes\DL-PDE\Linear_fractional\data\models\tsfade_retrained_alpha078_beta183_normalized_tanh\draft-2000-25\best.pkl
candidate equation: D_t^0.81940165 H = -0.8689*Hx + 0.4879 D_x^1.846983 H
center orders: alpha0 = 0.83673462, beta0 = 1.85
order update: mode=iterative, iterations=3, converged=False, stop=objective_not_decreased, selected=1
alpha = 0.81940165, beta = 1.8469826 (status=estimated)
detailed report: D:\OneDrive - HHU\ML codes\DL-PDE\Linear_fractional\results\tsfade_fft_tsfade_retrained_alpha078_beta183_noise25_gj_hybrid_taylor_result.txt",
