paper_example,noise_label,method,status,support_correct,support_reason,equation,support,alpha,beta,coef_hx,coef_dbeta,true_alpha,true_beta,alpha_relative_error,beta_relative_error,candidate_search,generated_structure,generated_raw_structure,generated_normalized_from,generated_structure_has_fractional,generated_structure_rank,generated_prior_score,generated_complexity_score,generated_structure_objective_penalty,generated_structure_count,refit_mode,physical_refit,order_update_mode,iteration_count,iteration_converged,iteration_stop_reason,iteration_selected_index,objective,augmented_stridge_objective_raw,sparsity_lamb,d_tol,fit_window_config,runtime_seconds,report_path,command,coefficients,trace_summary,returncode,stdout_tail,stderr_tail
candidate_select_tsfade_clean,clean,eqgpt_style_generated_iterative_no_refit,ok,True,support is exactly Hx plus one spatial fractional term,D_t^0.77661983 H = -1.006*Hx + 0.4305 D_x^1.797434 H,Hx + D_x^1.797434 H,0.7766198316502343,1.7974342302684252,-1.005915181,0.4304610841,0.78,1.83,0.00433355,0.0177955,generated,Hx + D_x^beta H,Hx + Hxx,"('Hxx -> D_x^beta H',)",True,1.0,5.75,2.5,-0.0003749999999999999,30.0,none,False,iterative,4.0,False,objective_not_decreased,2.0,2.099579047439596,2.099954047439596,0.008,0.005,"(4.0, 26.0, 3.0, 14.0)",8.070600299999999,D:\OneDrive - HHU\ML codes\DL-PDE\Linear_fractional\results\candidate_select\candidate_select_tsfade_clean_report.txt,D:\Miniconda\envs\sr\python.exe main.py --paper-example candidate_select_tsfade_clean,"{""D_x^1.797434 H"": 0.4304610841, ""Hx"": -1.005915181}","{""first"": {""active_count_for_loss"": ""4"", ""active_lamb_sum"": ""0.032"", ""alpha0"": ""0.99"", ""alpha_next"": ""0.79"", ""beta0"": ""2"", ""beta_next"": ""1.85"", ""complexity_penalty"": ""1.9079663"", ""condition"": ""59.623947"", ""delta_alpha"": ""-0.25"", ""delta_alpha_raw"": ""-0.41204801"", ""delta_beta"": ""-0.15"", ""delta_beta_raw"": ""-0.36037257"", ""delta_beta_used"": ""-0.15"", ""iter"": ""0"", ""mse"": ""0.00034139618"", ""objective"": ""2.7170156"", ""physical_refit_condition_penalty"": ""1.9079663"", ""raw_mse"": ""0.00034139618"", ""regularized_objective"": ""2.7170156"", ""status"": ""estimated"", ""support"": ""Hx+D_x^1.85 H"", ""tolerance"": ""0.0049950918"", ""validation_residual_norm"": ""0.80942428""}, ""last"": {""active_count_for_loss"": ""4"", ""active_lamb_sum"": ""0.032"", ""alpha0"": ""0.77661983"", ""alpha_next"": ""0.77289066"", ""beta0"": ""1.7974342"", ""beta_next"": ""1.7737285"", ""complexity_penalty"": ""1.9639518"", ""condition"": ""61.373493"", ""delta_alpha"": ""-0.0037291722"", ""delta_alpha_raw"": ""-0.0037291722"", ""delta_beta"": ""-0.023705706"", ""delta_beta_raw"": ""-0.023705706"", ""delta_beta_used"": ""-0.023705706"", ""iter"": ""3"", ""mse"": ""0.00015029179"", ""objective"": ""2.4845069"", ""physical_refit_condition_penalty"": ""1.9639518"", ""raw_mse"": ""0.00015029179"", ""regularized_objective"": ""2.4845069"", ""status"": ""estimated"", ""support"": ""Hx+D_x^1.773729 H"", ""tolerance"": ""1.4770483e-08"", ""validation_residual_norm"": ""0.52093009""}, ""row_count"": 4}",0,"example: tsfade_retrained_alpha078_beta183_clean
checkpoint: D:\OneDrive - HHU\ML codes\DL-PDE\Linear_fractional\data\models\tsfade_retrained_alpha078_beta183_tanh\draft-2000-0\best.pkl
candidate equation: D_t^0.77661983 H = -1.006*Hx + 0.4305 D_x^1.797434 H
center orders: alpha0 = 0.76902332, beta0 = 1.7050087
order update: mode=iterative, iterations=4, converged=False, stop=objective_not_decreased, selected=2
alpha = 0.77661983, beta = 1.7974342 (status=estimated)
detailed report: D:\OneDrive - HHU\ML codes\DL-PDE\Linear_fractional\results\tsfade_fft_tsfade_retrained_alpha078_beta183_clean_gj_hybrid_taylor_result.txt",
candidate_select_tsfade_noise5,5%,eqgpt_style_generated_iterative_no_refit,ok,True,support is exactly Hx plus one spatial fractional term,D_t^0.75932306 H = -1.077*Hx + 0.2534 D_x^1.7 H,Hx + D_x^1.7 H,0.7593230637476813,1.7000000000000002,-1.077139321,0.253399959,0.78,1.83,0.0265089,0.0710383,generated,Hx + D_x^beta H,Hx + Hxx,"('Hxx -> D_x^beta H',)",True,1.0,5.75,2.5,-0.0003749999999999999,30.0,none,False,iterative,3.0,False,objective_not_decreased,1.0,2.07789063264521,2.07826563264521,0.008,0.005,"(4.0, 26.0, 3.0, 14.0)",9.1799216,D:\OneDrive - HHU\ML codes\DL-PDE\Linear_fractional\results\candidate_select\candidate_select_tsfade_noise5_report.txt,D:\Miniconda\envs\sr\python.exe main.py --paper-example candidate_select_tsfade_noise5,"{""D_x^1.7 H"": 0.253399959, ""Hx"": -1.077139321}","{""first"": {""active_count_for_loss"": ""4"", ""active_lamb_sum"": ""0.032"", ""alpha0"": ""0.99"", ""alpha_next"": ""0.79"", ""beta0"": ""2"", ""beta_next"": ""1.85"", ""complexity_penalty"": ""0.86218818"", ""condition"": ""26.943381"", ""delta_alpha"": ""-0.25"", ""delta_alpha_raw"": ""-0.37976745"", ""delta_beta"": ""-0.15"", ""delta_beta_raw"": ""-1.2554013"", ""delta_beta_used"": ""-0.15"", ""iter"": ""0"", ""mse"": ""0.0011580656"", ""objective"": ""2.3728885"", ""physical_refit_condition_penalty"": ""0.86218818"", ""raw_mse"": ""0.0011580656"", ""regularized_objective"": ""2.3728885"", ""status"": ""estimated"", ""support"": ""Hx+D_x^1.85 H"", ""tolerance"": ""0.0049950918"", ""validation_residual_norm"": ""1.5110753""}, ""last"": {""active_count_for_loss"": ""4"", ""active_lamb_sum"": ""0.032"", ""alpha0"": ""0.75932306"", ""alpha_next"": ""0.7647936"", ""beta0"": ""1.7"", ""beta_next"": ""1.7260978"", ""complexity_penalty"": ""0.7850217"", ""condition"": ""24.531928"", ""delta_alpha"": ""0.0054705401"", ""delta_alpha_raw"": ""0.0054705401"", ""delta_beta"": ""0.026097847"", ""delta_beta_raw"": ""0.026097847"", ""delta_beta_used"": ""0.026097847"", ""iter"": ""2"", ""mse"": ""0.00089168272"", ""objective"": ""2.1205883"", ""physical_refit_condition_penalty"": ""0.7850217"", ""raw_mse"": ""0.00089168272"", ""regularized_objective"": ""2.1205883"", ""status"": ""estimated"", ""support"": ""Hx+D_x^1.726098 H"", ""tolerance"": ""0.00037338008"", ""validation_residual_norm"": ""1.3359416""}, ""row_count"": 3}",0,"example: tsfade_retrained_alpha078_beta183_noise5
checkpoint: D:\OneDrive - HHU\ML codes\DL-PDE\Linear_fractional\data\models\tsfade_retrained_alpha078_beta183_tanh\draft-2000-5\best.pkl
candidate equation: D_t^0.75932306 H = -1.077*Hx + 0.2534 D_x^1.7 H
center orders: alpha0 = 0.79, beta0 = 1.85
order update: mode=iterative, iterations=3, converged=False, stop=objective_not_decreased, selected=1
alpha = 0.75932306, beta = 1.7 (status=estimated)
detailed report: D:\OneDrive - HHU\ML codes\DL-PDE\Linear_fractional\results\tsfade_fft_tsfade_retrained_alpha078_beta183_noise5_gj_hybrid_taylor_result.txt",
candidate_select_tsfade_noise25,25%,eqgpt_style_generated_iterative_no_refit,ok,True,support is exactly Hx plus one spatial fractional term,D_t^0.78203564 H = -0.9974*Hx + 0.1097 D_x^1.7 H,Hx + D_x^1.7 H,0.7820356380222956,1.7000000000000002,-0.997444145,0.1096742771,0.78,1.83,0.00260979,0.0710383,generated,Hx + D_x^beta H,Hx + Hxx,"('Hxx -> D_x^beta H',)",True,1.0,5.75,2.5,-0.0003749999999999999,30.0,none,False,iterative,3.0,False,objective_not_decreased,1.0,3.2822607419635728,3.2826357419635728,0.008,0.006,"(4.0, 28.0, 1.0, 14.0)",10.4661282,D:\OneDrive - HHU\ML codes\DL-PDE\Linear_fractional\results\candidate_select\candidate_select_tsfade_noise25_report.txt,D:\Miniconda\envs\sr\python.exe main.py --paper-example candidate_select_tsfade_noise25,"{""D_x^1.7 H"": 0.1096742771, ""Hx"": -0.997444145}","{""first"": {""active_count_for_loss"": ""4"", ""active_lamb_sum"": ""0.032"", ""alpha0"": ""0.99"", ""alpha_next"": ""0.79"", ""beta0"": ""2"", ""beta_next"": ""1.85"", ""complexity_penalty"": ""0.40844867"", ""condition"": ""12.764021"", ""delta_alpha"": ""-0.24191885"", ""delta_alpha_raw"": ""-0.24191885"", ""delta_beta"": ""-0.15"", ""delta_beta_raw"": ""-1.6206637"", ""delta_beta_used"": ""-0.15"", ""iter"": ""0"", ""mse"": ""0.004787178"", ""objective"": ""3.8227858"", ""physical_refit_condition_penalty"": ""0.40844867"", ""raw_mse"": ""0.004787178"", ""regularized_objective"": ""3.8227858"", ""status"": ""estimated"", ""support"": ""Hx+D_x^1.85 H"", ""tolerance"": ""0.11"", ""validation_residual_norm"": ""3.4147122""}, ""last"": {""active_count_for_loss"": ""4"", ""active_lamb_sum"": ""0.032"", ""alpha0"": ""0.78203564"", ""alpha_next"": ""0.79092009"", ""beta0"": ""1.7"", ""beta_next"": ""1.6091557"", ""complexity_penalty"": ""0.37199649"", ""condition"": ""11.62489"", ""delta_alpha"": ""0.0088844507"", ""delta_alpha_raw"": ""0.0088844507"", ""delta_beta"": ""-0.090844342"", ""delta_beta_raw"": ""-0.090844342"", ""delta_beta_used"": ""-0.090844342"", ""iter"": ""2"", ""mse"": ""0.0037442327"", ""objective"": ""3.402622"", ""physical_refit_condition_penalty"": ""0.37199649"", ""raw_mse"": ""0.0037442327"", ""regularized_objective"": ""3.402622"", ""status"": ""estimated"", ""support"": ""Hx+D_x^1.609156 H"", ""tolerance"": ""0.00094408179"", ""validation_residual_norm"": ""3.0310005""}, ""row_count"": 3}",0,"example: tsfade_retrained_alpha078_beta183_noise25
checkpoint: D:\OneDrive - HHU\ML codes\DL-PDE\Linear_fractional\data\models\tsfade_retrained_alpha078_beta183_tanh\draft-2000-25\best.pkl
candidate equation: D_t^0.78203564 H = -0.9974*Hx + 0.1097 D_x^1.7 H
center orders: alpha0 = 0.79, beta0 = 1.85
order update: mode=iterative, iterations=3, converged=False, stop=objective_not_decreased, selected=1
alpha = 0.78203564, beta = 1.7 (status=estimated)
detailed report: D:\OneDrive - HHU\ML codes\DL-PDE\Linear_fractional\results\tsfade_fft_tsfade_retrained_alpha078_beta183_noise25_gj_hybrid_taylor_result.txt",
