step,train_loss,val_loss,periodic_boundary_loss,periodic_derivative_loss,early_time_loss,peak_loss,spectral_loss,integer_derivative_loss,spectral_val_loss,integer_derivative_val_loss,composite_derivative_val_loss,selection_score,train_objective,is_best
0,0.4695833921432495,0.47707733511924744,3.97644816985121e-06,1.3631475894726464e-06,0.4695833921432495,1.1841434240341187,0.0,0.0,0.003948472905904055,0.38905608654022217,0.8700818945653737,0.47707733511924744,0.4695833921432495,1
200,0.028249535709619522,0.027608664706349373,0.21345847845077515,0.48190027475357056,0.028249535709619522,0.1151101216673851,0.0,0.0,0.00024168066738639027,0.42930468916893005,0.4571550345426658,0.027608664706349373,0.028249535709619522,1
400,0.00971162784844637,0.009477703832089901,0.033221688121557236,1.0346113443374634,0.00971162784844637,0.027631985023617744,0.0,0.0,8.374218305107206e-05,0.3961568772792816,0.4057183232944226,0.009477703832089901,0.00971162784844637,1
600,0.009263620711863041,0.009110752493143082,0.029725395143032074,1.2586857080459595,0.009263620711863041,0.025735581293702126,0.0,0.0,8.038994565140456e-05,0.39565199613571167,0.40484313857450616,0.009110752493143082,0.009263620711863041,1
800,0.008546240627765656,0.008601350709795952,0.016247106716036797,1.6577637195587158,0.008546240627765656,0.02445991151034832,0.0,0.0,7.57069792598486e-05,0.3922324478626251,0.4009095055516809,0.008601350709795952,0.008546240627765656,1
1000,0.007626376114785671,0.0078167375177145,0.0038604307919740677,1.0235003232955933,0.007626376114785671,0.024299442768096924,0.0,0.0,6.807053432567045e-05,0.3887413740158081,0.3966261820678483,0.0078167375177145,0.007626376114785671,1
1200,0.007507236674427986,0.007728454656898975,0.0021837130188941956,0.6234790086746216,0.007507236674427986,0.024853317067027092,0.0,0.0,6.684706022497267e-05,0.3882687985897064,0.39606410030683037,0.007728454656898975,0.007507236674427986,1
1400,0.007479260675609112,0.007696033921092749,0.0019336396362632513,0.49645310640335083,0.007479260675609112,0.024001477286219597,0.0,0.0,6.648404814768583e-05,0.38811153173446655,0.395874049703707,0.007696033921092749,0.007479260675609112,1
1600,0.007457660511136055,0.007712708320468664,0.0013457052409648895,0.4185028374195099,0.007457660511136055,0.02544466406106949,0.0,0.0,6.627434049732983e-05,0.3878943622112274,0.3956733448721934,0.007712708320468664,0.007457660511136055,0
1800,0.007439729757606983,0.007670917548239231,0.0014118136605247855,0.4096583127975464,0.007439729757606983,0.023803479969501495,0.0,0.0,6.609747651964426e-05,0.38787510991096497,0.39561212493572384,0.007670917548239231,0.007439729757606983,1
2000,0.0074249510653316975,0.007673779036849737,0.0011967822210863233,0.3857932388782501,0.0074249510653316975,0.024389320984482765,0.0,0.0,6.59783836454153e-05,0.38778749108314514,0.3955272485036403,0.007673779036849737,0.0074249510653316975,0
2200,0.007416917011141777,0.007669871672987938,0.0011287654051557183,0.37454456090927124,0.007416917011141777,0.024311980232596397,0.0,0.0,6.590634438907728e-05,0.38774871826171875,0.39548449627909577,0.007669871672987938,0.007416917011141777,1
2400,0.0074106380343437195,0.007673950865864754,0.0010464460356160998,0.36015015840530396,0.0074106380343437195,0.024525409564375877,0.0,0.0,6.586477684322745e-05,0.38771185278892517,0.39545166843163315,0.007673950865864754,0.0074106380343437195,0
2600,0.007527509704232216,0.00772260082885623,0.0015456650871783495,0.38499921560287476,0.007527509704232216,0.020814327523112297,0.0,0.0,6.663297244813293e-05,0.387788861989975,0.39557809579127934,0.00772260082885623,0.007527509704232216,0
2800,0.007398550398647785,0.007662348914891481,0.0009600622579455376,0.36365950107574463,0.007398550398647785,0.024147620424628258,0.0,0.0,6.574303552042693e-05,0.3876517713069916,0.3953798632574035,0.007662348914891481,0.007398550398647785,1
3000,0.007394591346383095,0.0076613519340753555,0.0009314545895904303,0.36062532663345337,0.007394591346383095,0.024087704718112946,0.0,0.0,6.57173732179217e-05,0.38763681054115295,0.39536387984844623,0.0076613519340753555,0.007394591346383095,1
3200,0.007391780149191618,0.00766642764210701,0.0008954936056397855,0.3502511978149414,0.007391780149191618,0.0242965966463089,0.0,0.0,6.571413541678339e-05,0.38762396574020386,0.39535610751772765,0.00766642764210701,0.007391780149191618,0
3400,0.0073872883804142475,0.00765934819355607,0.0008554195519536734,0.36010074615478516,0.0073872883804142475,0.024006424471735954,0.0,0.0,6.566393858520314e-05,0.38759365677833557,0.39531866891047684,0.00765934819355607,0.0073872883804142475,1
3600,0.007384710945188999,0.0076589640229940414,0.0008342965156771243,0.3578614294528961,0.007384710945188999,0.02395673282444477,0.0,0.0,6.565142393810675e-05,0.3875834047794342,0.39530802022636635,0.0076589640229940414,0.007384710945188999,1
3800,0.007382656913250685,0.0076606092043221,0.0008185487240552902,0.35138028860092163,0.007382656913250685,0.023993229493498802,0.0,0.0,6.564416253240779e-05,0.38757964968681335,0.39530590305366786,0.0076606092043221,0.007382656913250685,0
4000,0.007379620801657438,0.007658338639885187,0.0007737487321719527,0.3569924533367157,0.007379620801657438,0.02392438054084778,0.0,0.0,6.56170814181678e-05,0.3875490128993988,0.39527296862070216,0.007658338639885187,0.007379620801657438,1
4200,0.00737797562032938,0.007657508831471205,0.0007627091836184263,0.3549821972846985,0.00737797562032938,0.02383883111178875,0.0,0.0,6.561070040334016e-05,0.3875444829463959,0.3952676024782704,0.007657508831471205,0.00737797562032938,1
4400,0.007376180961728096,0.007658007089048624,0.0007544506806880236,0.3437051475048065,0.007376180961728096,0.02376345545053482,0.0,0.0,6.561175541719422e-05,0.38754329085350037,0.3952669096979662,0.007658007089048624,0.007376180961728096,0
4600,0.00737407524138689,0.007656333036720753,0.0007149273296818137,0.35397160053253174,0.00737407524138689,0.02377704344689846,0.0,0.0,6.558026507264003e-05,0.3875160813331604,0.3952379946349538,0.007656333036720753,0.00737407524138689,1
4800,0.0073727797716856,0.007656356785446405,0.0007044585072435439,0.3509265184402466,0.0073727797716856,0.023742711171507835,0.0,0.0,6.557516462635249e-05,0.38751220703125,0.39523413898132276,0.007656356785446405,0.0073727797716856,0
5000,0.007372346241027117,0.007652566768229008,0.0007071366999298334,0.342400461435318,0.007372346241027117,0.023370789363980293,0.0,0.0,6.556599691975862e-05,0.38751524686813354,0.3952333796332823,0.007652566768229008,0.007372346241027117,1
5200,0.007369543891400099,0.0076551600359380245,0.0006636345642618835,0.35036569833755493,0.007369543891400099,0.023687733337283134,0.0,0.0,6.55472613289021e-05,0.38748589158058167,0.3952065988778486,0.0076551600359380245,0.007369543891400099,0
5400,0.007368430029600859,0.0076550389640033245,0.0006541854818351567,0.34762969613075256,0.007368430029600859,0.023654067888855934,0.0,0.0,6.55413095955737e-05,0.38748180866241455,0.39520238893601345,0.0076550389640033245,0.007368430029600859,0
5600,0.007367471698671579,0.007655680645257235,0.0006527269724756479,0.341184139251709,0.007367471698671579,0.023638298735022545,0.0,0.0,6.553588900715113e-05,0.38748571276664734,0.3952069293009117,0.007655680645257235,0.007367471698671579,0
5800,0.007440297864377499,0.0077797831036150455,0.0007052927394397557,0.328297883272171,0.007440297864377499,0.026707904413342476,0.0,0.0,6.62570382701233e-05,0.3874414563179016,0.3952874964597868,0.0077797831036150455,0.007440297864377499,0
6000,0.007364646065980196,0.007653884124010801,0.0006112519185990095,0.3441762626171112,0.007364646065980196,0.023583678528666496,0.0,0.0,6.550946272909641e-05,0.3874536454677582,0.3951730390544981,0.007653884124010801,0.007364646065980196,0
6200,0.007363792508840561,0.007653627544641495,0.0006067624781280756,0.3401302099227905,0.007363792508840561,0.02353605441749096,0.0,0.0,6.55031471978873e-05,0.3874531686306,0.39517229932243936,0.007653627544641495,0.007363792508840561,0
6400,0.007371226791292429,0.007645242847502232,0.0006468520150519907,0.3356284499168396,0.007371226791292429,0.022425023838877678,0.0,0.0,6.554307037731633e-05,0.38746944069862366,0.3951802266165032,0.007645242847502232,0.007371226791292429,1
6600,0.0073613389395177364,0.0076528312638401985,0.0005763069493696094,0.33999571204185486,0.0073613389395177364,0.02352064661681652,0.0,0.0,6.54800096526742e-05,0.3874291479587555,0.39514745923224837,0.0076528312638401985,0.0073613389395177364,0
6800,0.007360569667071104,0.007652707863599062,0.0005708137177862227,0.33727535605430603,0.007360569667071104,0.023491917178034782,0.0,0.0,6.547489465447143e-05,0.38742658495903015,0.3951447677172837,0.007652707863599062,0.007360569667071104,0
7000,0.007360184099525213,0.007655269932001829,0.0005752202123403549,0.32916247844696045,0.007360184099525213,0.02359038032591343,0.0,0.0,6.547752127517015e-05,0.3874346613883972,0.3951554088416742,0.007655269932001829,0.007360184099525213,0
7200,0.007358509581536055,0.007651783991605043,0.0005487198359332979,0.33560389280319214,0.007358509581536055,0.023455053567886353,0.0,0.0,6.545414362335578e-05,0.38740861415863037,0.39512585229385877,0.007651783991605043,0.007358509581536055,0
7400,0.00735784787684679,0.007651796564459801,0.0005441238754428923,0.33311954140663147,0.00735784787684679,0.023437844589352608,0.0,0.0,6.544986536027864e-05,0.3874061703681946,0.39512341679801466,0.007651796564459801,0.00735784787684679,0
7600,0.007357481401413679,0.007651103660464287,0.0005463549750857055,0.32776445150375366,0.007357481401413679,0.023364482447504997,0.0,0.0,6.54404066153802e-05,0.38741186261177063,0.3951284066788503,0.007651103660464287,0.007357481401413679,0
7800,0.007356148678809404,0.007653066422790289,0.000525825540535152,0.330527663230896,0.007356148678809404,0.023524940013885498,0.0,0.0,6.543739436892793e-05,0.38738927245140076,0.39510777626856,0.007653066422790289,0.007356148678809404,0
8000,0.007355587091296911,0.007651101797819138,0.000523712660651654,0.32896852493286133,0.007355587091296911,0.023390306159853935,0.0,0.0,6.542941991938278e-05,0.38738957047462463,0.39510610169236315,0.007651101797819138,0.007355587091296911,0
8200,0.007355252280831337,0.007651111111044884,0.0005268017412163317,0.3223934471607208,0.007355252280831337,0.02336026169359684,0.0,0.0,6.542131450260058e-05,0.3873964250087738,0.3951129574343213,0.007651111111044884,0.007355252280831337,0
8400,0.007353996858000755,0.007650731131434441,0.0005088211037218571,0.3268905580043793,0.007353996858000755,0.023386945948004723,0.0,0.0,6.54127579764463e-05,0.38737547397613525,0.39509161786554614,0.007650731131434441,0.007353996858000755,0
8600,0.007353781722486019,0.007650609593838453,0.000508906610775739,0.3247015178203583,0.007353781722486019,0.023347148671746254,0.0,0.0,6.541304173879325e-05,0.3873772919178009,0.39509331455337815,0.007650609593838453,0.007353781722486019,0
8800,0.0073550669476389885,0.007647126447409391,0.0005151712102815509,0.3116207420825958,0.0073550669476389885,0.022717127576470375,0.0,0.0,6.541893526446074e-05,0.38738515973091125,0.3950977051135851,0.007647126447409391,0.0073550669476389885,0
9000,0.007352386135607958,0.00764999957755208,0.0004964405088685453,0.32305908203125,0.007352386135607958,0.023332076147198677,0.0,0.0,6.539715104736388e-05,0.3873644471168518,0.39507984384545125,0.00764999957755208,0.007352386135607958,0
9200,0.007352116517722607,0.0076499818824231625,0.0004960320657119155,0.3205055296421051,0.007352116517722607,0.02330797165632248,0.0,0.0,6.539446621900424e-05,0.3873656690120697,0.39508104536071187,0.0076499818824231625,0.007352116517722607,0
9400,0.007352505810558796,0.007655892986804247,0.0004950519651174545,0.3109799325466156,0.007352505810558796,0.02358276955783367,0.0,0.0,6.54022442176938e-05,0.3873656094074249,0.39508690463844687,0.007655892986804247,0.007352505810558796,0
9600,0.007350890897214413,0.00764991482719779,0.00048512397916056216,0.31969118118286133,0.007350890897214413,0.023328512907028198,0.0,0.0,6.538238085340708e-05,0.3873525857925415,0.3950678830005927,0.00764991482719779,0.007350890897214413,0
9800,0.0073507544584572315,0.007649635896086693,0.00048510567285120487,0.3181314170360565,0.0073507544584572315,0.02328743040561676,0.0,0.0,6.538154411828145e-05,0.3873538374900818,0.39506885493028676,0.007649635896086693,0.0073507544584572315,0
10000,0.0073507847264409065,0.00765237957239151,0.0004887143732048571,0.30897948145866394,0.0073507847264409065,0.02340795285999775,0.0,0.0,6.53821334708482e-05,0.3873613178730011,0.39507907957886346,0.00765237957239151,0.0073507847264409065,0
10200,0.007349771447479725,0.007649310864508152,0.00047759769950062037,0.31686028838157654,0.007349771447479725,0.023285463452339172,0.0,0.0,6.537001172546297e-05,0.3873443603515625,0.3950590412277961,0.007649310864508152,0.007349771447479725,0
10400,0.007349627558141947,0.007649309933185577,0.0004774488916154951,0.3152938783168793,0.007349627558141947,0.023266633972525597,0.0,0.0,6.536862201755866e-05,0.3873451352119446,0.3950598137671477,0.007649309933185577,0.007349627558141947,0
10600,0.007349743507802486,0.007649119012057781,0.00047932867892086506,0.30986616015434265,0.007349743507802486,0.023213746026158333,0.0,0.0,6.535814463859424e-05,0.3873516023159027,0.3950660794725991,0.007649119012057781,0.007349743507802486,0
10800,0.007348853163421154,0.007648791186511517,0.00047200496192090213,0.3144416809082031,0.007348853163421154,0.023249240592122078,0.0,0.0,6.535898864967749e-05,0.38733750581741333,0.3950516559925745,0.007648791186511517,0.007348853163421154,0
11000,0.007348780985921621,0.007649124134331942,0.0004724450991488993,0.31294935941696167,0.007348780985921621,0.023250116035342216,0.0,0.0,6.535902502946556e-05,0.3873385488986969,0.3950530320580583,0.007649124134331942,0.007348780985921621,0
11200,0.007348807994276285,0.007649779319763184,0.00047564596752636135,0.30879566073417664,0.007348807994276285,0.02325802482664585,0.0,0.0,6.53550960123539e-05,0.3873441815376282,0.3950593159534037,0.007649779319763184,0.007348807994276285,0
11400,0.007580913137644529,0.007975233718752861,0.0010201724944636226,0.28442132472991943,0.007580913137644529,0.028995731845498085,0.0,0.0,6.75365372444503e-05,0.3873752951622009,0.39541806541819824,0.007975233718752861,0.007580913137644529,0
11600,0.007348246406763792,0.007649084087461233,0.0004700695862993598,0.3110610842704773,0.007348246406763792,0.023233501240611076,0.0,0.0,6.535350257763639e-05,0.38733455538749695,0.3950489929775358,0.007649084087461233,0.007348246406763792,0
11800,0.007348550949245691,0.007649044040590525,0.0004535387852229178,0.3003430664539337,0.007348550949245691,0.023228725418448448,0.0,0.0,6.531974213430658e-05,0.3873271048069,0.39504146858962486,0.007649044040590525,0.007348550949245691,0
12000,0.0073476554825901985,0.007648827042430639,0.0004671606293413788,0.3101891577243805,0.0073476554825901985,0.023233788087964058,0.0,0.0,6.534516433021054e-05,0.3873289227485657,0.3950430949553265,0.007648827042430639,0.0073476554825901985,0
12200,0.007347763516008854,0.007648978848010302,0.0004688245535362512,0.3085179626941681,0.007347763516008854,0.023218894377350807,0.0,0.0,6.53448369121179e-05,0.3873322308063507,0.3950465544912731,0.007648978848010302,0.007347763516008854,0
12400,0.007349248975515366,0.0076438868418335915,0.00046647191629745066,0.3020298480987549,0.007349248975515366,0.022798851132392883,0.0,0.0,6.531495455419645e-05,0.38733622431755066,0.39504542611393845,0.0076438868418335915,0.007349248975515366,1
12600,0.007347236853092909,0.0076487744227051735,0.000466383557068184,0.3086149990558624,0.007347236853092909,0.02322486974298954,0.0,0.0,6.53392489766702e-05,0.38732588291168213,0.395039996583364,0.0076487744227051735,0.007347236853092909,0
12800,0.00734740262851119,0.0076489755883812904,0.00046833266969770193,0.3072218596935272,0.00734740262851119,0.02321193926036358,0.0,0.0,6.534012936754152e-05,0.38732945919036865,0.3950437749081175,0.0076489755883812904,0.00734740262851119,0
13000,0.007356885354965925,0.007641122676432133,0.0004930287832394242,0.2987533509731293,0.007356885354965925,0.022136114537715912,0.0,0.0,6.534600106533617e-05,0.3873513340950012,0.3950578027724987,0.007641122676432133,0.007356885354965925,1
13200,0.007347130682319403,0.007648947648704052,0.0004678383411373943,0.30721619725227356,0.007347130682319403,0.02321447618305683,0.0,0.0,6.533812120324001e-05,0.3873259723186493,0.3950402580885566,0.007648947648704052,0.007347130682319403,0
13400,0.007347374688833952,0.007650979328900576,0.0004686675383709371,0.3014456629753113,0.007347374688833952,0.023303424939513206,0.0,0.0,6.533219857374206e-05,0.3873303234577179,0.3950466349851922,0.007650979328900576,0.007347374688833952,0
13600,0.0075921304523944855,0.007996217347681522,0.0010986116249114275,0.27514582872390747,0.0075921304523944855,0.029548563063144684,0.0,0.0,6.761968688806519e-05,0.3873630166053772,0.3954268536399468,0.007996217347681522,0.0075921304523944855,0
13800,0.00734690623357892,0.007648958824574947,0.0004688294720835984,0.30581074953079224,0.00734690623357892,0.023208467289805412,0.0,0.0,6.533331179525703e-05,0.3873249590396881,0.3950392511760583,0.007648958824574947,0.00734690623357892,0
14000,0.007347090635448694,0.007648330647498369,0.00047199169057421386,0.3023129105567932,0.007347090635448694,0.02314247190952301,0.0,0.0,6.532550469273701e-05,0.38733214139938354,0.39504579755157465,0.007648330647498369,0.007347090635448694,0
14200,0.007446844596415758,0.007688967976719141,0.0008140535792335868,0.3185230493545532,0.007446844596415758,0.0200986098498106,0.0,0.0,6.585103255929425e-05,0.38737252354621887,0.3951273425554973,0.007688967976719141,0.007446844596415758,0
14400,0.007346740923821926,0.007648992817848921,0.0004703223239630461,0.30489158630371094,0.007346740923821926,0.023205427452921867,0.0,0.0,6.533003033837304e-05,0.3873240053653717,0.395038328213559,0.007648992817848921,0.007346740923821926,0
14600,0.007346956990659237,0.007648850325495005,0.0004726202751044184,0.3021993637084961,0.007346956990659237,0.023174455389380455,0.0,0.0,6.532497354783118e-05,0.3873297870159149,0.39504396231495775,0.007648850325495005,0.007346956990659237,0
14800,0.007363264914602041,0.007641454692929983,0.0005291479756124318,0.30052632093429565,0.007363264914602041,0.02178223431110382,0.0,0.0,6.538582965731621e-05,0.38736018538475037,0.39506702590733767,0.007641454692929983,0.007363264914602041,0
15000,0.007346583064645529,0.007649007719010115,0.00047203124267980456,0.3041096329689026,0.007346583064645529,0.023204490542411804,0.0,0.0,6.532655970659107e-05,0.3873231112957001,0.3950374455744168,0.007649007719010115,0.007346583064645529,0
15200,0.00734684756025672,0.007649303879588842,0.00047457520850002766,0.30251339077949524,0.00734684756025672,0.023197824135422707,0.0,0.0,6.532677070936188e-05,0.38732779026031494,0.39504242091061315,0.007649303879588842,0.00734684756025672,0
15400,0.007347635924816132,0.007655286695808172,0.0004758045542985201,0.2923034727573395,0.007347635924816132,0.02344541810452938,0.0,0.0,6.532789120683447e-05,0.3873233199119568,0.3950439344989718,0.007655286695808172,0.007347635924816132,0
15600,0.0073464978486299515,0.007649174891412258,0.0004743379831779748,0.30336639285087585,0.0073464978486299515,0.02321016602218151,0.0,0.0,6.532429688377306e-05,0.38732290267944336,0.3950374018677394,0.007649174891412258,0.0073464978486299515,0
15800,0.007346658501774073,0.007649192586541176,0.0004759111034218222,0.3027173578739166,0.007346658501774073,0.02319621481001377,0.0,0.0,6.532460247399285e-05,0.3873254656791687,0.39503998286818387,0.007649192586541176,0.007346658501774073,0
16000,0.007346875965595245,0.007649659179151058,0.00047843699576333165,0.2999391257762909,0.007346875965595245,0.023201443254947662,0.0,0.0,6.532171391882002e-05,0.3873307406902313,0.3950457215833012,0.007649659179151058,0.007346875965595245,0
16200,0.007357052993029356,0.00764067005366087,0.0005017303628847003,0.2984517514705658,0.007357052993029356,0.022048721089959145,0.0,0.0,6.533954001497477e-05,0.38734614849090576,0.3950521580845816,0.00764067005366087,0.007357052993029356,1
16400,0.007346510421484709,0.007649178616702557,0.00047784362686797976,0.30259034037590027,0.007346510421484709,0.02319980412721634,0.0,0.0,6.532202678499743e-05,0.38732394576072693,0.3950384464042145,0.007649178616702557,0.007346510421484709,0
16600,0.007346791680902243,0.007649449165910482,0.00048020039685070515,0.30169424414634705,0.007346791680902243,0.023192552849650383,0.0,0.0,6.532404950121418e-05,0.38732802867889404,0.39504280189430574,0.007649449165910482,0.007346791680902243,0
16800,0.007346845231950283,0.007649059407413006,0.0004831472469959408,0.2954524755477905,0.007346845231950283,0.02311871387064457,0.0,0.0,6.531307735713199e-05,0.3873351812362671,0.3950495537210372,0.007649059407413006,0.007346845231950283,0
17000,0.007346689701080322,0.007652238942682743,0.0004837280430365354,0.30123794078826904,0.007346689701080322,0.02335873432457447,0.0,0.0,6.533019040944055e-05,0.3873233497142792,0.39504091884737136,0.007652238942682743,0.007346689701080322,0
17200,0.007346765603870153,0.0076494961977005005,0.0004826937220059335,0.30156877636909485,0.007346765603870153,0.023193543776869774,0.0,0.0,6.532296538352966e-05,0.3873278498649597,0.39504266902804375,0.0076494961977005005,0.007346765603870153,0
17400,0.00734702730551362,0.0076495809480547905,0.0004822474147658795,0.2973150908946991,0.00734702730551362,0.023175828158855438,0.0,0.0,6.531288818223402e-05,0.3873327374458313,0.3950476312820683,0.0076495809480547905,0.00734702730551362,0
17600,0.007482604123651981,0.0077146911062300205,0.000770557438954711,0.32583263516426086,0.007482604123651981,0.01934213750064373,0.0,0.0,6.621817738050595e-05,0.38741663098335266,0.3951975402669632,0.0077146911062300205,0.007482604123651981,0
17800,0.007346778642386198,0.007649578154087067,0.000485392811242491,0.3013618588447571,0.007346778642386198,0.023195380344986916,0.0,0.0,6.532183033414185e-05,0.38732829689979553,0.39504319688421674,0.007649578154087067,0.007346778642386198,0
18000,0.0073470319621264935,0.0076498594135046005,0.00048726663226261735,0.298543244600296,0.0073470319621264935,0.02318890206515789,0.0,0.0,6.531774124596268e-05,0.38733386993408203,0.3950490470888326,0.0076498594135046005,0.0073470319621264935,0
18200,0.007350776810199022,0.007663005497306585,0.0005627890350297093,0.2886500656604767,0.007350776810199022,0.023665105924010277,0.0,0.0,6.541376933455467e-05,0.38736143708229065,0.3950898563489318,0.007663005497306585,0.007350776810199022,0
18400,0.007346741389483213,0.007649613544344902,0.0004879248153883964,0.30122140049934387,0.007346741389483213,0.023198796436190605,0.0,0.0,6.53198003419675e-05,0.38732829689979553,0.3950432302444824,0.007649613544344902,0.007346741389483213,0
18600,0.007347210310399532,0.007649923674762249,0.0004908363916911185,0.2997695505619049,0.007347210310399532,0.023183686658740044,0.0,0.0,6.532177212648094e-05,0.3873347342014313,0.39504997964832,0.007649923674762249,0.007347210310399532,0
18800,0.007346863858401775,0.007647664286196232,0.0004884022637270391,0.3019247353076935,0.007346863858401775,0.023084847256541252,0.0,0.0,6.531451072078198e-05,0.3873293995857239,0.3950423783826409,0.007647664286196232,0.007346863858401775,0
19000,0.007346912287175655,0.007649801205843687,0.0004914471064694226,0.3006341755390167,0.007346912287175655,0.023197365924715996,0.0,0.0,6.531967665068805e-05,0.38733094930648804,0.3950460701889824,0.007649801205843687,0.007346912287175655,0
19200,0.0073472424410283566,0.0076497578993439674,0.0004936103359796107,0.29892653226852417,0.0073472424410283566,0.023171134293079376,0.0,0.0,6.531771941808984e-05,0.38733673095703125,0.3950518065757933,0.0076497578993439674,0.0073472424410283566,0
19400,0.007349779829382896,0.007651148363947868,0.0004566918942146003,0.2918454110622406,0.007349779829382896,0.023037312552332878,0.0,0.0,6.528766243718565e-05,0.3873141407966614,0.39503057682304643,0.007651148363947868,0.007349779829382896,0
19600,0.007346972357481718,0.0076498789712786674,0.0004941144143231213,0.30082210898399353,0.007346972357481718,0.023199474439024925,0.0,0.0,6.53192910249345e-05,0.3873315453529358,0.3950467436152394,0.0076498789712786674,0.007346972357481718,0
19800,0.007347194477915764,0.0076500000432133675,0.0004959961515851319,0.3000797629356384,0.007347194477915764,0.023190587759017944,0.0,0.0,6.531966937473044e-05,0.3873348832130432,0.3950502029256313,0.0076500000432133675,0.007347194477915764,0
20000,0.007347574923187494,0.007648594211786985,0.0004958346835337579,0.29650577902793884,0.007347574923187494,0.02308174967765808,0.0,0.0,6.530732207465917e-05,0.3873412013053894,0.39505510283925105,0.007648594211786985,0.007347574923187494,0
20200,0.007532191462814808,0.007924152538180351,0.0012290565064176917,0.2741934657096863,0.007532191462814808,0.028360361233353615,0.0,0.0,6.712508184136823e-05,0.38742074370384216,0.3954120213238639,0.007924152538180351,0.007532191462814808,0
20400,0.0073472182266414165,0.007650124840438366,0.0004984720726497471,0.30064305663108826,0.0073472182266414165,0.023199444636702538,0.0,0.0,6.531998224090785e-05,0.3873344957828522,0.39504994060553145,0.007650124840438366,0.0073472182266414165,0
20600,0.007347303442656994,0.007650263141840696,0.0005000727833248675,0.29966771602630615,0.007347303442656994,0.023199057206511497,0.0,0.0,6.531824328703806e-05,0.3873370587825775,0.39505264016770525,0.007650263141840696,0.007347303442656994,0
20800,0.007347446866333485,0.007650232408195734,0.0005012596375308931,0.2995472550392151,0.007347446866333485,0.02318882755935192,0.0,0.0,6.531843973789364e-05,0.38733890652656555,0.3950544573744992,0.007650232408195734,0.007347446866333485,0
21000,0.007347771432250738,0.007649296894669533,0.0005011830944567919,0.2967365086078644,0.007347771432250738,0.023109838366508484,0.0,0.0,6.531050166813657e-05,0.3873443007469177,0.3950589081432554,0.007649296894669533,0.007347771432250738,0
21200,0.007619087118655443,0.008031330071389675,0.0014876227360218763,0.2683115601539612,0.007619087118655443,0.029566079378128052,0.0,0.0,6.789343751734123e-05,0.3874560594558716,0.3955552829647786,0.008031330071389675,0.007619087118655443,0
21400,0.0073474859818816185,0.007650401908904314,0.0005037229275330901,0.3006504774093628,0.0073474859818816185,0.023201411589980125,0.0,0.0,6.532054976560175e-05,0.38733795285224915,0.39505367531091906,0.007650401908904314,0.0073474859818816185,0
21600,0.007347840815782547,0.007650851272046566,0.0005074044456705451,0.298326313495636,0.007347840815782547,0.023199856281280518,0.0,0.0,6.531966937473044e-05,0.3873447775840759,0.3950609485254972,0.007650851272046566,0.007347840815782547,0
21800,0.007352947723120451,0.007643804885447025,0.00047470370191149414,0.29885369539260864,0.007352947723120451,0.022566966712474823,0.0,0.0,6.525123171741143e-05,0.3873176872730255,0.39502674339018995,0.007643804885447025,0.007352947723120451,0
22000,0.007347585633397102,0.007650512736290693,0.0005064623546786606,0.30078697204589844,0.007347585633397102,0.023205021396279335,0.0,0.0,6.532003317261115e-05,0.3873390555381775,0.3950548883076408,0.007650512736290693,0.007347585633397102,0
22200,0.007347825448960066,0.007650664541870356,0.0005085967713966966,0.30002593994140625,0.007347825448960066,0.023196494206786156,0.0,0.0,6.532071711262688e-05,0.3873429298400879,0.3950589150990709,0.007650664541870356,0.007347825448960066,0
22400,0.007348063867539167,0.0076496535912156105,0.0005080420523881912,0.2977689802646637,0.007348063867539167,0.023117102682590485,0.0,0.0,6.53129318379797e-05,0.3873476982116699,0.3950626647347235,0.0076496535912156105,0.007348063867539167,0
22600,0.007354585453867912,0.007674004416912794,0.0005794430617243052,0.2872225046157837,0.007354585453867912,0.024014422670006752,0.0,0.0,6.542958726640791e-05,0.38735923171043396,0.39509866571461316,0.007674004416912794,0.007354585453867912,0
22800,0.007347804959863424,0.0076502286829054356,0.0005095811211504042,0.30118557810783386,0.007347804959863424,0.02317971922457218,0.0,0.0,6.531900726258755e-05,0.38734155893325806,0.3950571066234261,0.0076502286829054356,0.007347804959863424,0
23000,0.007348014973104,0.007650915998965502,0.0005122021539136767,0.3007061183452606,0.007348014973104,0.023204149678349495,0.0,0.0,6.532215047627687e-05,0.38734427094459534,0.3950605090940371,0.007650915998965502,0.007348014973104,0
23200,0.007348525803536177,0.007651897147297859,0.000517840962857008,0.2962374687194824,0.007348525803536177,0.023202382028102875,0.0,0.0,6.53206734568812e-05,0.3873548209667206,0.3950720387874753,0.007651897147297859,0.007348525803536177,0
23400,0.007348037324845791,0.007650984451174736,0.0005136288236826658,0.30138418078422546,0.007348037324845791,0.023211626335978508,0.0,0.0,6.53230890748091e-05,0.38734370470046997,0.3950600122407195,0.007650984451174736,0.007348037324845791,0
23600,0.007348312996327877,0.0076512424275279045,0.0005159405409358442,0.299824982881546,0.007348312996327877,0.023204611614346504,0.0,0.0,6.53218012303114e-05,0.3873489499092102,0.3950655141379684,0.0076512424275279045,0.007348312996327877,0
23800,0.00734853558242321,0.007653537672013044,0.0005186143680475652,0.29505181312561035,0.00734853558242321,0.02329239994287491,0.0,0.0,6.532458064612001e-05,0.3873528838157654,0.39507174606842455,0.007653537672013044,0.00734853558242321,0
24000,0.00764122512191534,0.007841166108846664,0.0013668211176991463,0.33660566806793213,0.00764122512191534,0.017942199483513832,0.0,0.0,6.736769864801317e-05,0.38753870129585266,0.39544723510334734,0.007841166108846664,0.00764122512191534,0
24200,0.007348372135311365,0.007651295512914658,0.0005177143611945212,0.30138057470321655,0.007348372135311365,0.023210719227790833,0.0,0.0,6.53241149848327e-05,0.3873477578163147,0.3950643774442142,0.007651295512914658,0.007348372135311365,0
24400,0.007348674349486828,0.00765132624655962,0.0005195153062231839,0.29948872327804565,0.007348674349486828,0.023187704384326935,0.0,0.0,6.532126280944794e-05,0.38735368847846985,0.3950703359878389,0.00765132624655962,0.007348674349486828,0
24600,0.007351683918386698,0.007666117046028376,0.0005203192704357207,0.28991326689720154,0.007351683918386698,0.02379625104367733,0.0,0.0,6.535568536492065e-05,0.3873392641544342,0.3950707368858275,0.007666117046028376,0.007351683918386698,0
24800,0.007358486298471689,0.007643743418157101,0.0005412513273768127,0.308158278465271,0.007358486298471689,0.02228911779820919,0.0,0.0,6.537625449709594e-05,0.3873719573020935,0.3950810769747477,0.007643743418157101,0.007358486298471689,0
25000,0.007348604034632444,0.0076515814289450645,0.0005214480333961546,0.30148014426231384,0.007348604034632444,0.023213399574160576,0.0,0.0,6.532463885378093e-05,0.38735076785087585,0.3950676739186747,0.0076515814289450645,0.007348604034632444,0
25200,0.007348846644163132,0.007651818450540304,0.0005232614348642528,0.30079185962677,0.007348846644163132,0.023211093619465828,0.0,0.0,6.532490806421265e-05,0.3873542547225952,0.39507139808119973,0.007651818450540304,0.007348846644163132,0
25400,0.007349350024014711,0.007656359113752842,0.0005265047075226903,0.29463091492652893,0.007349350024014711,0.023395759984850883,0.0,0.0,6.533439591294155e-05,0.3873576819896698,0.3950793754993356,0.007656359113752842,0.007349350024014711,0
25600,0.007354163099080324,0.007672323379665613,0.0005621284362860024,0.2971249222755432,0.007354163099080324,0.02406003512442112,0.0,0.0,6.541506445501e-05,0.38734912872314453,0.39508686716726515,0.007672323379665613,0.007354163099080324,0
25800,0.007348870858550072,0.007651845924556255,0.0005248109810054302,0.3020053207874298,0.007348870858550072,0.023215806111693382,0.0,0.0,6.532619590871036e-05,0.3873533606529236,0.39507053277338855,0.007651845924556255,0.007348870858550072,0
26000,0.007349097635596991,0.007652100641280413,0.0005265398067422211,0.30124208331108093,0.007349097635596991,0.023214608430862427,0.0,0.0,6.532629049615934e-05,0.3873567581176758,0.39507418504945235,0.007652100641280413,0.007349097635596991,0
26200,0.007349466439336538,0.007654646877199411,0.0005317676695995033,0.2966490089893341,0.007349466439336538,0.023317376151680946,0.0,0.0,6.532736733788624e-05,0.3873611092567444,0.3950810835012817,0.007654646877199411,0.007349466439336538,0
26400,0.0073830499313771725,0.007649545557796955,0.0005520550766959786,0.31024450063705444,0.0073830499313771725,0.021506980061531067,0.0,0.0,6.539938476635143e-05,0.387346476316452,0.39506142125901533,0.007649545557796955,0.0073830499313771725,0
26600,0.007349119987338781,0.007652136031538248,0.0005279838223941624,0.3026610314846039,0.007349119987338781,0.023220783099532127,0.0,0.0,6.532789848279208e-05,0.38735541701316833,0.3950728809431894,0.007652136031538248,0.007349119987338781,0
26800,0.007349394261837006,0.0076524000614881516,0.0005302989156916738,0.3016543686389923,0.007349394261837006,0.023214928805828094,0.0,0.0,6.532828410854563e-05,0.3873600959777832,0.3950778243233799,0.0076524000614881516,0.007349394261837006,0
27000,0.007349588442593813,0.007651714142411947,0.0005281324847601354,0.2980905771255493,0.007349588442593813,0.023143788799643517,0.0,0.0,6.53207753202878e-05,0.3873641788959503,0.39508121381368255,0.007651714142411947,0.007349588442593813,0
27200,0.007360405288636684,0.0076493388041853905,0.0005047610029578209,0.30144909024238586,0.007360405288636684,0.022423556074500084,0.0,0.0,6.527184450533241e-05,0.38733139634132385,0.3950460069900146,0.0076493388041853905,0.007360405288636684,0
27400,0.007349381223320961,0.007652430795133114,0.0005311995628289878,0.30315983295440674,0.007349381223320961,0.023223688825964928,0.0,0.0,6.532922998303548e-05,0.3873580992221832,0.3950758592472994,0.007652430795133114,0.007349381223320961,0
27600,0.007349611259996891,0.007652595639228821,0.0005327691906131804,0.3029245138168335,0.007349611259996891,0.02321781776845455,0.0,0.0,6.533064151881263e-05,0.387361079454422,0.39507900573516963,0.007652595639228821,0.007349611259996891,0
27800,0.007349888328462839,0.007653213106095791,0.0005363767850212753,0.30000337958335876,0.007349888328462839,0.02321796864271164,0.0,0.0,6.532879342557862e-05,0.38736793398857117,0.39508647588809254,0.007653213106095791,0.007349888328462839,0
28000,0.00735301012173295,0.00765196792781353,0.0005109934718348086,0.2998805344104767,0.00735301012173295,0.023111989721655846,0.0,0.0,6.528490484924987e-05,0.3873486816883087,0.3950659345209715,0.00765196792781353,0.00735301012173295,0
28200,0.007349735125899315,0.007652828004211187,0.0005346682737581432,0.30384561419487,0.007349735125899315,0.023227406665682793,0.0,0.0,6.533238047268242e-05,0.38736143708229065,0.3950795974669745,0.007652828004211187,0.007349735125899315,0
28400,0.007350072264671326,0.007652999833226204,0.0005378519417718053,0.3021763563156128,0.007350072264671326,0.02320895530283451,0.0,0.0,6.533164560096338e-05,0.38736823201179504,0.3950865634906222,0.007652999833226204,0.007350072264671326,0
28600,0.007355570327490568,0.0076443045400083065,0.0005220256862230599,0.30045604705810547,0.007355570327490568,0.02237732708454132,0.0,0.0,6.530530663440004e-05,0.38736802339553833,0.39507763324218104,0.0076443045400083065,0.007355570327490568,0
28800,0.007349899969995022,0.007653100416064262,0.000536901643499732,0.3043006360530853,0.007349899969995022,0.023234672844409943,0.0,0.0,6.533317355206236e-05,0.38736292719841003,0.39508136078802636,0.007653100416064262,0.007349899969995022,0
29000,0.007350151892751455,0.007653216365724802,0.0005382956005632877,0.30423280596733093,0.007350151892751455,0.023225203156471252,0.0,0.0,6.533485429827124e-05,0.3873659074306488,0.3950844586506719,0.007653216365724802,0.007350151892751455,0
29200,0.0073503851890563965,0.0076533532701432705,0.0005394439795054495,0.30162790417671204,0.0073503851890563965,0.02319943718612194,0.0,0.0,6.53305251034908e-05,0.38737207651138306,0.3950907603066298,0.0076533532701432705,0.0073503851890563965,0
29400,0.007351640611886978,0.007662142161279917,0.000532898644451052,0.29323452711105347,0.007351640611886978,0.023542290553450584,0.0,0.0,6.53386814519763e-05,0.38736093044281006,0.39508841128554195,0.007662142161279917,0.007351640611886978,0
29600,0.007350235711783171,0.007653443142771721,0.000539703294634819,0.3051008880138397,0.007350235711783171,0.023235490545630455,0.0,0.0,6.533588020829484e-05,0.3873659372329712,0.3950847162559512,0.007653443142771721,0.007350235711783171,0
29800,0.007350472267717123,0.007653585635125637,0.0005413884064182639,0.3046437203884125,0.007350472267717123,0.023226046934723854,0.0,0.0,6.533656414831057e-05,0.38736963272094727,0.3950885549202212,0.007653585635125637,0.007350472267717123,0
30000,0.007350861560553312,0.007655472029000521,0.0005446298164315522,0.3008846044540405,0.007350861560553312,0.02328610233962536,0.0,0.0,6.533854320878163e-05,0.3873760998249054,0.3950969103971147,0.007655472029000521,0.007350861560553312,0
30200,0.007350489497184753,0.007651940919458866,0.0005382891395129263,0.30623435974121094,0.007350489497184753,0.023139825090765953,0.0,0.0,6.533188570756465e-05,0.387367844581604,0.39508511738677043,0.007651940919458866,0.007350489497184753,0
30400,0.007350659929215908,0.007653881795704365,0.0005431082099676132,0.3055918514728546,0.007350659929215908,0.02323337458074093,0.0,0.0,6.533905980177224e-05,0.38737058639526367,0.3950898072507698,0.007653881795704365,0.007350659929215908,0
30600,0.007350974716246128,0.0076540252193808556,0.0005447427392937243,0.3035558760166168,0.007350974716246128,0.02321496047079563,0.0,0.0,6.533598207170144e-05,0.3873765766620636,0.39509593786351616,0.0076540252193808556,0.007350974716246128,0
30800,0.0073535689152777195,0.007665022276341915,0.0006202617078088224,0.29459476470947266,0.0073535689152777195,0.023629553616046906,0.0,0.0,6.543724157381803e-05,0.3874073624610901,0.3951378219790058,0.007665022276341915,0.0073535689152777195,0
31000,0.007350756321102381,0.00765410577878356,0.0005442200927063823,0.3063054382801056,0.007350756321102381,0.023241592571139336,0.0,0.0,6.533939449582249e-05,0.3873710036277771,0.3950904488010565,0.00765410577878356,0.007350756321102381,0
31200,0.007351030129939318,0.007654289249330759,0.0005456247017718852,0.3063615560531616,0.007351030129939318,0.023235036060214043,0.0,0.0,6.534154090331867e-05,0.38737407326698303,0.3950937040572171,0.007654289249330759,0.007351030129939318,0
31400,0.007351299747824669,0.007655446417629719,0.0005483876448124647,0.30272528529167175,0.007351299747824669,0.023266082629561424,0.0,0.0,6.533956184284762e-05,0.38738003373146057,0.39510081971093314,0.007655446417629719,0.007351299747824669,0
31600,0.007351121865212917,0.007656118832528591,0.0005469240713864565,0.29860660433769226,0.007351121865212917,0.023213215172290802,0.0,0.0,6.534295971505344e-05,0.3873814046382904,0.39510286643053405,0.007656118832528591,0.007351121865212917,0
31800,0.007357364054769278,0.007644881494343281,0.0005327096441760659,0.3127499520778656,0.007357364054769278,0.02237728424370289,0.0,0.0,6.534469866892323e-05,0.3873794674873352,0.3950896936803474,0.007644881494343281,0.007357364054769278,0
32000,0.0073511903174221516,0.007654570508748293,0.0005469323950819671,0.30737563967704773,0.0073511903174221516,0.02324163354933262,0.0,0.0,6.534253770951182e-05,0.3873750865459442,0.395094999592402,0.007654570508748293,0.0073511903174221516,0
32200,0.007351391017436981,0.007654732558876276,0.0005480549880303442,0.3073994219303131,0.007351391017436981,0.0232384130358696,0.0,0.0,6.534380372613668e-05,0.38737753033638,0.3950976066989824,0.007654732558876276,0.007351391017436981,0
32400,0.007351729553192854,0.007655916269868612,0.0005517406389117241,0.30421334505081177,0.007351729553192854,0.02325758896768093,0.0,0.0,6.534371641464531e-05,0.38738498091697693,0.3951062409032602,0.007655916269868612,0.007351729553192854,0
32600,0.007472306024283171,0.007705779280513525,0.0007706875330768526,0.32548266649246216,0.007472306024283171,0.01992201618850231,0.0,0.0,6.60061850794591e-05,0.387393981218338,0.395165766683931,0.007705779280513525,0.007472306024283171,0
32800,0.00735150370746851,0.007654947694391012,0.0005484643625095487,0.3084983229637146,0.00735150370746851,0.023245366290211678,0.0,0.0,6.534538260893896e-05,0.3873773515224457,0.39509764459944563,0.007654947694391012,0.00735150370746851,0
33000,0.007351714186370373,0.007655054796487093,0.0005499959224835038,0.3080233633518219,0.007351714186370373,0.023236580193042755,0.0,0.0,6.534533895319328e-05,0.3873809278011322,0.3951013279365725,0.007655054796487093,0.007351714186370373,0
33200,0.007352095562964678,0.007656903471797705,0.0005543012521229684,0.3045322895050049,0.007352095562964678,0.02329566515982151,0.0,0.0,6.534848944284022e-05,0.3873879015445709,0.39511015350581147,0.007656903471797705,0.007352095562964678,0
33400,0.007352147251367569,0.007660482544451952,0.0005607068887911737,0.30755242705345154,0.007352147251367569,0.023516805842518806,0.0,0.0,6.53649476589635e-05,0.38737744092941284,0.39510328842152376,0.007660482544451952,0.007352147251367569,0
33600,0.007351823151111603,0.00765530951321125,0.0005498994141817093,0.30929383635520935,0.007351823151111603,0.023245034739375114,0.0,0.0,6.534754356835037e-05,0.38738054037094116,0.39510119742772076,0.00765530951321125,0.007351823151111603,0
33800,0.007352178450673819,0.0076554520055651665,0.0005517057725228369,0.30784833431243896,0.007352178450673819,0.02322409301996231,0.0,0.0,6.534602289320901e-05,0.3873867392539978,0.3951075372824562,0.0076554520055651665,0.007352178450673819,0
34000,0.007381153292953968,0.007657356094568968,0.000568922667298466,0.30964621901512146,0.007381153292953968,0.021519197151064873,0.0,0.0,6.543215567944571e-05,0.38737791776657104,0.39510070601681946,0.007657356094568968,0.007381153292953968,0
34200,0.007351897656917572,0.0076554687693715096,0.0005496459198184311,0.3099953830242157,0.007351897656917572,0.023249344900250435,0.0,0.0,6.534734711749479e-05,0.38738059997558594,0.39510141609207494,0.0076554687693715096,0.007351897656917572,0
34400,0.007352185435593128,0.0076556517742574215,0.0005508784670382738,0.3101501166820526,0.007352185435593128,0.02324197255074978,0.0,0.0,6.534979183925316e-05,0.38738390803337097,0.39510490959946765,0.0076556517742574215,0.007352185435593128,0
34600,0.007352466695010662,0.0076550873927772045,0.0005524387233890593,0.3063206970691681,0.007352466695010662,0.023179830983281136,0.0,0.0,6.534189014928415e-05,0.3873905539512634,0.3951109832341899,0.0076550873927772045,0.007352466695010662,0
34800,0.00735414307564497,0.00765356607735157,0.0005332430591806769,0.3025858998298645,0.00735414307564497,0.022869238629937172,0.0,0.0,6.536688306368887e-05,0.3873923718929291,0.39511130485334434,0.00765356607735157,0.00735414307564497,0
35000,0.007352136541157961,0.007655743975192308,0.0005495078512467444,0.31104081869125366,0.007352136541157961,0.023250436410307884,0.0,0.0,6.534910789923742e-05,0.3873821496963501,0.39510324277944164,0.007655743975192308,0.007352136541157961,0
35200,0.007352402899414301,0.007655985653400421,0.0005515679949894547,0.31055527925491333,0.007352402899414301,0.02324329875409603,0.0,0.0,6.535067950608209e-05,0.387386679649353,0.39510801598225953,0.007655985653400421,0.007352402899414301,0
35400,0.007352907210588455,0.007659975904971361,0.0005548019544221461,0.30524343252182007,0.007352907210588455,0.02340610884130001,0.0,0.0,6.535750435432419e-05,0.3873896896839142,0.39511502309323987,0.007659975904971361,0.007352907210588455,0
35600,0.007587832398712635,0.007994045503437519,0.0014065552968531847,0.2784736156463623,0.007587832398712635,0.02927277982234955,0.0,0.0,6.759494863217697e-05,0.3874810039997101,0.3955426444517798,0.007994045503437519,0.007587832398712635,0
35800,0.007352316752076149,0.007655942812561989,0.0005490127950906754,0.3116966187953949,0.007352316752076149,0.023248203098773956,0.0,0.0,6.534957356052473e-05,0.3873838186264038,0.3951051110125263,0.007655942812561989,0.007352316752076149,0
36000,0.007352480199187994,0.007656089961528778,0.0005496878293342888,0.3117237985134125,0.007352480199187994,0.023245448246598244,0.0,0.0,6.535075954161584e-05,0.38738593459129333,0.39510737531236373,0.007656089961528778,0.007352480199187994,0
36200,0.007352832239121199,0.007655801717191935,0.0005513576907105744,0.3098181486129761,0.007352832239121199,0.023200927302241325,0.0,0.0,6.534775457112119e-05,0.38739317655563354,0.3951143260273966,0.007655801717191935,0.007352832239121199,0
36400,0.007491708733141422,0.007724171970039606,0.0008219023584388196,0.337403267621994,0.007491708733141422,0.019375531002879143,0.0,0.0,6.625561945838854e-05,0.3874644637107849,0.3952548913002829,0.007724171970039606,0.007491708733141422,0
36600,0.0073525928892195225,0.00765622453764081,0.0005486760637722909,0.31255751848220825,0.0073525928892195225,0.023246338590979576,0.0,0.0,6.535217835335061e-05,0.3873859643936157,0.3951075411096099,0.00765622453764081,0.0073525928892195225,0
36800,0.007352789398282766,0.007655797991901636,0.000549322459846735,0.3103959262371063,0.007352789398282766,0.02319498360157013,0.0,0.0,6.53474053251557e-05,0.3873923122882843,0.3951134576855111,0.007655797991901636,0.007352789398282766,0
37000,0.007352794054895639,0.007656450849026442,0.0005434688064269722,0.3073307275772095,0.007352794054895639,0.023179447278380394,0.0,0.0,6.534709973493591e-05,0.38739144802093506,0.39511324596969644,0.007656450849026442,0.007352794054895639,0
37200,0.007369680795818567,0.007647658232599497,0.0005407091230154037,0.3154355585575104,0.007369680795818567,0.021889055147767067,0.0,0.0,6.538160960189998e-05,0.3873973786830902,0.3951104185252916,0.007647658232599497,0.007369680795818567,0
37400,0.007352584041655064,0.007656420581042767,0.0005472424672916532,0.3128405213356018,0.007352584041655064,0.02325516752898693,0.0,0.0,6.535091961268336e-05,0.38738587498664856,0.395107646487304,0.007656420581042767,0.007352584041655064,0
37600,0.007352692540735006,0.007656351197510958,0.0005469222087413073,0.31301411986351013,0.007352692540735006,0.023245928809046745,0.0,0.0,6.535090506076813e-05,0.38738706707954407,0.3951087691821158,0.007656351197510958,0.007352692540735006,0
37800,0.007352836430072784,0.007656348403543234,0.0005473571945913136,0.31259167194366455,0.007352836430072784,0.023235058411955833,0.0,0.0,6.535050488309935e-05,0.3873896896839142,0.3951113885923405,0.007656348403543234,0.007352836430072784,0
38000,0.007353023625910282,0.007655968889594078,0.0005482931737788022,0.31082117557525635,0.007353023625910282,0.02318408340215683,0.0,0.0,6.534821295645088e-05,0.38739490509033203,0.39511622219288256,0.007655968889594078,0.007353023625910282,0
38200,0.007355238776654005,0.0076577127911150455,0.0006005508475936949,0.3055078089237213,0.007355238776654005,0.02313336730003357,0.0,0.0,6.539616879308596e-05,0.387418270111084,0.3951413790709921,0.0076577127911150455,0.007355238776654005,0
38400,0.007352721877396107,0.007656386587768793,0.0005448239971883595,0.31362196803092957,0.007352721877396107,0.02324666641652584,0.0,0.0,6.535079592140391e-05,0.3873864412307739,0.3951081786144641,0.007656386587768793,0.007352721877396107,0
38600,0.007352842483669519,0.007656462956219912,0.0005455389036796987,0.31333550810813904,0.007352842483669519,0.023242132738232613,0.0,0.0,6.535091233672574e-05,0.38738876581192017,0.3951105796804768,0.007656462956219912,0.007352842483669519,0
38800,0.007353032473474741,0.007656448520720005,0.0005461603868752718,0.3127598762512207,0.007353032473474741,0.023226959630846977,0.0,0.0,6.535057036671788e-05,0.3873921036720276,0.3951139027631143,0.007656448520720005,0.007353032473474741,0
39000,0.0073533994145691395,0.007659043651074171,0.0005637957365252078,0.3078756034374237,0.0073533994145691395,0.023334281519055367,0.0,0.0,6.536558794323355e-05,0.38740190863609314,0.39512631787511054,0.007659043651074171,0.0073533994145691395,0
39200,0.007439156994223595,0.0076899658888578415,0.0007812953554093838,0.32647842168807983,0.007439156994223595,0.02040489763021469,0.0,0.0,6.575279985554516e-05,0.38742130994796753,0.3951770286366809,0.0076899658888578415,0.007439156994223595,0
39400,0.007352911867201328,0.007656523492187262,0.0005433735204860568,0.314199298620224,0.007352911867201328,0.02324526198208332,0.0,0.0,6.535185093525797e-05,0.38738784193992615,0.39510971728304867,0.007656523492187262,0.007352911867201328,0
39600,0.0073530967347323895,0.007656489964574575,0.0005441912217065692,0.31229686737060547,0.0073530967347323895,0.023220451548695564,0.0,0.0,6.534854037454352e-05,0.3873933255672455,0.3951151640721946,0.007656489964574575,0.0073530967347323895,0
39800,0.007353426888585091,0.0076553537510335445,0.0005367342964746058,0.3092555105686188,0.007353426888585091,0.023104550316929817,0.0,0.0,6.534236308652908e-05,0.38739603757858276,0.39511673369270284,0.0076553537510335445,0.007353426888585091,0
40000,0.007352815940976143,0.007656657602638006,0.0005420056986622512,0.3140924870967865,0.007352815940976143,0.02325848676264286,0.0,0.0,6.535033026011661e-05,0.38738682866096497,0.3951088365938631,0.007656657602638006,0.007352815940976143,0
40200,0.007352997083216906,0.0076565551571547985,0.0005425838171504438,0.3140271008014679,0.007352997083216906,0.02324139140546322,0.0,0.0,6.535105785587803e-05,0.38738957047462463,0.3951114766896353,0.0076565551571547985,0.007352997083216906,0
40400,0.007353154011070728,0.007656706962734461,0.0005418776418082416,0.3125036060810089,0.007353154011070728,0.023233629763126373,0.0,0.0,6.534809654112905e-05,0.38739287853240967,0.39511493359168526,0.007656706962734461,0.007353154011070728,0
40600,0.007353503257036209,0.007655373774468899,0.0005470538162626326,0.30761441588401794,0.007353503257036209,0.023067599162459373,0.0,0.0,6.534915155498311e-05,0.3874043822288513,0.3951251051548752,0.007655373774468899,0.007353503257036209,0
40800,0.007352856919169426,0.007656532805413008,0.0005403989343903959,0.31421172618865967,0.007352856919169426,0.023248305544257164,0.0,0.0,6.534975545946509e-05,0.38738733530044556,0.39510921786131803,0.007656532805413008,0.007352856919169426,0
41000,0.007352991960942745,0.007656473200768232,0.0005406364798545837,0.31417950987815857,0.007352991960942745,0.023238634690642357,0.0,0.0,6.534983549499884e-05,0.38738930225372314,0.3951111252899864,0.007656473200768232,0.007352991960942745,0
41200,0.007353097666054964,0.007656536065042019,0.000541557208634913,0.31289681792259216,0.007353097666054964,0.0232283603399992,0.0,0.0,6.534837302751839e-05,0.3873929977416992,0.39511488217976876,0.007656536065042019,0.007353097666054964,0
41400,0.0073531875386834145,0.007655535824596882,0.0005398012581281364,0.31231433153152466,0.0073531875386834145,0.023156410083174706,0.0,0.0,6.534520070999861e-05,0.38739484548568726,0.39511572651099414,0.007655535824596882,0.0073531875386834145,0
41600,0.007353208959102631,0.007656948175281286,0.0005444021080620587,0.30845287442207336,0.007353208959102631,0.02318263053894043,0.0,0.0,6.535030115628615e-05,0.3873993158340454,0.395121614310483,0.007656948175281286,0.007353208959102631,0
41800,0.007471866440027952,0.00770816532894969,0.000750834122300148,0.32829633355140686,0.007471866440027952,0.019911350682377815,0.0,0.0,6.596254388568923e-05,0.3873882293701172,0.39516235724295257,0.00770816532894969,0.007471866440027952,0
42000,0.007352908607572317,0.007656381465494633,0.0005378419300541282,0.31448864936828613,0.007352908607572317,0.023239275440573692,0.0,0.0,6.534902786370367e-05,0.3873877227306366,0.39510945322399493,0.007656381465494633,0.007352908607572317,0
42200,0.007353148423135281,0.0076562222093343735,0.0005405506817623973,0.31243598461151123,0.007353148423135281,0.023206355050206184,0.0,0.0,6.534650310641155e-05,0.3873947560787201,0.3951163247911609,0.0076562222093343735,0.007353148423135281,0
42400,0.007354761473834515,0.007666368503123522,0.0005361714866012335,0.30449455976486206,0.007354761473834515,0.023669540882110596,0.0,0.0,6.537100853165612e-05,0.3873848617076874,0.39511660121934256,0.007666368503123522,0.007354761473834515,0
42600,0.007352783344686031,0.007657880429178476,0.0005398468929342926,0.3136952817440033,0.007352783344686031,0.023330023512244225,0.0,0.0,6.535187276313081e-05,0.3873860538005829,0.3951092861025245,0.007657880429178476,0.007352783344686031,0
42800,0.007352833636105061,0.007656264118850231,0.0005361934890970588,0.31421998143196106,0.007352833636105061,0.023235879838466644,0.0,0.0,6.534713611472398e-05,0.38738760352134705,0.395109214776312,0.007656264118850231,0.007352833636105061,0
43000,0.007353062275797129,0.007656277623027563,0.0005371169536374509,0.3126155436038971,0.007353062275797129,0.02321224845945835,0.0,0.0,6.53454044368118e-05,0.3873930275440216,0.395114650571486,0.007656277623027563,0.007353062275797129,0
